{
    "name": "My Girl",
    "artist": [
        "山田涼介",
        "有岡大貴"
    ],
    "producer": [
        {
            "label": "作詞",
            "value": [
                "Vabdrythem"
            ]
        },
        {
            "label": "作曲",
            "value": [
                "川口進",
                "MiNE",
                "AtsushiShimada"
            ]
        }
    ],
    "lrc": [
        "(Ah, You know what's up)",
        "Give it up, give it up, yeah",
        "I let you know she's my baby",
        "Give it up, give it up, yeah",
        "I let you know she's my baby",
        "",
        "",
        "なんて言おうとも　何も変わらないさ",
        "She's my girl (She's my girl)",
        "She's my babe (She's my babe)",
        "渡しはしないよ　My love",
        "you know 彼女と僕との間を Can't you see? 邪魔は出来ない",
        "So just stop (just stop) and go(Justgo)",
        "僕たちは離れない",
        "(I don't really care)",
        "誰よりも近くで(Ah)守ると決めたんだ（Yes）",
        "離さない(No) 渡さない いつまでもSheis my baby",
        "あの眩しい笑顔をただ見ているなんて出来ないから",
        "今引き寄せよう　(Listen up she is my...)",
        "",
        "もう誰にも渡しはしない Forever &amp;everShe's my girl",
        "どんな時も変わりはしない Forever &amp;ever",
        "ずっとShe's my girl",
        "",
        "Ah, you know そんな言葉いくら並べて",
        "Can't you see? 揺らぎはしない",
        "So, just stop(Juststop)justgo(justgo)",
        "僕たちは変わらない",
        "あの瞳　覗けば分かるでしょ？",
        "She's my girl (She's my girl)",
        "She's my babe (She's my babe)",
        "嘘はつかないよ　Her eyes (But you don't know)",
        "",
        "一目見た時から(Ah) 気持ちは揺るがない　(Yes)",
        "そばにいたい(No) 守りたい　誓えるよSheis my baby",
        "誰よりも彼女のそば　弾む笑い声聞いてたいから",
        "諦めはしない(Listenup, she is my...)",
        "",
        "何があっても譲れはしない Forever &amp;ever",
        "She's my girl",
        "この気持ちは揺るぎはしない Forever &amp;ever",
        "ずっとShe's my girl",
        "",
        "渡しはしない My baby 誰にも譲れはしないぜ　僕のLady",
        "Yeah そばにいたい　こんなWeekend 重ね合うFeeling それが",
        "Reason",
        "そうなんて言おうがきっと一緒　誰も邪魔は出来ないこのDistance",
        "どれだけ足掻いたって変わりはしない",
        "",
        "僕だけを見て　僕だけを見て",
        "",
        "もう誰にも渡しはしない　Forever &amp;ever",
        "She's my girl",
        "どんな時も変わりはしない",
        "ずっとForever &amp;ever",
        "She's my girl",
        ""
    ]
}