{
    "name": "Napa Napa",
    "artist": [
        "山田涼介",
        "伊野尾慧"
    ],
    "producer": [
        {
            "label": "作詞",
            "value": [
                "Atsushi Shimada",
                "MORISHIN"
            ]
        },
        {
            "label": "作曲",
            "value": [
                "Erik Lidbom",
                "SAMDELL"
            ]
        }
    ],
    "lrc": [
        "最上級の Funky boys",
        "アゲてけ Party girls",
        "俺ら二人で 無限大超えて 弾けよう",
        "刺激求めて Hands up! Get it out! 感情燃やして",
        "溶かしてく Hot もっと Hot 混ざり合おうよ",
        "Boom Bu Boom Boom Bu Boom Boom",
        "ハチャメチャ ナパナパ 弾けよう",
        "",
        "淑やかなキミだけど 今夜だけ Unstoppable",
        "癖になるくらいに オモチャにしてあげよう",
        "揺れて跳ねてイキましょう コ・ヨ・イ・ハ",
        "",
        "Step...",
        "",
        "NaParty",
        "",
        "超ド級に Hanging out",
        "アゲてけ No pressure 混ざり合おうよ",
        "Boom Bu Boom Boom Bu Boom Boom",
        "ハチャメチャ ナパナパ 弾けよう",
        "",
        "欲張りなキミだから 今夜ほら Unstoppable",
        "癖になるくらいに オモチャにしてあげよう",
        "揺れて跳ねてイキましょう コ・ヨ・イ・ハ",
        "",
        "Step...",
        "",
        "For you 君のために最高な Flight",
        "ごきげんなタイミングで Chu だって Try",
        "そうさ今さ 目をつぶって そのままで…",
        "",
        "呆れるくらいに 踊り明かそう Tonight",
        "覚めない夢のように Tonight",
        "Wow Wow Wow Wow Wow",
        "廻れ廻れ Merry-go-round 世界の果てまで コ・ヨ・イ・ハ",
        "",
        "Step...",
        "",
        "NaParty",
        ""
    ]
}