{
    "name": "Oh!アイドル!",
    "artist": [
        "愛追I隊"
    ],
    "producer": [
        {
            "label": "作詞",
            "value": [
                "SRI"
            ]
        },
        {
            "label": "作曲",
            "value": [
                "SRI"
            ]
        }
    ],
    "lrc": [
        "ニッポンの誇り アイドル",
        "キラキラしたり アイドル",
        "君の声を聞かせてよ 叫んでください",
        "(アイドル! アイドル!)",
        "",
        "だってアイドルじゃない ちょっと派手に着飾って",
        "白馬に乗って キミをさらいに行くから",
        "",
        "A・I・O ギュッとしたいよ",
        "I wanna hold you tight! トキメキの中へ行こう",
        "",
        "ニッポンの誇り アイドル (アイドル!)",
        "キラキラしたり アイドル (アイドル!)",
        "もっとみてよ (アリー!)",
        "みつめてよ (イーノ!)",
        "こっち来てよ (オカモトケイト!)",
        "",
        "24時間 アイドル (アイドル!)",
        "もう止まらない アイドル (アイドル!)",
        "歌うのさ (シンギン)",
        "踊るのさ (ダンシン!)",
        "君のために",
        "でもね 時には寂しいんだよ",
        "だからみんなの笑顔で 僕らは輝く",
        "",
        "イケメン集団やってきた (アイドル!)",
        "私の愛を追いかけて",
        "",
        "パッと振り返る 僕ら街を歩いたら",
        "サングラスかけて 熱い想い隠しても",
        "",
        "A・I・O キスはヤバイぜ",
        "I wanna kiss you tight! ドキドキしたいのかい?",
        "",
        "ニッポンの鏡 アイドル (アイドル!)",
        "キラキラ光る アイドル (アイドル!)",
        "もっとみてよ (アリー!)",
        "みつめてよ (イーノ!)",
        "こっち来てよ (オカモトケイト!)",
        "",
        "24時間 アイドル (アイドル!)",
        "もう止まらない アイドル (アイドル!)",
        "歌うのさ (シンギン!)",
        "踊るのさ (ダンシン!)",
        "愛のために",
        "でもね 時には寂しいんだよ",
        "だからみんなの笑顔で ハートに火をつけて",
        "",
        "I want you, I need you, so love you, はなさない!",
        "Yeah! Yeah! Yeah! Yeah!",
        "",
        "Yeah Yeah Yeah",
        "俺達そう、永遠のアイドル",
        "なんでも出来る、生粋のアイドル",
        "日本の未来を支えるアイドル",
        "あっあっああっあっあっあアイドル",
        "愛追I隊 (愛追I隊)",
        "移動はいつでも Hop Step Jump",
        "趣味はプチプチ Pop Pop Pop",
        "未来のドアを Knock Knock Knock",
        "Love &amp; Chase 愛追I隊",
        "俺らの愛 ささげ隊",
        "未来の君に 追いつき隊",
        "We are the 愛追I隊",
        "おいで",
        "",
        "キミに歌うよ アイドル (アイドル!)",
        "キミにあげるよ アイドル (アイドル!)",
        "そしていつか (アリー!)",
        "またここで (イーノ!)",
        "愛し合おう (オカモトケイト!)",
        "",
        "24時間 アイドル (アイドル!)",
        "もう止まらない アイドル (アイドル!)",
        "歌うのさ (シンギン!)",
        "踊るのさ (ダンシン!)",
        "君のために",
        "でもね 時には寂しいんだよ",
        "だからみんなの笑顔で 僕らは輝く",
        "",
        "「君が太陽なら、僕は...洗濯物A・I・O 愛追I隊」",
        "",
        "アイドル! アイドル",
        ""
    ]
}