{
    "name": "PINK",
    "artist": [
        "八乙女光"
    ],
    "producer": [
        {
            "label": "作詞",
            "value": [
                "Taka Ruscar"
            ]
        },
        {
            "label": "作曲",
            "value": [
                "STEVEN LEE",
                "ANDREAS OBERG",
                "Jesper Naenfeldt",
                "Henrik Liljequist"
            ]
        }
    ],
    "lrc": [
        "今も続いてく平行線",
        "手に入れるため接近中",
        "君だけのColor, 今から",
        "欲望の街でRendezvous",
        "あくまで冷静 さぁ、ついてきなLady",
        "その手を引いたら進行形",
        "終わりのないようなシーソーゲーム",
        "",
        "グラスの残りを飲み干したら",
        "今すぐに君を連れ出すよ",
        "",
        "Hold up, なら君はどうしたい?",
        "お互いの気持ちは明解",
        "そのキスで酔わせてStay high Yeah",
        "",
        "ただそばにいてPINK",
        "また深みにハマってく",
        "君が欲しくなってる",
        "Woo…",
        "本能のまま 衝動に任せて",
        "もっとトキメキ",
        "Shake, Shake Shake it, Shake, Woo",
        "So シゲキテキ",
        "Shake it baby",
        "僕だけのPINK",
        "口実もいらない",
        "その全て 僕の手で染めたいよ",
        "",
        "下降線?サドンデス?",
        "あとどれくらいの可能性?",
        "見たいColor, まだまだ",
        "そっと引き寄せFeeling you",
        "装った平然 したことない経験",
        "日付変わっても延長戦",
        "なら気の済むまでPlay your game",
        "",
        "触れた指先を絡めたら",
        "人目を盗んで抜け出すよ",
        "",
        "Don't stop 戸惑いは隠せない",
        "もう気にもしないよ体裁",
        "このまま越えていく限界 Yeah",
        "",
        "全て見せてPINK",
        "間違いだって分かってる",
        "今君を奪ってく",
        "Woo…",
        "触れる肌が 理性も壊して",
        "もっとゲキテキ",
        "Shake, Shake Shake it, Shake, Woo",
        "So キセキテキ",
        "Shake it baby",
        "今すぐにPINK",
        "あどけない笑顔の",
        "裏側を 今夜は見てみたいよ",
        "",
        "Let's go",
        "もう言い訳なんて必要ない",
        "もっとそばにおいでAlright",
        "駆け引きなら興味はない",
        "ただ君といたい もう離さない",
        "",
        "だから今夜は",
        "もう帰さないよ",
        "その胸の寂しさも",
        "僕に預けて",
        "",
        "ただそばにいてPINK",
        "また深みにハマってく",
        "君が欲しくなってる",
        "Woo…",
        "本能のまま 衝動に任せて",
        "もっとトキメキ",
        "Shake, Shake Shake it, Shake, Woo",
        "So シゲキテキ",
        "Shake it baby",
        "僕だけのPINK",
        "口実もいらない",
        "その全て 僕の手で染めたいよ",
        ""
    ]
}