{
    "name": "Tic Tac～僕らのハーモニー～",
    "artist": [
        "NYC"
    ],
    "producer": [
        {
            "label": "作詞",
            "value": [
                "CANNA"
            ]
        },
        {
            "label": "作曲",
            "value": [
                "Shusui",
                "Dr Hardcastle"
            ]
        }
    ],
    "lrc": [
        "Tic Tac はやる気持ち抑えて",
        "徐々に 君のトコへ向かって",
        "",
        "針はただ正確に 時を刻み",
        "君を想えば自然と 速度を上げてく",
        "",
        "Tic Tac Tic Tac",
        "ねぇ 君も今僕と 同じ気持ちで",
        "逢えたなら 照れないで",
        "「愛してる」って伝えよう",
        "ねぇ 改札の前で 僕に手を振った",
        "嬉しくて 駆けよって",
        "思いっ切りギュッと抱いた",
        "",
        "Tic Tac 街は音を忘れて",
        "二人だけの足音 響いて",
        "",
        "それはただ不規則に 鳴り続けて",
        "肩を寄せれば自然と 僕らのハーモニー",
        "",
        "Tic Tac Tic Tac",
        "さぁ 君と手をつなぎ 家まで歩こう",
        "この胸の ドキドキは",
        "いつまでも鳴り止まない",
        "君と描いてく 幸せな日々",
        "温かく ゆるやかな",
        "メロディに声を合わせ",
        "",
        "ここで 立ち止まらず振り返らず",
        "いつかは 時がきて・・",
        "",
        "街はTic Tacと 時を刻んで",
        "この想い 永遠に 君とここで・・",
        "",
        "さぁ 君と腕組んで 駅まで歩こう",
        "この胸の トキメキは",
        "いつまでも忘れないよ",
        "君と描いてく 幸せな日々",
        "温かく ゆるやかな",
        "メロディに歌をのせて",
        "",
        "君もまた僕と 同じ気持ちで",
        "逢えたなら 照れないで",
        "「愛してる」って伝えよう",
        ""
    ]
}