{
    "name": "ゆめのタネ",
    "artist": [
        "NYC"
    ],
    "producer": [
        {
            "label": "作詞",
            "value": [
                "石川絵理"
            ]
        },
        {
            "label": "作曲",
            "value": [
                "馬飼野康二"
            ]
        }
    ],
    "desc": [
        "忍たま乱太郎 ED"
    ],
    "lrc": [
        "もし願いごとみつけて",
        "絶対かなえてみせるってきめたら",
        "心の大地に いますぐタネまこう",
        "元気な太陽と 希望は雨のように",
        "",
        "あの空に届くほど 大きな樹育てたら",
        "星の数ほど花が 咲いてそして 夢がなるよ",
        "みんなと手のばして つかみとろう",
        "笑顔と笑顔がこぼれるよ",
        "",
        "きっと転ぶことだってある",
        "絶対泣いたりしないってゆびきり",
        "ぼくらも今は 小さなタネだけど",
        "色とりどりの夢 未来を信じてる",
        "",
        "どんなことできるかな あんなことやれるかな",
        "君だってできるはずさ 誰もできないことをやろう",
        "つらくても 逃げたりしたくはない",
        "そしてまた“ゆめのタネ”まこう",
        "",
        "あの空に届くほど 大きな樹育てたら",
        "星の数ほど花が 咲いてそして 夢がなるよ",
        "みんなと手のばして つかみとろう",
        "笑顔と笑顔がこぼれるよ",
        ""
    ]
}