{
    "name": "アナザーワールド～未来の僕らへ～",
    "artist": [
        "NYC"
    ],
    "producer": [
        {
            "label": "作詞",
            "value": [
                "Shusui",
                "Daichi",
                "miyakei"
            ]
        },
        {
            "label": "作曲",
            "value": [
                "Shusui",
                "Daichi"
            ]
        }
    ],
    "lrc": [
        "この目に映っている 世界の色は",
        "他の誰かとちょっと 違っているのかな?",
        "繋がっていたいけど かかわりたくない",
        "だから今日もそっと 席を立って",
        "",
        "I know ホントはこんなのは",
        "違うんだって思うよ",
        "本音でぶつかって",
        "やっと見える景色があるんだと",
        "",
        "Go! アナザーワールド",
        "ありふれてる 孤独だなんて思わないで",
        "Yes! アナザーワールド",
        "同じ雲は二度と見られないように",
        "それぞれ世界を持ち寄る僕たちで",
        "そう境界線 超えて行こう",
        "未来駆け抜けて",
        "",
        "確かめたいけれど 留まりたくない",
        "そしていつかきっと 辿りつきたい",
        "",
        "そうさ 傷つき学ぶのは",
        "怖いかもって思うよ",
        "それでもぶつかることを",
        "やめない僕たちでいたいよ",
        "",
        "Go! アナザーワールド",
        "遠回りの理想だなんて思わないで",
        "Yes! アナザーワールド",
        "今の僕ら 生まれ変わってゆくように",
        "流れる時間に負けずに僕たちは",
        "そうどこまでも 行けるから",
        "今を塗り替えて",
        "",
        "風が吹いて 雲が変わる",
        "ココロ震えて 握った拳を 空へ突き上げた",
        "",
        "Go! アナザーワールド",
        "ありふれてる 孤独だなんて思わないよ",
        "Yes! アナザーワールド",
        "同じ僕ら二度と見られないように",
        "それぞれ世界を作り出す僕たち",
        "そう境界線 超えて行こう",
        "未来駆け抜けて",
        "何度でも時を駆け抜けて",
        ""
    ]
}