{
    "name": "流星の詩",
    "artist": [
        "薮宏太"
    ],
    "producer": [
        {
            "label": "作詞",
            "value": [
                "RT2"
            ]
        },
        {
            "label": "作曲",
            "value": [
                "takarot",
                "ANDREW Choi",
                "DEEZ"
            ]
        }
    ],
    "lrc": [
        "逢いたいのさ Oh…",
        "",
        "君への想い 夜空に映して",
        "消えることなく 永遠に輝いて",
        "流れ落ちていく 星に願いを",
        "抱いた季節 遠いあの日の記憶",
        "",
        "いま会いたくて 君のことだけいつも考えているのさ",
        "空を見上げて 星に描く",
        "ふたりの未来を (彩りを)解き放て",
        "",
        "君と奏でた 流星の詩",
        "宇宙に浮かべた 永遠の誓い",
        "時を超えてみても 変わらぬ愛で君を包もう",
        "どんなに離れていても",
        "「会いたい」と囁いた 彗星の願い",
        "夢の中でも逢いたくて",
        "切ないこの気持ち 風に揺られて遠くまで",
        "ふたり恋した日 照らすように",
        "",
        "君に出逢えて 全てが煌めいて",
        "寂しかった過去は 月に寄り添って",
        "世界でただひとりの 君の代わりはいないよ",
        "果てない空 光が僕らを超え",
        "",
        "遠い銀河で 瞳見つめ合えたら始まるストーリー",
        "君が流した 星の雫",
        "胸に溶けてくよ (温もりを)思い出す",
        "",
        "君と見つけた 幾千の星",
        "宇宙の彼方へ 架ける橋",
        "歩んだその先に ふたりの夢で時を刻もう",
        "巡り逢えた奇跡を",
        "",
        "儚い想いは 何度でも 僕が受け止めよう",
        "君の悲しみを 共に越えて行こう",
        "降り注ぐ星はいつも 永遠の愛へ",
        "",
        "ずっと ずっと 僕は 君のこと",
        "愛してるから",
        "",
        "君と奏でた 流星の詩",
        "宇宙に浮かべた 永遠の誓い",
        "時を超えてみても 変わらぬ愛で君を包もう",
        "どんなに離れていても",
        "「会いたい」と囁いた 彗星の願い",
        "夢の中でも逢いたくて",
        "溢れるこの気持ち 夜空に捧ぐ祈りだけ",
        "風に乗せて そっと 叶うように",
        ""
    ]
}