{
    "name": "条件反射",
    "artist": [
        "伊野尾慧"
    ],
    "producer": [
        {
            "label": "作詞",
            "value": [
                "葉月トミヤ"
            ]
        },
        {
            "label": "作曲",
            "value": [
                "HIKARI",
                "Kevin Charge"
            ]
        }
    ],
    "lrc": [
        "だらしない キミは嫌い 躾けなくちゃ",
        "(オノゾミノママニ)",
        "聞こえない やり直し Tell me what you want",
        "(So crazy, Harder, Faster, Deeper, more)",
        "",
        "何食わぬ顔してお好きね",
        "理性を脱がせば結局雄だね",
        "(Let's go, Tonight's the night It's gonna be alright)",
        "本能に抗う必要はない",
        "",
        "愛を囁くなんてもうナンセンスだよ",
        "",
        "Oh Baby",
        "欲しがって もっと狂おしく 生まれたままの姿で",
        "刷り込んだ条件反射で 背徳に悶えながら",
        "",
        "「この街に吹き溜まる闇 深夜2時」 キミは思い通り",
        "「針の穴程度の道徳」 快楽に堕とされるまま",
        "",
        "Tonight, we own the night",
        "",
        "縄でもいい くくりつけ 放し飼いはしない",
        "(ホントヨウシャナイネ)",
        "媚びた目で 見てもダメ Tell me what you want",
        "(Bowwow, Give me more)",
        "",
        "Iを貫く方が気持ちがいいでしょ",
        "",
        "Oh Baby",
        "鳴いてみて もっといじらしく 思考回路飛び越えて",
        "ありのまま条件反射で 我慢なんて無理だから",
        "",
        "「この街に吹き溜まる闇 深夜2時」 キミは思い通り",
        "「針の穴程度の道徳」 快楽に堕とされるまま",
        "",
        "君無シジャイラレナイ",
        "",
        "だらしない キミは嫌い 躾けなくちゃ",
        "(ドウナッタッテカマワナイ)",
        "空っぽの 皿を見て 悦んで",
        "",
        "欲しがって もっと狂おしく 生まれたままの姿で",
        "刷り込んだ条件反射で 背徳に悶えながら",
        "",
        "「この街に吹き溜まる闇 深夜2時」 キミは思い通り",
        "「針の穴程度の道徳」 快楽に堕とされるまま",
        ""
    ]
}