{
    "name": "瞳のスクリーン",
    "release": "2010.02.24",
    "type": "Single",
    "info": [],
    "group": [
        {
            "version": "初回限定盤",
            "CD": [
                "瞳のスクリーン",
                {
                    "name": "輝きデイズ",
                    "Singer": [
                        "Hey! Say! 7"
                    ]
                }
            ],
            "DVD": [
                {
                    "name": "瞳のスクリーン",
                    "type": [
                        "Video Clip & Making"
                    ]
                }
            ],
            "cover": "/material/AMIfv95XmaogYV79KCYHdL3iigVdkkXCqWJxhp7NUbt1eBvxRasCw56_aO7ou6D9EEWlTsJ4ceiibQwzKZMuRpq0YHNOIbQFPk-NZYB_8KkCnqQIZt9yNXTBsT_Z3i1OIh8-V7F7WK3qVPYvFZVSo8VAcXAIXfIj1wJlS6TSqNssLL0edbVOhIQ?c=0&m=image%2Fjpeg",
            "disk": [
                "CD+DVD"
            ]
        },
        {
            "version": "通常盤",
            "CD": [
                "瞳のスクリーン",
                {
                    "name": "輝きデイズ",
                    "Singer": [
                        "Hey! Say! 7"
                    ]
                },
                "Romeo & Juliet",
                "瞳のスクリーン（オリジナル・カラオケ）",
                "輝きデイズ（オリジナル・カラオケ）",
                "Romeo & Juliet（オリジナル・カラオケ）"
            ],
            "cover": "/material/AMIfv973IrHddQmKTs0HYfiv-toI1jiaIOXjPUwI6gkzQZWKnNfp7nljjl0FWkFqcFIP73s7FhzmV-1Pw7IjKn8t6tgbThRHC1VcKpJfZujxsKf34Z3odMSFnUBQDOtW0WTc8rqgKR1bO--RTAg-UcgrYeP7B-B3QHAIpSRe3FafXkCSrPCP7Q8?c=0&m=image%2Fjpeg",
            "disk": [
                "CD"
            ]
        }
    ],
    "desc": [],
    "ohterCovers": []
}