{
    "name": "Magic Power",
    "release": "2011.09.21",
    "type": "Single",
    "info": [],
    "group": [
        {
            "version": "初回限定盤1",
            "coverInfo": "初回限定盤1左：ジャケット／右:ピクチャーレーベル",
            "cover": "/material/AMIfv94Hvq_MRbVZWvdQCuR_NcP0LftBh5zzRmGf5RBL32Ol1ReYFmdACuxzvAqHzV5oonQhTPBb434xCMuV1Bzm0591-CQa7Pj764qwIZfYrTXbpGlvVDe4TEQhD2VYswh45-Jm9VXbCXmwkXsUj00WsYi8JdLbY8U047dcV5zx_Wqew_87V4Q?c=0&m=image%2Fjpeg",
            "info": [
                "《初回限定盤1仕様》",
                "※ピクチャーレーベル"
            ],
            "CD": [
                "Magic Power",
                {
                    "name": "スクールデイズ",
                    "Singer": [
                        "Hey! Say! BEST"
                    ]
                }
            ],
            "DVD": [
                {
                    "name": "Magic Power",
                    "type": [
                        "Video Clip & Making"
                    ]
                }
            ],
            "disk": [
                "CD+DVD"
            ]
        },
        {
            "version": "初回限定盤2",
            "coverInfo": "初回限定盤2左：ジャケット／右:ピクチャーレーベル",
            "cover": "/material/AMIfv94yzgZlwVE1TYlXmoIdeABtUGRhdDD2SRKmTyW5ceHJZcE8qE1dICtxEQ_wBNz6NSQE79Mp-cP4jQc8xu3w_3wLpZDFgu8Gn-ejDj4IBGzRq1j_5b-cnPqD_VCBinrGyK5W0I21ThShRg6xETmU98DYyDjQE_7hboQQG4LLGcwDBkj_cH4?c=0&m=image%2Fjpeg",
            "info": [
                "《初回限定盤2仕様》",
                "※ピクチャーレーベル"
            ],
            "CD": [
                "Magic Power",
                {
                    "name": "GET!!",
                    "Singer": [
                        "Hey! Say! 7"
                    ]
                }
            ],
            "DVD": [
                {
                    "name": "Hey! Say! JUMP ｢勇気100%」全国ツアーより名古屋ガイシホール公演のライブ映像（数曲／約30分）を収録",
                    "type": [
                        "Live"
                    ]
                }
            ],
            "disk": [
                "CD+DVD"
            ]
        },
        {
            "version": "通常盤",
            "coverInfo": "通常盤左：ジャケット／右:ピクチャーレーベル",
            "cover": "/material/AMIfv94Bhm58P02eILNWr_oo3TOKc3ydNETsIDirvv2szQ4itGONyaJsG0zyTGcTfE0kO6rvGm15OF8THGtQxuZ-weANg-cbWVZ-OPAI6gjQChtW6o_nZKTcyolhNA_Rvd_hnjB7RbuFOcwzNhk9R0gDlmAOicWCdGdmglYQXKyVqt1X47sxOGc?c=0&m=image%2Fjpeg",
            "info": [
                "《通常盤初回プレス仕様》",
                "※ピクチャーレーベル",
                "※通常盤初回プレス仕様がなくなり次第、通常盤仕様に切り替わります。"
            ],
            "CD": [
                "Magic Power",
                "Beat Line",
                "眠リノ森",
                "BE ALIVE",
                "Magic Power（オリジナル・カラオケ）",
                "Beat Line（オリジナル・カラオケ）",
                "眠リノ森（オリジナル・カラオケ）",
                "BE ALIVE（オリジナル・カラオケ）"
            ],
            "disk": [
                "CD"
            ]
        }
    ],
    "desc": [],
    "ohterCovers": []
}