{
    "name": "キミアトラクション",
    "release": "2015.10.21",
    "type": "Single",
    "info": [],
    "group": [
        {
            "version": "初回限定盤1",
            "CD": [
                {
                    "name": "キミアトラクション",
                    "info": [
                        "コーセーコスメポート『ソフティモ』CMソング"
                    ]
                },
                "ChikuTaku"
            ],
            "cover": "/material/AMIfv97z1aiGF6Ri2JKguKm5kGmQG3qt4DE9_sJ2vbVkyaRIV-zBZ2Rgv7Kv8cXHr1APtJTNSNUxzTjCMZClw8vZTvV-v7T4Cjj6fR0MkO-qLROqeHBpWDu3RpH08zeLnvLT-jt_DExeW-FPMXFSe0KcNGuIzU38rHav6YBwK9bYcv3D7bsUVXo?c=0&m=image%2Fjpeg",
            "DVD": [
                {
                    "name": "キミアトラクション",
                    "type": [
                        "Viedo Clip & Making"
                    ]
                }
            ],
            "tokuten": [
                "“キミアト”デコレーションステッカー"
            ],
            "disk": [
                "CD+DVD"
            ]
        },
        {
            "version": "初回限定盤2",
            "CD": [
                "キミアトラクション",
                "秋、晴れ。僕に風が吹いた。"
            ],
            "cover": "/material/AMIfv95Ebs7wDitPkIiKdnANHrTNq93GG7cj3EQyz9burPrPdHiVyV-oncaClKDc9D4l7mG7G8wWzQvCtAvI9SrHUUNHgeHW0PWTbWQt0Y6eKJVU8E85UAyxLJO_S9MNHC_bzR5b2i4E_MvF6g0cs8MFazgAbVIPhqUI_jfcEu4pLn1PJ5cXC1Q?c=0&m=image%2Fjpeg",
            "DVD": [
                {
                    "name": "キミアトラクション",
                    "type": [
                        "Viedo Clip & Making (Dance Ver.)"
                    ]
                }
            ],
            "tokuten": [
                "“キミアト”ネイルデコレーションシール"
            ],
            "disk": [
                "CD+DVD"
            ]
        },
        {
            "version": "通常盤",
            "CD": [
                "キミアトラクション",
                "Shall We？",
                "NEW AGE",
                "Ignition",
                "キミアトラクション(オリジナル･カラオケ)",
                "Shall We？(オリジナル･カラオケ)",
                "NEW AGE(オリジナル･カラオケ)",
                "Ignition(オリジナル･カラオケ)"
            ],
            "cover": "/material/AMIfv94DPd4NIUxe5gNaa_gAI33hnMGsu0EJ69-EsKnSQVb9u4RGNMVeDMf3HuhAqzlPbwgK6Hf02bR79sFNXGp0wT-616P-3jdYSUYJBbHCDlN6L24UJHW_CBpWijglZjFS4BRVRjiVu3ibG4RZbZdWMpk3q1cduDmntA04F5YISjW5e25CnQE?c=0&m=image%2Fjpeg",
            "tokuten": [
                "“キミアト”ロゴステッカー"
            ],
            "disk": [
                "CD"
            ]
        }
    ],
    "desc": [],
    "ohterCovers": []
}