{
    "name": "Precious Girl(Hey! Say! JUMP)/Are You There？(A.Y.T.)",
    "release": "2017.07.05",
    "type": "Single",
    "info": [],
    "group": [
        {
            "version": "初回限定盤1",
            "CD": [
                {
                    "name": "Precious Girl",
                    "info": [
                        "コーセーコスメポート｢フォーチュン｣CMソング"
                    ]
                },
                {
                    "name": "Are You There？",
                    "group": "A.Y.T.",
                    "info": [
                        "日本テレビ 新深夜ドラマ｢孤食ロボット｣主題歌"
                    ],
                    "Singer": [
                        "有岡大貴",
                        "八乙女光",
                        "髙木雄也"
                    ]
                },
                "灼熱の夢",
                "灼熱の夢(オリジナル･カラオケ)"
            ],
            "cover": "/material/AMIfv94Ss5CWeSAyJdyrQEUNSSSvJaDegIpO3T4qoxhx8dK1w97bs1YLEdz2vUkts9_9KXzkU1sA2KRTtzsveZmtS8sL56sCN7pm5dNs9bbI-YbOHEc9md6xMqe5jWDETtlYRRSv4FIjsxZxxFQst3Yr6A9KIqGkzWo2Ixe2nskBCKJAjHc1Ls4?c=0&m=image%2Fjpeg",
            "info": [],
            "DVD": [
                {
                    "name": "Precious Girl",
                    "type": [
                        "Video Clip & Making"
                    ]
                }
            ],
            "pamphlet": "歌詞ブックレット(16P)封入",
            "disk": [
                "CD+DVD"
            ]
        },
        {
            "version": "初回限定盤2",
            "CD": [
                "Are You There？",
                "Precious Girl",
                {
                    "name": "Smile in Summer",
                    "info": [
                        "コーセーコスメポート｢サンカット(R)｣CMソング"
                    ]
                },
                "Smile in Summer(オリジナル･カラオケ)"
            ],
            "cover": "/material/AMIfv94LUFb_CExqPptpkTDYrg_GiicdDu78SyWEJZIChLNXGOc1U9znbCQ7cpLks-v3B4wLnK7_4GPt-xKCO28CLOA8MlooshI35ikFthjt0l7-q7Afo44iNvm2_DB6wRDQrfNg7AuG8hZuwosTvO0moLDG_wayfw_3j4Gr9BYwUG333J9qx_0?c=0&m=image%2Fjpeg",
            "info": [],
            "DVD": [
                {
                    "name": "Are You There？",
                    "type": [
                        "Video Clip & Making"
                    ]
                }
            ],
            "pamphlet": "歌詞ブックレット(16P)封入",
            "disk": [
                "CD+DVD"
            ]
        },
        {
            "version": "通常盤",
            "CD": [
                "Precious Girl",
                "Are You There？",
                {
                    "name": "Sweet Liar",
                    "Singer": [
                        "Hey! Say! 7"
                    ]
                },
                {
                    "name": "スタートデイズ",
                    "Singer": [
                        "Hey! Say! BEST"
                    ]
                },
                "Precious Girl(オリジナル･カラオケ)",
                "Are You There？(オリジナル･カラオケ)",
                "Sweet Liar(オリジナル･カラオケ)",
                "スタートデイズ(オリジナル･カラオケ)"
            ],
            "cover": "/material/AMIfv94gIfjSfwlyYGQhszXVR7-vrIjse7vGXKy0-dCQvNSdeA1ULZ5dZXFVU05ZJy3vLvCAS_626ikjOUUDmxBJwjWTMSd9Vmu8w6vRoVfj-kW9I96icIakJYVzyW66eeksGa8sXX68hoDNGZX4oXYQdO7CPwpbQe1nyuvoj5pW8dLVhuoUOLY?c=0&m=image%2Fjpeg",
            "disk": [
                "CD"
            ]
        }
    ],
    "desc": [],
    "ohterCovers": []
}