{
    "name": "I am / Muah Muah",
    "release": "2020.02.26",
    "type": "Single",
    "info": [],
    "group": [
        {
            "version": "初回限定盤1",
            "coverInfo": "初回限定盤1※下:ジャケット写真裏面",
            "cover": "/material/AMIfv956r5NA5QjJEDiIkIPNm688lBt_yrne_xppy3OkO_vbZXBP-_1zr53ptK6A8SO0vk1mKgu4F8JF3O6-KZVxJc0QR8LPqNfqEKq8mCo07wLleJy78MZ9VpL0D5DrPHA-sDOVjpyr7ZeAO5WBuX8M21_seUrNc_oA5MNcJTtnoGkrTpBQ8eo?c=0&m=image%2Fjpeg",
            "CD": [
                {
                    "name": "I am",
                    "info": [
                        "テレビ東京系ドラマホリック！｢僕はどこから｣主題歌"
                    ]
                },
                {
                    "name": "Muah Muah",
                    "info": [
                        "コーセーコスメポート｢フォーチュン｣CMソング"
                    ]
                }
            ],
            "info": [],
            "DVD": [
                {
                    "name": "I am",
                    "type": [
                        "Video Clip & Making"
                    ]
                },
                {
                    "name": "～JUMPのお部屋から～",
                    "type": [
                        "Special"
                    ],
                    "info": [
                        "･･･まさに、帰ってきたリアル“JUMParty”!? Hey! Say! JUMP がホテルの一室に集まって楽しくワチャつくスペシャル映像！"
                    ]
                }
            ],
            "pamphlet": "16P歌詞ブックレット封入",
            "disk": [
                "CD＋DVD"
            ]
        },
        {
            "version": "初回限定盤2",
            "coverInfo": "初回限定盤2※下:ジャケット写真裏面",
            "cover": "/material/AMIfv977kW0uG05nwHjhsHYgUHARZX9br1TClHweveN3hZhF42oj-ymhcTYhmtdB6AbNL9yPxIS_cs6mFQ-uUHHB6DaE8-Dnt9XRyP5qK4zSjKA9ifmJRyDsPCarnj6t96q2YOMr75OJXE3DdKijDh2JLmx02M6J1BdtyqVXkvw-0Z9X5AA5qug?c=0&m=image%2Fjpeg",
            "CD": [
                "Muah Muah",
                "I am"
            ],
            "info": [],
            "DVD": [
                {
                    "name": "Muah Muah",
                    "type": [
                        "Video Clip & Making",
                        "ライブ映像(LIVE TOUR 2019-2020 PARADE 東京ドーム公演より)"
                    ]
                }
            ],
            "pamphlet": "16P歌詞ブックレット封入",
            "disk": [
                "CD＋DVD"
            ]
        },
        {
            "version": "通常盤",
            "CD": [
                "I am",
                "Muah Muah",
                "クランメリア",
                "ときめきは嘘じゃない",
                "I am(オリジナル･カラオケ)",
                "Muah Muah(オリジナル･カラオケ)",
                "クランメリア(オリジナル･カラオケ)",
                "ときめきは嘘じゃない(オリジナル･カラオケ)"
            ],
            "cover": "/material/AMIfv95Bfq7fd1RJ5-cnQ64CP-JQMvc9bEe8_I-O5OnOywavkDsjhVty6Fj7uOptrBZu1eqKI-jzoO0RvqNWGZSGjdHPBIMG2UUDr3GwE5NgKhNkAMHBMrzyHk16x-HMDbMo7la4ftBTpPo_UO1J0oYmv_sXf25Sp7NgTkgM46gXUUur78mwJYw?c=0&m=image%2Fjpeg",
            "info": [],
            "pamphlet": "4面8P歌詞ブックレット封入",
            "tokuten": [
                "オリジナル｢アイアムムアムア｣缶バッジ"
            ],
            "disk": [
                "CD"
            ]
        }
    ],
    "desc": [],
    "ohterCovers": []
}