{
    "name": "JUMP NO.1",
    "release": "2010.07.07",
    "type": "Album",
    "info": [],
    "group": [
        {
            "version": "初回限定盤",
            "cover": "/material/AMIfv97utQDnlQRL_Bg4hu6N26EMoUWGvUBwXAj_far8Z4pmvdB7r89OMpi5IAlZuwgHQ_PtWAxpefvCQaSsGtagVj4Xeikra99EK1duFeyVXuYwVN0DeInMR-2X5X2s1Wpcb51ewM696_1_fTYkxBMMUGDi5nxhproFXXTmI95emVTVtzWjpA4?c=0&m=image%2Fjpeg",
            "CD": [
                "DREAMER",
                "INFINITY",
                "瞳のスクリーン",
                "真紅",
                {
                    "name": "ガンバレッツゴー！",
                    "Singer": [
                        "Hey! Say! 7"
                    ]
                },
                "情熱JUMP",
                "すまいるそんぐ",
                "Memories",
                "Dreams come true",
                "Time",
                {
                    "name": "Score",
                    "Singer": [
                        "Hey! Say! BEST"
                    ]
                },
                "Your Seed",
                "アイ☆スクリーム",
                "真夜中のシャドーボーイ",
                "Dash!!",
                "Ultra Music Power",
                "Thank You ～僕たちから君へ～"
            ],
            "pamphlet": "40Pスペシャル・ブックレット封入",
            "disk": [
                "CD"
            ]
        },
        {
            "version": "通常盤",
            "cover": "/material/AMIfv95fKNo68eXvfTo3BgtDt9Co2EosXUG2Mb_Ct9rwjpENe__BpRwKwkKgZntnuSKsO0u3Xvord9-A9iExrFjlQkXaT5F83gLLnFSz9WdQYn8C3VYI1rLX2LIvP5n2FUF3wO4kAs746Cew_eow9P5EtFTZt-ZmD2gz3NlBivGEytwT60RyuPA?c=0&m=image%2Fjpeg",
            "CD": [],
            "pamphlet": "28Pの通常ブックレットが封入",
            "disk": [
                "CD"
            ]
        }
    ],
    "desc": [
        "収録楽曲（初回・通常共通）"
    ]
}