{
    "name": "PARADE",
    "release": "2019.10.30",
    "type": "Album",
    "info": [],
    "group": [
        {
            "version": "初回限定盤1",
            "cover": "/material/AMIfv97Z2x8UiqjjzY19CLV_qXLM2ikDh7WGpWRfjk6K3r75hZxMyne4nF8IGDzlDPlwOCxA1HbrMUOde_LA_qA8CZcclXboE9Bmy0Icp8571b55wbftXBTWuYK4cN4fA0jV52n8Spj-wyjyBRr1Kq62RJjzj-4re36Q8fFQB8ATAnC7wSPendM?c=0&m=image%2Fjpeg",
            "CD": [
                "ミラクルワンダーマジック",
                "ファンファーレ！",
                "獣と薔薇",
                "COSMIC☆HUMAN",
                "はな壱もんめ",
                "UTAGE Tonight",
                "｢I｣",
                "愛だけがすべて -What do you want?-",
                "Zombie Step",
                "Lucky-Unlucky",
                "Love Equation",
                "アイノユウヒ",
                "CALL & PRAY",
                "パレードが始まる"
            ],
            "info": [
                "★特殊パッケージ(透明スリーブ＋デジパック)仕様"
            ],
            "DVD": [
                {
                    "name": "獣と薔薇",
                    "type": [
                        "Video Clip & Making",
                        "Vocal Recording"
                    ],
                    "info": [
                        "Hey! Say! JUMPが“モノノケ”に扮し物語を繰り広げるビデオ･クリップ。闇夜に紛れ妖しく目を光らせる獣達のパレードをご覧あれ。"
                    ]
                }
            ],
            "pamphlet": "歌詞フォトブックレット(44P)封入",
            "disk": [
                "CD＋DVD"
            ]
        },
        {
            "version": "初回限定盤2",
            "cover": "/material/AMIfv96lB8E0WtRw3Jb-E0b56W0FP-0xol2HJUKR2Bq4_01oI991UQdChcV46vPAuFQpjAkoJdcMTvZ0LeYt_JzHugcUNeqj2sIDmlLUpRzttlmWIWmNhDc2hJUuKJroH_FTD9SzopMs35k5hAj3z9D-DVU4ybFF8xivqQL3VxcfhqLRtN5ChTE?c=0&m=image%2Fjpeg",
            "CD": [],
            "info": [
                "★特殊パッケージ(紙スリーブ+デジパック)仕様",
                "★“ケモパレ”ポートレート",
                "初回限定盤1と同内容"
            ],
            "DVD": [
                {
                    "name": "パレードが始まる",
                    "type": [
                        "Video Clip & Making",
                        "Vocal Recording"
                    ],
                    "info": [
                        "ビデオ･クリップのテーマはHey! Say! JUMP×瞬き。“Welcome to the new world、誰も知らないこの場所へ君を連れて来たくてさ。”"
                    ]
                }
            ],
            "pamphlet": "5面10P歌詞リーフレット封入",
            "disk": [
                "CD＋DVD"
            ]
        },
        {
            "version": "通常盤",
            "cover": "/material/AMIfv95GGtcIc299MMYgq86tmgehdn8ntligOUaMRZ93E-a3yWj3DtzHvPrzx64qdyQQ8YmYYre322TPrrjwbtSTwoYdNqeXEr-yXx3kqdehUn3Yi3tzyDhPj6I6NaGP6YZui6_-_Uyd6d7EpCHBDPgPEF3pmz2og3JOAFka8ySqNJI9sZ3Vj78?c=0&m=image%2Fjpeg",
            "CD": [
                {
                    "name": "ぷぅのうた",
                    "Bonus": true,
                    "type": "プロローグミニドラマ",
                    "info": [
                        "＜プロローグミニドラマ 声の出演＞",
                        "くるすけ(CV:山田涼介)",
                        "さぼねん(CV:知念侑李)",
                        "ゆうじっく(CV:中島裕翔)",
                        "だいきんぐ(CV:有岡大貴)",
                        "ゆうやせーばぁ(CV:髙木雄也)",
                        "いのてり(CV:伊野尾慧)",
                        "ぴーたん(CV:八乙女光)",
                        "やぶんぶん(CV:薮宏太)"
                    ]
                },
                {
                    "name": "パレードは終わらない -Life is an Adventure-",
                    "Bonus": true
                }
            ],
            "info": [
                "初回限定盤1と同内容＋通常盤のみBonus Trackを2曲収録"
            ],
            "pamphlet": "折りポスター型歌詞ブックレット(16P)封入",
            "tokuten": [
                "オリジナル・クリアファイル(A4サイズ)"
            ],
            "disk": [
                "CD"
            ]
        }
    ],
    "desc": []
}