{
    "name": "Are You There?",
    "artist": [
        "有岡大貴",
        "八乙女光",
        "髙木雄也"
    ],
    "producer": [
        {
            "label": "作詞",
            "value": [
                "m piece",
                "aina"
            ]
        },
        {
            "label": "作曲",
            "value": [
                "Kazumi Mitome"
            ]
        }
    ],
    "lrc": [
        "Are You There? 気がつけば週末が終わりを告げる",
        "明日から 始まるウィークデイ 憂鬱な夜を吹き飛ばして",
        "",
        "Stand by you 少しずつ 君の気持ちに寄り添えば",
        "いつだって 見つかるのさ 悩みなら聞かせて",
        "",
        "見上げれば どんな空でも 青空に繋がる",
        "ほら 今日が始まるさ",
        "",
        "Oh my life 何度でも 最高の日々がやってくる",
        "さりげなく 鮮やかに 頑張って行きましょう",
        "",
        "ライラ ライラ ライラ ライ  ただそばにいるよ",
        "ライラ ライラ ライラ ライ  Oh! となりにいるよ",
        "",
        "Day by day 幸せが 心と身体に満ちてく",
        "ありふれた そう今こそが 何よりもステキさ",
        "",
        "踏み出せば 回り道でも 昨日より輝く",
        "そんな 今日にありがとう",
        "",
        "Oh my life 明日また 最高の自分に出会える",
        "思いっきり 軽やかに 乗り越えて行きましよう",
        "",
        "ライラ ライラ ライラ ライ  となりで歌うよ",
        "ライラ ライラ ライラ ライ  君のすぐとなり",
        "",
        "巡りゆく季節と 見慣れない景色",
        "ひるんだり 折れそうになってしまうけと",
        "そう君は 君が思っているよりずっと",
        "強いはずさ 僕は知ってるよ",
        "",
        "ライラ ライラ ライラ ライ  ただそばにいるよ",
        "ライラ ライラ ライラ ライ  Oh! となりにいるよ",
        ""
    ]
}