{
    "name": "ASAP!",
    "reading": "アサップ",
    "artist": [
        "Hey!Say!JUMP"
    ],
    "info": [
        {
            "label": "作詞",
            "value": [
                "知念侑李",
                "有岡大貴"
            ]
        },
        {
            "label": "作曲",
            "value": [
                "知念侑李",
                "有岡大貴",
                "辻村有記"
            ]
        }
    ],
    "lrc": [
        "なんにも出てこない　悩んでる",
        "時間だけが過ぎてゆくStay",
        "垂れ流しのままBGM",
        "気が付けばまた度重なるSwipe",
        "",
        "最新Topic観て",
        "ストリーマーのClip観て",
        "出前をPickして",
        "“昼夜兼行” Oh...oh...",
        "",
        "恥じらいもキケンも　誤魔化して泳いでる",
        "毎回この感じ I feel like having Jerry Beans.",
        "",
        "堂々反省見逃して　以下同文で乗り切って",
        "",
        "合図は一度だけ　勧善懲悪",
        "Let me go. ASAP！...",
        "",
        "とはいえ進まない　止まってる",
        "締め切りが迫ってくる",
        "無意識に開いてるSNS",
        "気が付けばまた度重なるSwipe",
        "",
        "妄想でTripして",
        "ノイズをKickして",
        "コーヒーをDripして",
        "“昼夜逆転”",
        "",
        "恥じらいもキケンも　誤魔化して泳いでる",
        "毎回この感じ I feel like having Jerry Beans.",
        "",
        "堂々反省見逃して　以下同文で乗り切って",
        "",
        "合図は一度だけ　勧善懲悪",
        "Let me go. ASAP！...",
        "",
        "Let me go. ASAP！",
        "",
        "恥じらいもキケンも　誤魔化して泳いでる",
        "毎回この感じ I feel like having Jerry Beans.",
        "",
        "堂々反省見逃して　以下同文で乗り切って",
        "",
        "合図は一度だけ　勧善懲悪",
        "Let me go. ASAP！...",
        ""
    ]
}