{
    "name": "Bloom",
    "producer": [
        {
            "label": "作詞",
            "value": [
                "Kaoru"
            ]
        },
        {
            "label": "作曲",
            "value": [
                "Kaoru"
            ]
        }
    ],
    "lrc": [
        "Go fly away　そうさ　目指したその夢は",
        "少しだけ勇気を絞れば近づくはず",
        "忘れないで　君が　信じてきた想い",
        "変わり行くこの先も　胸に抱き旅を始めよう！",
        "迷う事も戸惑う事も　閉じ込めず心に刻んで",
        "ありのままの自分でいれたら大丈夫　それもいいんじゃない　流されないで",
        "壊れかけた時　耳を澄ませば",
        "君だけなの？この雨音？違うね！通り過ぎるよ♪",
        "Go fly away　そうさ　目指したその夢は",
        "少しだけ勇気を絞れば近づくはず",
        "忘れないで　君が　信じてきた想い",
        "変わり行くこの先も　胸に抱き旅を続けよう！",
        "立ち止まり忘れてきたモノ　欲しがるより次へ踏み出そう",
        "目の前の地図は　何処に向かうの？",
        "この世界の分かれ道でどうしよう？今日も手探り",
        "聞こえていたけど　探しているけど　時代の隙間で答えはまだ青くて",
        "回り道しても焦らずに行こう　これから始まる　次の光もとめ",
        "輝いてたものが　消えそうになる度に",
        "人は皆哀しみ隠して微笑むけど",
        "Oh oh just cry　いいよ　その涙が次の",
        "扉を開く鍵に生まれ変わり　また乗り越えよう！",
        "Go fly away　そうさ　目指したその夢は",
        "少しだけ勇気を絞れば近づくはず",
        "忘れないで　君が　信じてきた想い",
        "変わり行くこの先も　胸に抱き旅は終わらない！",
        ""
    ]
}