{
    "name": "Born in the EARTH",
    "artist": [
        "Hey!Say!JUMP"
    ],
    "producer": [
        {
            "label": "作詞",
            "value": [
                "Vandrythem"
            ]
        },
        {
            "label": "作曲",
            "value": [
                "TSUKASA"
            ]
        }
    ],
    "lrc": [
        "Born in the EARTH 何億光年の時を超えて",
        "僕ら出逢えた この奇跡",
        "",
        "その背中には何を背負う? 君が託された未来",
        "風を求めている翼が 高く高く広がってゆく",
        "",
        "Can you hear voices of a dream?",
        "その夢が 僕らを繋ぐ絆だから 煌めいて",
        "",
        "Born in the EARTH 何億光年の時を超えて",
        "僕ら出逢えた この奇跡",
        "Born in the EARTH 熱くなれ この体",
        "今世界に羽ばたく We were born in the EARTH.",
        "",
        "そのまなざしに何を映す? 君に訪れる夜明け",
        "光求めている蕾が ゆっくり空へと伸びてゆく",
        "",
        "Can you hear voices of a pray?",
        "青春の 答えを探す仲間がほら いてくれる",
        "",
        "Born in the EARTH 何億光年の時を超えて",
        "僕ら繋いだ この絆",
        "Born in the EARTH 熱くなれ このスピリット",
        "今すべてが始まる We were born in the EARTH.",
        "",
        "Born in the EARTH 何億光年の時を超えて",
        "僕ら出逢えた この奇跡",
        "Born in the EARTH 熱くなれ この体",
        "今世界に羽ばたく We were born in the EARTH.",
        "",
        "Wow wow wow 強くなる鼓動",
        "Wow wow wow 燃えてるエナジー",
        ""
    ]
}