{
    "name": "Come Back...?",
    "artist": [
        "Hey!Say!JUMP"
    ],
    "producer": [
        {
            "label": "作詞",
            "value": [
                "八乙女光"
            ]
        },
        {
            "label": "作曲",
            "value": [
                "八乙女光"
            ]
        }
    ],
    "lrc": [
        "降りみ降らずみ行為が 恋をより混雑させる",
        "言葉の奥に潜むそのトラップ 言うべき想い 焦る度 耽る間に",
        "嫌な予感と勘 影へ逃げる前に 湿気た紙に書き残す 「Goodbye」",
        "錆びついた鍵をまた 器用に昨日に戻すかのようにロック",
        "",
        "夢にフラッシュバック 君の手がまた冷えた想いに迷いを生む",
        "Come back... デタラメな台詞 冗談だろ? もう、溺れたくない",
        "",
        "脳ある君は爪を隠すCat 胸を引っ掻くようなSmile",
        "You're a liar 何回巻き戻されてるのか… また君を愛してしまう",
        "",
        "「鈍」「廃」「奇」「美」「乱」 どうした? 君の散乱する愛",
        "You're a liar 後悔の理論 後退の意図 Come back...? 何が?",
        "",
        "It's gonna be my turn 君の答えは僕の想い掻き乱してるつもりかい?",
        "Wrong answer 秘匿崩壊 意もすでに正体さえも 分かっていた",
        "見飽きてる Show time 脳内の整頓はもう出来たかい?",
        "じゃあ…坦懐の場で話そうか? よそうか? 予想は…",
        "You're a liar... Me too 錆びついた鍵はアンロック",
        "",
        "過去にフラッシュバック 君の目は冷えた心の傷に染みるだけ…",
        "Come back...? デタラメな台詞 冗談だろ? もう溺れはしない",
        "",
        "脳ある僕は爪跡を残すCat 飼い慣らしていたのさ",
        "I'm a liar 何回巻き戻せてしまうのか また君を騙して笑う",
        "",
        "「鈍」「廃」「奇」「美」「乱」 どうした? 君の散乱する愛",
        "I'm a liar 後悔の理論 後退の意図 Come back...? 何か?",
        ""
    ]
}