{
    "name": "Come On A My House",
    "artist": [
        "Hey!Say!JUMP"
    ],
    "producer": [
        {
            "label": "作詞",
            "value": [
                "Komei Kobayashi"
            ]
        },
        {
            "label": "作曲",
            "value": [
                "馬飼野康二"
            ]
        }
    ],
    "lrc": [
        "JUMP! JUMP... JUMP...",
        "",
        "Jumping Girl いつでも君の瞳は",
        "Jumping Girl 彼だけ見つめてるけど",
        "",
        "もっと君を知りたい もっと君に触れたい",
        "膨らむ気持ちは止まらない",
        "",
        "Come On A My House 「彼が好き?」 （JUMP! JUMP!）",
        "Come On A My House 「ボクが好き?」 （JUMP! JUMP!）",
        "Come On A My House 答えを （JUMP! JUMP!）",
        "Come On A My House 聞かせて （JUMP! JUMP!）",
        "Come With Jump ホントに君が好きだよ",
        "素直な気持ち伝えるのさ",
        "華麗にダンス Jumping Love",
        "",
        "JUMP... JUMP...",
        "",
        "Jumping Girl 彼とのうわさ話に",
        "Jumping Girl こんなに不安になるよ",
        "",
        "きっと僕の方が きっと君のことを",
        "誰より笑顔に出来るから",
        "",
        "Come On A My House Love 彼 （JUMP! JUMP!）",
        "Come On A My House Gonna Give You （JUMP! JUMP! ）",
        "Come On A My House Come 彼 （JUMP! JUMP!）",
        "Come On A My House あついよ （JUMP! JUMP!）",
        "Come With Jump ホントは誰が好きなの?",
        "君の気持ちを確かめるよ",
        "華麗にダンス Jumping Dream",
        "",
        "Come On A My House 「彼が好き?」",
        "Come On A My House 「ボクが好き?」",
        "Come On A My House 答えを",
        "Come On A My House 聞かせて",
        "Come With Jump ホントに君が好きだよ",
        "素直な気持ち伝えるのさ",
        "華麗にダンス Jumping Love",
        "",
        "Come On A My House Love 彼 （JUMP! JUMP!）",
        "Come On A My House Gonna Give You （JUMP! JUMP! ）",
        "Come On A My House Come 彼 （JUMP! JUMP!）",
        "Come On A My House あついよ （JUMP! JUMP!）",
        "Come With Jump ホントは誰が好きなの?",
        "君の気持ちを確かめるよ",
        "華麗にダンス Jumping Dream",
        "",
        "高く空へと舞い上がるよ",
        "僕たちの Jumping Love",
        "",
        "JUMP... JUMP..."
    ]
}