{
    "name": "Deep night 君思う",
    "artist": [
        "Hey!Say!JUMP"
    ],
    "producer": [
        {
            "label": "作詞",
            "value": [
                "ナシル"
            ]
        },
        {
            "label": "作曲",
            "value": [
                "zero-rock"
            ]
        }
    ],
    "lrc": [
        "君に会いたくって そばに行くことできなくって",
        "月が見ているって 廻るメリーゴーランド",
        "君に触れたくって 二人の距離 縮めてった",
        "触れた瞬間って しびれてゆく 溺れてく",
        "君思う So Deep night",
        "",
        "My Girl… My Love…… My Time…",
        "THE moon's just WATCHING US",
        "",
        "さりげない 冷たい態度 さりげなく 傷ついていた僕",
        "慣れすぎた 言葉のテンポ 真っ暗な海を泳いでいる",
        "",
        "月明かりやさしくて 星明かり教えてくれた 夜風だけ撫でてくれる",
        "目を閉じて 奇跡が起こる時",
        "",
        "君に会いたくって そばに行くことできなくって",
        "月が見ているって 廻るメリーゴーランド",
        "君に触れたくって 二人の距離 縮めてった",
        "触れた瞬間って しびれてゆく 溺れてく",
        "君思う So Deep night",
        "",
        "甘くない 感情の波 タイミング 恐れない日常",
        "不足した ハートの強さ 諦めずまた来る朝を待つ",
        "",
        "君を知りたくって 僕はひとり夢見るって",
        "こんな気持ちって 他にはない 変わらない",
        "君思う So Deep night",
        "",
        "ひたすらったって想う時間は 限られてっから また伝わらない",
        "思い出ったってキミの面影 重ね合った記憶すらも Deep Shadow",
        "分かり合って確かめ合って よれて 揺れて 落ちて 迷って 泣いて",
        "また還って真っ暗な海に 光る道筋 めざして Deep night",
        "",
        "真夜中0時って 届かないメリーゴーランド",
        "朝が来たからって 夜の魔法がとけちゃうの?",
        "",
        "君に会いたくって そばに行くことできなくって",
        "月が見ているって 廻るメリーゴーランド",
        "君に触れたくって 二人の距離 縮めてった",
        "触れた瞬間って しびれてゆく 溺れてく",
        "君思う So Deep night",
        "",
        "だから君のそばにいさせて",
        ""
    ]
}