{
    "name": "Draw My Life!",
    "info": [
        {
            "label": "歌手",
            "value": "Hey! Say! JUMP"
        },
        {
            "label": "作詞",
            "value": [
                "城戸紘志"
            ]
        },
        {
            "label": "作曲",
            "value": [
                "城戸紘志"
            ]
        }
    ],
    "lrc": [
        "Draw my life !　思いのままに",
        "Draw my life !　変えてゆける",
        "　",
        "あの日描いたスケッチブックの中に　今の自分が居たんだ",
        "夢は叶うと　言われた気がした",
        "　",
        "人生はラビリンス　迷い続けて",
        "いくつもの光に出会ってゆく",
        "　",
        "間違えても(間違えても)　進めば進んだ分だけ",
        "勝てなくても(勝てなくても)　挑めば挑んだ分だけ",
        "重なってく(グラデーションが)　作りあげる",
        "僕らだけのストーリー",
        "　",
        "鮮やかにDrawing my life",
        "さあ　未来塗り替えてゆこう",
        "心の奥が曇り空でも　青空に変えてゆける",
        "　",
        "凹んでる暇なんてない",
        "ほら　新しいページめくって",
        "カラフルに彩り続けよう　見返すその日まで",
        "　",
        "子供の頃は　自由に描けたのに",
        "キャンバスは　いつからか白いまま",
        "　",
        "悩んでても(悩んでても)　何も始まらないから",
        "動かなくちゃ(動かなくちゃ)　前には進めないから",
        "重なってく(グラデーションが)　作りあげる",
        "僕らなりのグローリー",
        "　",
        "鮮やかにDrawing my life",
        "今　枠を飛び越えてゆこう",
        "涙で絵の具滲んでいても　星空に変えてゆける",
        "　",
        "凹んでる暇なんてない",
        "ほら　新しいページめくって",
        "カラフルに彩り続けよう　瞳閉じる日まで",
        "　",
        "シナリオ通りにいかない　きっとそんなもんかな",
        "運命なんて　消しゴムでそっと消してしまおう",
        "　",
        "あきらめないよ　行き止まりにぶつかったとしても",
        "虹の架け橋描いて　ただゴールを目指す",
        "　",
        "鮮やかにDrawing my life",
        "さあ　未来塗り替えてゆこう",
        "心の奥が曇り空でも　青空に変えてゆける",
        "　",
        "凹んでる暇なんてない",
        "ほら　新しいページめくって",
        "カラフルに彩り続けよう　見返すその日まで",
        "　",
        "Draw my life !　思いのままに",
        "Draw my life !　変えてゆける",
        "　",
        "Draw my life !",
        "",
        "Draw my life! omoi no mama ni ",
        "Draw my life! kaete yukeru",
        "",
        "ano hi egaita sukecchibukku no naka ni ima no jibun ga itan da ",
        "Yume wa kanau to iwareta ki ga shita",
        "",
        "jinsei wa rabirinsu mayoi tsuzukete ",
        "Ikutsu mono hikari ni deatte yuku",
        "",
        "machigaetemo (machigaetemo) susumeba susunda bun dake ",
        "Katenakutemo (katenakutemo) idomeba idonda bun dake ",
        "Kasanatteku (guradeeshon ga) tsukuriageru ",
        "Bokura dake no sutoorii",
        "",
        "azayaka ni Drawing my life ",
        "Saa mirai nurikaete yukou ",
        "Kokoro no oku ga kumorizora demo aozora ni kaete yukeru",
        "",
        "hekonderu hima nante nai ",
        "Hora atarashii peeji mekutte ",
        "Karafuru ni irodori tsuzukeyou mikaesu sono hi made",
        "",
        "kodomo no koro wa jiyuu ni egaketa no ni ",
        "Kyanbasu wa itsu kara ka shiroi mama",
        "",
        "nayandetemo (nayandetemo) nanimo hajimaranai kara ",
        "Ugokanakucha (ugokanakucha) mae ni wa susumenai kara ",
        "Kasanatteku (guradeeshon ga) tsukuriageru ",
        "Bokura nari no guroorii",
        "",
        "azayaka ni Drawing my life ",
        "Ima waku wo tobikoete yukou ",
        "Namida de enogu nijindeitemo hoshizora ni kaete yukeru",
        "",
        "hekonderu hima nante nai ",
        "Hora atarashii peeji mekutte ",
        "Karafuru ni irodori tsuzukeyou hitomi tojiru hi made",
        "",
        "shinario toori ni ikanai kitto sonna mon ka na ",
        "Unmei nante keshigomu de sotto keshite shimaou",
        "",
        "akiramenai yo ikidomari ni butsukatta to shite mo ",
        "Niji no kakehashi egaite tada gooru wo mezasu",
        "",
        "azayaka ni Drawing my life ",
        "Saa mirai nurikaete yukou ",
        "Kokoro no oku ga kumorizora demo aozora ni kaete yukeru",
        "",
        "hekonderu hima nante nai ",
        "Hora atarashii peeji mekutte ",
        "Karafuru ni irodori tsuzukeyou mikaesu sono hi made",
        "",
        "Draw my life! omoi no mama ni ",
        "Draw my life! kaete yukeru",
        "",
        "Draw my life!",
        ""
    ]
}