{
    "name": "Fantastic Time",
    "artist": [
        "Hey!Say!JUMP"
    ],
    "producer": [
        {
            "label": "作詞",
            "value": [
                "KOUDAI IWATSUBO"
            ]
        },
        {
            "label": "作曲",
            "value": [
                "Albi Albertsson",
                "KOUDAI IWATSUBO"
            ]
        }
    ],
    "lrc": [
        "信じて 愛して 感じて 夢見て Ready... Go!!",
        "信じて 愛して 感じて 夢見て Ready... Go!!",
        "信じて 愛して 感じて 夢見て Ready... Go!!",
        "信じて 愛して 感じて 夢見て Ready... Go!!",
        "",
        "Runwayを歩いて一切合切忘れて 今日だけ楽しんでみて",
        "絶対な未来もきっと変えてゆけるから 重力なんてモンは捨てて",
        "",
        "気付けば誰も彼もが 大事に作られた世界で",
        "現実味をなくしてる",
        "そうさ英雄になれずとも 輝くトキメキを纏って",
        "冒険できる このFantastic",
        "",
        "昨日 明日 今日が巻き起こす",
        "連鎖していく感動 and 革命前夜の決意を持って",
        "",
        "Oh めくるめく時空を知る 歴史の向こうで",
        "どんな時代でも未来探す",
        "Oh 遠くまで遠くまで 希望の星続く",
        "どんな夜空も照らしてる",
        "",
        "Fantastic Time (楽しんで)",
        "Fantastic Time (夢を見て)",
        "Fantastic Time (変わるのさ)",
        "Fantastic Time",
        "",
        "Fantastic Time (突き進め)",
        "Fantastic Time (掴み取れ)",
        "Fantastic Time (この瞬間)",
        "Fantastic Time",
        "",
        "Vipな気分で森羅万象と踊って 泡沫の世 Shakeしよう",
        "面倒な事態も限界突破後 金字塔 正解なんてモン忘れて",
        "",
        "そうさ天才になれずとも 手を取る存在を信じて",
        "扉を開く いざFantastic",
        "",
        "過去も未来も 現在もハシャぎ出す",
        "変化していく展開 and 点火したその夜明けに乗って",
        "",
        "Oh めぐりくる運命を 逆手に取って射抜け",
        "どんな今日でも最高記録",
        "Oh 永遠に永遠に 時計の針廻る",
        "どんな願いも叶えてく",
        "",
        "Fantastic Time (楽しんで)",
        "Fantastic Time (夢を見て)",
        "Fantastic Time (変わるのさ)",
        "Fantastic Time",
        "",
        "Fantastic Time (突き進め)",
        "Fantastic Time (掴み取れ)",
        "Fantastic Time (この瞬間)",
        "Fantastic Time",
        "",
        "だんだん歴史紐解いてく",
        "Ah だんだん未来広がってく",
        "もうだんだん君に近付いてく",
        "だんだん未来塗り変えられる",
        "",
        "紙一重で出会えたら きっとそれは奇跡のような",
        "Fantasticな偶然で 最高の真実だから",
        "",
        "\"だから\"",
        "",
        "信じて 愛して 感じて 夢見て Ready…Go!!",
        "信じて 愛して 感じて 夢見て Ready…Go!!",
        "",
        "Oh めくるめく時空を知る 歴史の向こうで",
        "どんな時代でも君を探す",
        "Oh 遠くまで遠くまで 希望の星続く",
        "どんな夜空も照らしてる",
        "",
        "Fantastic Time (楽しんで)",
        "Fantastic Time (夢を見て)",
        "Fantastic Time (変わるのさ)",
        "Fantastic Time",
        "",
        "Fantastic Time (突き進め)",
        "Fantastic Time (掴み取れ)",
        "Fantastic Time (この瞬間)",
        "Fantastic Time",
        ""
    ]
}