{
    "name": "Fever",
    "artist": [
        "Hey!Say!JUMP"
    ],
    "producer": [
        {
            "label": "作詞",
            "value": [
                "R.P.P."
            ]
        },
        {
            "label": "作曲",
            "value": [
                "R.P.P."
            ]
        }
    ],
    "lrc": [
        "Oh Baby うまく行くことばかりじゃないぜ",
        "放つ言葉は「大胆不敵」",
        "止まるわけなどないから きりきり舞いのエブリデイ",
        "",
        "探そうぜ探そうぜ ヒリヒリするなら",
        "そこのけそこのけ よりどりBoom Boom",
        "咲かそうぜ咲かそうぜ 惚れ惚れするほど",
        "夢を打ち上げろ 心に秘めたるエンブレム",
        "",
        "よろしく",
        "キラキラ舞ってひとつになって 出来ないことなどないぜ",
        "でっかくなって君を想って もっともっと会いたくなるから",
        "誰もやってないようなエンターテイメント 期待のベイべー",
        "華やかに 高らかに 錦飾れ よいよいよい",
        "",
        "Oh Baby 夢見ること容易くはないぜ",
        "のるかそるかも半信半疑",
        "だけどたまには心が ざわざわめいてエブリナイト",
        "",
        "鳴らそうぜ鳴らそうぜ ヒリヒリするなら",
        "おののけおののけ あしどりZoom Zoom",
        "変わろうぜ変わろうぜ バクバクするほど",
        "今を抱きしめろ 未来に羽ばたくエンブレム",
        "",
        "よろしく",
        "みなみなさんでひとつになって やりたいことをしようぜ",
        "何回だって転がったって もっともっと楽しくなるから",
        "誰がやってやるのさ？天下統一 うわさのベイべー",
        "鮮やかに 軽やかに 花を降らせ よいよいよい",
        "",
        "よろしく",
        "キラキラ舞ってひとつになって 出来ないことなどないぜ",
        "でっかくなって君を想って もっともっと会いたくなるから",
        "誰もやってないようなエンターテイメント 期待のベイべー",
        "華やかに 高らかに 夢をのせて 君のもとへ 錦飾れ よいよいよい",
        ""
    ]
}