{
    "name": "GIFT",
    "artist": [
        "Hey! Say! JUMP"
    ],
    "producer": [
        {
            "label": "作詞",
            "value": [
                "小川貴史"
            ]
        },
        {
            "label": "作曲",
            "value": [
                "加藤裕介"
            ]
        }
    ],
    "lrc": [
        "舞い散る雪は輝いて 見上げた空 白く染めてく",
        "君の笑顔が素敵で 繋ぎ合うこの手を握りしめた",
        "知らない君を知るたびに 嬉しくなる温かくなる",
        "ひとつひとつ開けてゆく 君からの贈り物みたい",
        "時は過ぎるものじゃなくて",
        "きっと降り積もるこの雪のように重なるから",
        "世界でひとり 一番大切な人",
        "君のすべてを抱きしめるから 同じ夢の中へ",
        "変わらない想いを集めて いつでも",
        "言葉じゃ上手く言えなくて 伝えたくて 見つめ合った夜",
        "寒いこんな日は なぜかいつもより素直になるから",
        "決して大げさなことじゃない",
        "君と巡り会うため きっと僕は生まれてきた",
        "世界でひとり 一番大切な人",
        "一秒さえも見逃さないように 離さないよ君を",
        "どこまでも続いてく道を ふたりで",
        "もどかしい優しさの中で 感じたのはホントの気持ち",
        "澄んだ瞳の奥には 柔らかな君の心が見えた",
        "世界でひとり 一番大切な人",
        "君のすべてを抱きしめるから 同じ夢の中へ",
        "変わらない想いを集めて いつでも",
        ""
    ]
}