{
    "name": "Go Fighter",
    "artist": [
        [
            "八乙女光",
            "薮宏太"
        ]
    ],
    "info": [
        {
            "label": "作詞",
            "value": [
                "八乙女光",
                "薮宏太"
            ]
        },
        {
            "label": "作曲",
            "value": [
                "Tommy Clint",
                "Atsushi Shimada"
            ]
        }
    ],
    "lrc": [
        "いつだって立ち上がる Fighter",
        "鳴らせかませ討て Soldier",
        "さぁはじめよう",
        "",
        "弱い Boss　まさに心に居る俺",
        "まっさら坊主、裸状態の奴隷",
        "そんなんだから又言われる「踊れ！」",
        "己怨み根性で吹っ飛ばす Birthday",
        "Data に無いパーツで組み上げろ　小さなピースサイン",
        "臭い言葉吐いてもいい　ブッサイクでもいい",
        "この際ハッキリ吐き捨てよう　「冗談じゃねぇ」",
        "",
        "誰かさんが心で笑ってても",
        "つまらない声にかき消されても",
        "かなぐり捨てて裸になっても",
        "",
        "喉潰し叫べふざけていいよ",
        "だってお前の周りは…",
        "",
        "Everybody　Go Fighter　今戦ってやるよ",
        "Go Soldier　突き進んでやるよ",
        "雑音が鳴り響いたって",
        "後ろ指刺されたって",
        "Go Fighter　覚悟はもうできてるから",
        "",
        "常に Dive　冷たい Knifeに触れて",
        "胸に快感　大胆なワンチャンスに Bound",
        "説明不要の目標　目掛けチェックメイト",
        "",
        "身振り手振りで武者震いさえも起こす",
        "いっぺんに惑わす、迷わず、か弱いか強いか？",
        "バランス取らん　バラす Trump",
        "Backup　Tempo up で Update",
        "そんでもってイチから全てバカになれ",
        "",
        "幸せそうな顔してるキミも",
        "どこか誇らしげそうなキミも",
        "心の底にある闇蹴散らせ",
        "",
        "“Tap, Rap, Back 何でも良いから”",
        "まだまだ…",
        "",
        "そんなんじゃ違うって　心でわかってても",
        "理想と程遠い現実でも",
        "うすっぺらい理念伝えたって",
        "何一つ響かないんだって",
        "Go Fighter　自分手放しちゃダメだ",
        "",
        "Go　次のステージ",
        "Let’s move forward with us.",
        "Let’s move forward with us.",
        "All you have to do is follow me.",
        "真っ向から挑め！",
        "",
        "Everybody　Go Fighter　今戦ってやるよ",
        "Go Soldier　突き進んでやるよ",
        "雑音が鳴り響いたって",
        "後ろ指刺されたって",
        "笑い飛ばせよ",
        "",
        "そんなんじゃ違うって　心でわかってても",
        "理想と程遠い現実でも",
        "うすっぺらい理念伝えたって",
        "何一つ響かないんだって",
        "Go Fighter　自分手放しちゃダメだ",
        "",
        "奮い立てFighter",
        ""
    ]
}