{
    "name": "Go My Way",
    "info": [
        {
            "label": "作詞",
            "value": [
                "HIKARI"
            ]
        },
        {
            "label": "作曲",
            "value": [
                "HIKARI",
                "Takarot"
            ]
        }
    ],
    "lrc": [
        "晴れ渡る空なんて　いつ見たって同じで",
        "何も特別じゃないけど　なぜ見上げてしまうんだろう",
        "でも届かないこと　もう嘆いたりはしないよ",
        "もう一回夢見ようって　心に決めたから",
        "",
        "完璧な未来を　能天気な世界を",
        "いつも無邪気に描いていたあの日みたいに",
        "",
        "Sing it loud　高らかに唄って",
        "儚い夢さえまるごと",
        "",
        "だからGo my way　Go my way　Go my way",
        "どんな時でも　心のまま僕は行く",
        "そう多分　問題ない　関係ない　金輪際",
        "誰のヤジも　口笛でも吹き　さあ　また歩き出そう",
        "",
        "そう昨日明日　どれも絶対　所詮ただの幻想だ",
        "目に見えるこの現実＝真実　それは知ってる",
        "",
        "なんて分かっちゃいるけど　たまに立ち止まったりして",
        "君のこととか思い出したりして",
        "",
        "Make it out　何が起きたって",
        "笑い飛ばしてきたこと",
        "",
        "つまりGo my way　Go my way　Go my way",
        "いつの日でも　僕は僕でしかなくて",
        "Yes, even　問題ない　Lonely night　想定内",
        "転んだとしても　擦りむいた傷は　そう僕らの勲章",
        "",
        "いつか咲かせよう　僕だけの花を",
        "",
        "汗かきベソかき　いつだって乗り越えてきたろう",
        "問答無用　続いてくMy way　この足を踏み出そうぜ前へ",
        "",
        "Go my way　Go my way　Go my way",
        "どんな時でも　信じたこの道を…",
        "",
        "だからGo my way　Go my way　Go my way",
        "どんな時でも　心のまま僕は行く",
        "そう多分　問題ない　関係ない　金輪際",
        "誰のヤジも　口笛でも吹き　さあ　また歩き出そう",
        "",
        "harewataru sora nante itsu mitatte onaji de ",
        "Nanimo tokubetsu janai kedo naze miagete shimaun darou ",
        "Demo todokanai koto mou nageitari wa shinai yo ",
        "Mou ikkai yumemiyou tte kokoro ni kimeta kara",
        "",
        "kanpeki na mirai wo noutenki na sekai wo ",
        "Itsumo mujaki ni egaiteita ano hi mitai ni",
        "",
        "Sing it loud takaraka ni utatte ",
        "Hakanai yume sae marugoto",
        "",
        "dakara Go my way Go my way Go my way ",
        "Donna toki demo kokoro no mama boku wa yuku ",
        "Sou tabun mondai nai kankei nai konrinzai ",
        "Dare no yaji mo kuchibue demo fuki saa mata arukidasou",
        "",
        "sou kinou asu doremo zettai shosen tada no gensou da ",
        "Me ni mieru kono genjitsu ikooru shinjitsu sore wa shitteru",
        "",
        "nante wakaccha iru kedo tama ni tachidomattari shite ",
        "Kimi no koto to ka omoidashitari shite",
        "",
        "Make it out nani ga okitatte ",
        "Waraitobashite kita koto",
        "",
        "tsumari Go my way Go my way Go my way ",
        "Itsu no hi demo boku wa boku de shikanakute ",
        "Yes even mondai nai Lonely night soutei nai ",
        "Koronda to shite mo surimuita kizu wa sou bokura no kunshou",
        "",
        "itsuka sakaseyou boku dake no hana wo",
        "",
        "asekaki besokaki itsudatte norikoete kitarou ",
        "Mondou muyou tsuzuiteku My way kono ashi wo fumidasou ze mae e",
        "",
        "Go my way Go my way Go my way ",
        "Donna toki demo shinjita kono michi wo…",
        "",
        "dakara Go my way Go my way Go my way ",
        "Donna toki demo kokoro no mama boku wa yuku ",
        "Sou tabun mondai nai kankei nai konrinzai ",
        "Dare no yaji mo kuchibue demo fuki saa mata arukidasou",
        ""
    ]
}