{
    "name": "Hero",
    "artist": [
        "Hey!Say!JUMP"
    ],
    "producer": [
        {
            "label": "作詞",
            "value": [
                "岡本圭人"
            ]
        },
        {
            "label": "作曲",
            "value": [
                "成海カズト"
            ]
        }
    ],
    "lrc": [
        "Let's go to the place you've never been",
        "Don't stop! I am here if you need me",
        "You know what?",
        "That you are my hero, yeah yeah yeah",
        "",
        "3, 2, 1, Go!",
        "Once upon a time there was a shadow flying in the sky",
        "We could barely see",
        "Is it a bird? or a plane? or rain?",
        "It's a hero!",
        "",
        "I am your biggest hero",
        "\"Impossible is I'm possible\"",
        "If there's a favor for me to do, it's a piece of cake!",
        "",
        "If there's difficulty, I'll be your identity",
        "As you need me, I need you",
        "3, 2, 1",
        "",
        "Let's go to the place you've never been",
        "Don't stop! I am here if you need me",
        "I wanna let you know",
        "You are my everything",
        "Once again! Twice again!",
        "Your smile saves the earth",
        "You know what?",
        "That you are my hero, yeah yeah yeah",
        "",
        "アイアム皆のスーパーヒーロー",
        "影ある存在 Go away!",
        "なにかあれば僕のもとに Come on!",
        "",
        "僕は君の力の源",
        "You need me, you want me",
        "3, 2, 1",
        "",
        "Let's go! まだ見ぬ世界に",
        "Don't stop! 前に進もう",
        "I wanna let you know",
        "You are my everything",
        "もう1回 もう10回 諦めないで",
        "いつだって、僕は君のヒーローさ",
        "",
        "いつも君の事を思ってる",
        "Don't worry, be happy",
        "3, 2, 1",
        "",
        "Let's go! 新しい場所へ",
        "Non-stop! ポジティブシンキング",
        "I wanna let you know",
        "Please keep on smiling",
        "もう1回 もう100回? 追いかけていこう",
        "頑張って、笑ってる君がヒーローさ!",
        ""
    ]
}