{
    "name": "Hey! Say!",
    "artist": [
        "Hey!Say!7"
    ],
    "producer": [
        {
            "label": "作詞",
            "value": [
                "Erykah"
            ]
        },
        {
            "label": "作曲",
            "value": [
                "BOUNCEBACK"
            ]
        }
    ],
    "lrc": [
        "出会えた奇跡にどんな欠点も 意味無いよ 君はそのままが一番",
        "Say!",
        "Hey Hey Hey-Hey! Hey Hey Hey!",
        "Say!",
        "Hey Hey Hey-Hey! Hey Hey Hey!",
        "Say!",
        "Hey Hey Hey-Hey! Hey Hey Hey!",
        "Say!",
        "Hey Hey Hey-Hey! Hey Hey Hey!",
        "",
        "僕らは平成Only! 昭和でShowは無理!",
        "あっちもこっちもいいね! Hey-Sayはいいね!",
        "こんな時代でSorry! でもDon't worry!",
        "未来にきっと 夢があるから さあさみんなでついてこい!",
        "Wow!",
        "",
        "トキメク気持ちでEveryday 始めたらいいじゃない",
        "大きな翼があれば ハダカでいいじゃない",
        "",
        "見たことのない世界へ 勇気を出して飛び出そう",
        "君を連れ出すよ 恥ずかしがらずに 今二人きリLoveがほら〔Loveがほら〕",
        "",
        "はるかな宇宙で ひとつ光った この星が 僕ら輝くStage",
        "出会えた奇跡に どんな欠点も 意味無いよ 君はそのままが一番",
        "",
        "Say!",
        "Hey Hey Hey-Hey! Hey Hey Hey!",
        "Say!",
        "Hey Hey Hey-Hey! Hey Hey Hey!",
        "Say!",
        "Hey Hey Hey-Hey! Hey Hey Hey!",
        "Say!",
        "Hey Hey Hey-Hey! Hey Hey Hey!",
        "Hey! Say!!",
        "",
        "どこまでも連れてFaraway 二人だけのやリ方で",
        "出会い燃えてるよ 命かけて守る 離れないように抱きしめる 〔抱きしめる〕",
        "",
        "はるかな宇宙で ひとつ光った この星が 僕ら輝くStage",
        "出会えた奇跡に どんな欠点も 意味無いよ 君はそのままが一番",
        "",
        "I'll be there...",
        "",
        "出会い燃えてるよ 命かけて守る 離れないように抱きしめる",
        "",
        "はるかな宇宙で ひとつ光った この星が 僕ら輝くStage",
        "出会えた奇跡に どんな欠点も 意味無いよ 君はそのままが一番",
        "",
        "僕らは平成Only! 昭和でShowは無理!",
        "あっちもこっちもいいね! Hey-Sayはいいね!",
        "こんな時代でSorry! でもDon't worry!",
        "未来にきっと 夢があるから さあさみんなでついてこい!",
        "Wow!",
        ""
    ]
}