{
    "name": "Iをくれ",
    "artist": [
        "Hey!Say!7"
    ],
    "producer": [
        {
            "label": "作詞",
            "value": [
                "はしもとみゆき"
            ]
        },
        {
            "label": "作曲",
            "value": [
                "馬飼野康ニ"
            ]
        }
    ],
    "lrc": [
        "今夜きりでこれきりでいい〔きりでいい〕",
        "君と僕の未来はいらない",
        "今夜だけを君にあげるよ〔あげるよ〕",
        "退屈を紛らわすひとときを",
        "",
        "そんなに熱くならないで",
        "焦らしてみせてその目で",
        "ああいつもの本気でも嘘でもない",
        "夜を抱いて",
        "",
        "愛をくれ 渇いた身体に",
        "刺すような 痛みが欲しい",
        "愛をくれ 目が眩むような",
        "僕を満たす愛はどこにもない",
        "",
        "泣けばいいさ泣きたいのなら〔泣きたいのなら〕",
        "それで僕の気は変わらない",
        "今夜だけは胸をかすから〔かすから〕",
        "目が覚めたらそのまま消えてくれ",
        "",
        "夢中になんてならないで",
        "傷つくなんてナンセンス",
        "ああいつでもルールならこの手の中",
        "夜は堕ちる",
        "",
        "愛をくれ 渇いた心に",
        "この胸を 撃ち抜いてくれ",
        "愛をくれ 燃え尽きるような",
        "飢えを満たす愛はどこにもない",
        "",
        "ああいつもの本気でも嘘でもない",
        "夜を抱いて",
        "",
        "愛をくれ 渇いた身体に",
        "剌すような 痛みが欲しい",
        "",
        "愛をくれ 渇いた身体に",
        "剌すような 痛みが欲しい",
        "愛をくれ 目が眩むような",
        "僕を満たす愛はどこにもない",
        ""
    ]
}