{
    "name": "Jealous guy",
    "artist": [
        "Hey!Say!JUMP"
    ],
    "producer": [
        {
            "label": "作詞",
            "value": [
                "MICO#"
            ]
        },
        {
            "label": "作曲",
            "value": [
                "HIKARI",
                "Geek Boy AI Swettenham"
            ]
        }
    ],
    "lrc": [
        "そんなニュアンスが漂う プラスティックな街に変わる",
        "月が照らした愛と君が 遠くなって",
        "モノクローム すべてを染めてゆく",
        "唇から溢れる想い",
        "手前で呑み込んだこと気付いて",
        "",
        "どうすればいい? 囁く声",
        "切なく響くMelody",
        "止めてしまいたい こんなJealousy 今すぐにでも",
        "",
        "So ほろ苦いこの夜はTaste of love さりげなく滲むPainful star",
        "包み込んだBeat こぼれるDeep sigh これ以上要らない",
        "何気ない雰囲気も どこかで匂わせてる素振りも",
        "止まらない 届けたい Oh baby Can you feel my love tonight? Oh",
        "",
        "積み重ねた大切な記憶 プライド刺激した影の引力 Yeah",
        "何故かふいに強引に そう愛を抱きしめ Keep it up Keeping on",
        "(Slowly)悪戯な夜に (Story)胸が痛むのに",
        "甘み 喉の奥で感じてる",
        "",
        "締め付けるのは たったひとつの",
        "確かな答えだから",
        "単純で曖昧 そんな恋愛に 微笑んだ空",
        "",
        "So この深い感覚はTaste of love 不機嫌な顔したCloudy night",
        "ふたりのこのScene この愛Feel your mind 独りよがりだって",
        "つまらない悔しさも いつだって偽りのない鼓動",
        "戻れない 譲れない Oh baby Can you feel my love tonight? Oh",
        "",
        "触れない 愛疑っても 信じていたい Hey yeah",
        "",
        "君の知らない葛藤の渦 隠したMoonlight",
        "だけど何か 感じ取ってるYour eyes",
        "止めてしまいたい こんなJealousy 今すぐにでも",
        "",
        "So ほろ苦いこの夜はTaste of love さりげなく滲むPainful star",
        "包み込んだBeat こぼれるDeep sigh これ以上要らない",
        "何気ない雰囲気も どこかで匂わせてる素振りも",
        "止まらない 届けたい Oh baby Can you feel my love tonight? Oh",
        "",
        "Can you feel my love...",
        ""
    ]
}