{
    "name": "Journey",
    "info": [
        {
            "label": "作詞",
            "value": [
                "twelvelayers"
            ]
        },
        {
            "label": "作曲",
            "value": [
                "twelvelayers"
            ]
        }
    ],
    "lrc": [
        "Welcome to the world…",
        "素晴らしきこの世界へ　Don’t stop me now!",
        "　",
        "さあLadies and gentlemen　運命の幕開け",
        "最高のステージへ　足音鳴らせ",
        "感じるままに　心躍らせ",
        "永遠のイメージで　目眩(めくるめ)くShowtime",
        "　",
        "描いた未来は鮮やか　世界はいつしか",
        "目覚めてくI’m alive",
        "光が君を照らしてる　導いてくれる",
        "いつでも　Into the world",
        "　",
        "君と世界中に　響くStory　Life is a journey",
        "さあ　どこまでも",
        "こんな時代に　負けないように　Endless dreaming",
        "Never let you go",
        "　",
        "胸のBeatいま叩け　この想い解き放て",
        "何度だって夢は生まれる　I’ll never let you go",
        "たとえ雨に降られたって　凍える夜が来たって",
        "守り抜くべきものがある　ただCarry on",
        "　",
        "Welcome to the world…",
        "　",
        "旅立ちを待つRising sun　浮かび上がるWonderland",
        "手を伸ばしたらほら　何がつかめる？",
        "歓喜の空に　花を降らして",
        "栄光のパレードへ　こみ上げるMy love",
        "　",
        "まっさらな大地は軽やか　目指すのは遥か",
        "越えてゆくBorder line",
        "願えば道は拓かれる　夢は続いてく",
        "追いかけよう　Joy to the world",
        "　",
        "君と世界中に　鳴らすMusic　Life is a journey",
        "そう　いつまでも",
        "もっと自由に　空舞うように　Always dreaming",
        "Never let you go",
        "　",
        "そしてもっと遠くまで　この想い届くまで",
        "追い風に吹かれ続ける　I’ll never let you go",
        "この声が枯れるまで　拳突き上げ叫べ",
        "辿り着くべき場所がある　まだCarry on",
        "　",
        "さあLet it go",
        "　",
        "星は瞬きはじまり告げるよ",
        "Welcome to the world!",
        "　",
        "君と世界中に　響くStory　Life is a journey",
        "さあ　どこまでも",
        "こんな時代に　負けないように　Endless dreaming",
        "Never let you go",
        "　",
        "君と世界中に　鳴らすMusic　Life is a journey",
        "そう　いつまでも",
        "もっと自由に　空舞うように　Always dreaming",
        "Never let you go…",
        "　",
        "さあLet it go!…",
        "",
        "Welcome to the world… ",
        "Subarashiki kono sekai e Don’t stop me now!",
        "",
        "saa Ladies and gentlemen unmei no makuake ",
        "Saikou no suteeji e ashioto narase ",
        "Kanjiru mama ni kokoro odorase ",
        "Eien no imeeji de mekurumeku Showtime",
        "",
        "egaita mirai wa azayaka sekai wa itsu shi ka ",
        "Mezameteku I’m alive ",
        "Hikari ga kimi wo terashiteru michibiite kureru ",
        "Itsudemo Into the world",
        "",
        "kimi to sekaijuu ni hibiku Story Life is a journey ",
        "Saa doko made mo ",
        "Konna jidai ni makenai you ni Endless dreaming ",
        "Never let you go",
        "",
        "mune no Beat ima tatake kono omoi tokihanate ",
        "Nando datte yume wa umareru I’ll never let you go ",
        "Tatoe ame ni furaretatte kogoeru yoru ga kitatte ",
        "Mamorinukubeki mono ga aru tada Carry on",
        "",
        "Welcome to the world…",
        "",
        "tabidachi wo matsu Rising sun ukabiagaru Wonderland ",
        "Te wo nobashitara hora nani ga tsukameru? ",
        "Kanki no sora ni hana wo furashite ",
        "Eikou no pareedo e komiageru My love",
        "",
        "massara na daichi wa karoyaka mezasu no wa haruka ",
        "Koete yuku Border line ",
        "Negaeba michi wa hirakareru yume wa tsuzuiteku ",
        "Oikakeyou Joy to the world",
        "",
        "kimi to sekaijuu ni narasu Music Life is a journey ",
        "Sou itsu made mo ",
        "Motto jiyuu ni sora mau you ni Always dreaming ",
        "Never let you go",
        "",
        "soshite motto tooku made kono omoi todoku made ",
        "Oikaze ni fukare tsuzukeru I’ll never let you go ",
        "Kono koe ga kareru made kobushi tsukiage sakebe ",
        "Tadoritsukubeki basho ga aru mada Carry on",
        "",
        "saa Let it go",
        "",
        "hoshi wa matataki hajimari tsugeru yo ",
        "Welcome to the world!",
        "",
        "kimi to sekaijuu ni hibiku Story Life is a journey ",
        "Saa doko made mo ",
        "Konna jidai ni makenai you ni Endless dreaming ",
        "Never let you go",
        "",
        "kimi to sekaijuu ni narasu Music Life is a journey ",
        "Sou itsu made mo ",
        "Motto jiyuu ni sora mau you ni Always dreaming ",
        "Never let you go…",
        "",
        "saa Let it go!…",
        ""
    ]
}