{
    "name": "KISS Diary",
    "artist": [
        "Hey!Say!JUMP"
    ],
    "producer": [
        {
            "label": "作詞",
            "value": [
                "MIZUE"
            ]
        },
        {
            "label": "作曲",
            "value": [
                "すみだしんや"
            ]
        }
    ],
    "lrc": [
        "カウントダウンをしながら明けた 今年が急いで過ぎ去って",
        "前より短く感じる毎日 時間に追われて すれ違って",
        "",
        "満開の桜も 夏祭りも 夕陽の海も スキーも",
        "一緒に行こうなんて約束だけ 増えていくけど",
        "",
        "笑顔のKISS ずっと分け合いたい ふたり",
        "しあわせはここにあるよ",
        "涙のKISS そっと寄り添いたい だから",
        "昨日よりもっと想い抱き締めて 開くDiary",
        "",
        "ハッピーエンドの映画を観たって ココロが晴れないそんな日",
        "ぽつりと歩道に届いた雫 忘れていた空 見上げれば",
        "",
        "次のバースデーもクリスマスも 楽しみだけど 今は",
        "トクベツじゃなくても大切な今日 繋いでいたい",
        "",
        "昨日にKISS ずっとかけがえないキミの",
        "しあわせを願ってるよ",
        "明日にKISS ちゃんと寄り添えてるかな?",
        "声にならない想い降り続く セツナイDiary",
        "",
        "逢いたい 逢いたい この想いが届くように",
        "目を閉じて願うよ そっと どうか同じ想いでいて",
        "",
        "未来にKISS いつか叶えたい夢を",
        "今夜ここで叶えようよ",
        "",
        "未来のKISS ずっと寄り添いたい",
        "そして新たな願い キミと",
        "昨日よりもっと想い描いていく 果てないDiary",
        ""
    ]
}