{
    "name": "Last Mermaid...",
    "reading": "ラストマーメイド",
    "desc": [
        "家政夫のミタゾノ"
    ],
    "info": [
        {
            "label": "作詞",
            "value": [
                "Kaoru"
            ]
        },
        {
            "label": "作曲",
            "value": [
                "Kaoru"
            ]
        }
    ],
    "lrc": [
        "浮かばぬ言葉　かき集め飾るより",
        "今だけ二人は　あの頃のままで",
        "",
        "忘れられる恋なら割りきって",
        "何気ない優しさ　迎えたはず…",
        "",
        "さめたくない夢でも離れ行く",
        "悲しみ抱えてた　いつの日も…",
        "",
        "流れて行く自分に　歯止めかけるフリして　過ごしていたけれど",
        "不意に魅せる笑顔に　この気持ち揺らぐけど　旅立つよここから",
        "",
        "あなたに出逢い　素直に染まって　変わった私に　気付かず過ぎたね",
        "伝えきれずに　儚い感情　涙も隠した　哀しい人魚姫",
        "泡沫(うたかた)にまぎれて　消えて行くけれど　サヨナラすら言えない…",
        "",
        "季節変わり　違った風の色",
        "感じて別の舟　見つめてた…",
        "",
        "人は人に縛られ　それも愛と言うけど　嘘の壁をつくる",
        "失う事怖れて　駆け引きを繰り返し　リアルから背を向ける",
        "",
        "温もり求め　激しく抱きしめ　無邪気に笑った　思い出切なく…",
        "あなたの中の　記憶に残った　私の瞳は　何を探している？",
        "あの日置き忘れた　小さな言葉　今さら呟いてる…",
        "",
        "たとえ未来が　満月にあっても　私はあなたに　惹かれていたはず…",
        "伝えきれずに　震える感情　涙は見せない　この恋物語",
        "泡沫にまぎれて　沈んで行くけれど　ただ幸せ祈るよ",
        "",
        "Last Mermaid…",
        ""
    ]
}