{
    "name": "MANTRA",
    "reading": "マントラ",
    "info": [
        {
            "label": "作詞",
            "value": [
                "栗原暁(Jazzin'park)",
                "JUN",
                "AKIRA"
            ]
        },
        {
            "label": "作曲",
            "value": [
                "Andreas Öhrn",
                "Peter Bostrom"
            ]
        }
    ],
    "lrc": [
        "This is a journey of one way　進め Bump in the road",
        "Moving on forward and one day　目覚めろ Make it loud",
        "覚悟とその対価　その目に嘘はないか",
        "泣いても足宛(もが)いても　Walking on Walking on",
        "Ready to go",
        "",
        "We are the heroes in this crazy time",
        "立ち向かえフリーキー世界",
        "火を灯せ We light up the night　M-A-N-T-R-A Hey!",
        "MANTRA MANTRA MANTRA",
        "",
        "MANTRA MANTRA MANTRA　Sing it out Sing it out",
        "MANTRA MANTRA MANTRA　Everybody hands up",
        "MANTRA MANTRA MANTRA　Sing it out Sing it out",
        "MANTRA MANTRA MANTRA　Yeah Yeah Yes",
        "",
        "End of the world What do you know",
        "Wake up, we go together now",
        "空に歌えMANTRA　月と踊れMANTRA",
        "All of the voice All of the sound",
        "We’re going to crash We’re going to build",
        "Everybody let me hear you say　Come on",
        "",
        "ma ma ma ma ma ma MANTRA　EY OH EY OH OH OH",
        "ma ma ma ma ma ma MANTRA",
        "Shout it Shout it out　Shout it Shout it out",
        "ma ma ma ma ma ma MANTRA　EY OH EY OH OH OH",
        "ma ma ma ma ma ma MANTRA",
        "This is for the MANTRA",
        "",
        "度重なる試練も　乗り越える何度でも",
        "試して試される　新たなる夜明けまで",
        "道ゆく果てに何を見て　この壮大な旅を行け",
        "",
        "We are the monsters with generous mind",
        "ちょっとやそっとじゃ気にもしない",
        "諸行無常のプレーヤーでいたい　M-A-N-T-R-A Say!",
        "MANTRA MANTRA MANTRA MANTRA",
        "",
        "MANTRA MANTRA MANTRA　Sing it out Sing it out",
        "MANTRA MANTRA MANTRA　Everybody hands up",
        "MANTRA MANTRA MANTRA　Sing it out Sing it out",
        "MANTRA MANTRA MANTRA　Yeah Yeah Yes",
        "",
        "End of the world What do you know",
        "Wake up, we go together now",
        "風に歌えMANTRA　闇と騒げMANTRA",
        "All of the voice All of the sound",
        "We’re going to crash We’re going to build",
        "Everybody let me hear you say　Come on",
        "",
        "ma ma ma ma ma ma MANTRA　EY OH EY OH OH OH",
        "ma ma ma ma ma ma MANTRA",
        "Shout it Shout it out　Shout it Shout it out",
        "ma ma ma ma ma ma MANTRA　EY OH EY OH OH OH",
        "ma ma ma ma ma ma MANTRA",
        "This is for the MANTRA",
        "",
        "We are the story people should be told",
        "消えることのない炎",
        "Dance in the dark Spirits of the universe",
        "遥かなる大地へ",
        "",
        "MANTRA MANTRA MANTRA　Sing it out Sing it out",
        "MANTRA MANTRA MANTRA　Everybody hands up",
        "MANTRA MANTRA MANTRA　Sing it out Sing it out",
        "MANTRA MANTRA MANTRA　Yeah Yeah Yes",
        "",
        "End of the world What do you know",
        "Wake up, we go together now",
        "共に歌えMANTRA　天に飛ばせMANTRA",
        "All of the voice All of the sound",
        "We’re going to crash We’re going to build",
        "Everybody let me hear you say　Come on",
        "",
        "ma ma ma ma ma ma MANTRA　EY OH EY OH OH OH",
        "ma ma ma ma ma ma MANTRA",
        "Shout it Shout it out　Shout it Shout it out",
        "ma ma ma ma ma ma MANTRA　EY OH EY OH OH OH",
        "ma ma ma ma ma ma MANTRA",
        "This is for the MANTRA",
        ""
    ]
}