{
    "name": "My World",
    "artist": [
        "Hey!Say!JUMP"
    ],
    "producer": [
        {
            "label": "作詞",
            "value": [
                "飯田建彦"
            ]
        },
        {
            "label": "作曲",
            "value": [
                "飯田建彦"
            ]
        }
    ],
    "lrc": [
        "転がりそうなギリギリの気持ち、押し殺し",
        "Gameはいつでも、ネバギバネバギバ Nothing's impossible",
        "扉を開け放て、たとえ答え Not, not, not found it",
        "それでも、前へ前へ進め! わずかな光へ Keep movin' on",
        "Keep movin'on",
        "",
        "不確かなモノ あやふやなイミ 動体視力でAlways",
        "",
        "Let me go, go, go-4-it",
        "進め進めBeat感じて",
        "Nobody else Show, show, show me the way",
        "自分を信じるしか無い",
        "Just let me go, go 4-my-dream",
        "Don't look back いつでも…",
        "Welcome-2-my-world",
        "",
        "風向きなんて右へ左へと変わるもの",
        "Poker faceで自分の弱さ隠すんだ",
        "うまいことやって、ごまかしたりして No, no, no Hate it",
        "それでも、前へ前へ進め! 何か掴むまで Keep movin'on",
        "Keep movin'on",
        "",
        "失うコト 恐れないで カッコつけてAlways",
        "",
        "Let me go, go, go-4-it",
        "進め進めBeat感じて",
        "Nobody else Show, show, show me the way",
        "自分を信じるしか無い",
        "Just let me go, go 4-my-dream",
        "Don't look back いつでも…",
        "Welcome-2-my-world",
        "",
        "Always",
        "Let me go, go, go-4-it",
        "進め進めBeat感じて",
        "Nobody else Show, show, show me the way",
        "自分を信じるしか無い",
        "Just let me go, go 4-my-dream",
        "Don't look back いつでも…",
        "Welcome-2-my-world",
        ""
    ]
}