{
    "name": "OVER",
    "artist": [
        "Hey!Say!JUMP"
    ],
    "producer": [
        {
            "label": "作詞",
            "value": [
                "村野直球",
                "zopp"
            ]
        },
        {
            "label": "作曲",
            "value": [
                "Devante",
                "Tomas Cederholm",
                "Filip Lindfors"
            ]
        }
    ],
    "lrc": [
        "共に共に歩いていこう 共に共に",
        "",
        "近頃元気 ないじゃん Over 悩みだらけで 「疲れてんだよ Over」",
        "俺でいいなら 聞くけど Over いつもの場所に 7時で Over",
        "",
        "家族、担任 おざなり Over",
        "読めない明日の風の行き先 気持ち折れる自分の後先 Over",
        "みんなそう 俺だってそうさ Over 溢れた 涙は 無駄にすんな",
        "",
        "Future もっと感じたい Future もっと信じたい Future もっと見上げたい",
        "",
        "ピンチはチャンスなんだ My friend フラついてんなら Stand by you",
        "ピンボケ未来なんて Good-Bye ほら光が見えたよ 悲しみIt's Over",
        "",
        "授業中だぞ 泣くなよ Over だって彼女に 「振られたんだ Over」",
        "俺でいいなら 聞くけど Over 放課後、話 聞いてよ Over",
        "",
        "誰か笑えば 誰か泣いて Over 光と影に 分かれる Over",
        "そんなもんだ 俺だってそうさ Over 溢れる涙は 紙一重",
        "",
        "Future もっと感じたい Future もっと信じたい Future もっと見上げたい",
        "",
        "ピンチはチャンスなんだ My friend フラついてんなら Stand by you",
        "ピンボケ未来なんて Good-Bye ほら光が見えたよ 悲しみIt's Over",
        "",
        "ボクラハ・イツデモ・デキナイ・コトナド・ヒトツモ・ナイノサ",
        "そう、未来が待っている",
        "",
        "俺はいつでも味方だから",
        "with you",
        "",
        "ピンチはチャンスなんだ My friend フラついてんなら Stand by you",
        "ピンボケ未来なんて Good-Bye ほら光が見えたよ 悲しみIt's Over",
        "",
        "ピンチはチャンスなんだ My friend フラついてんなら Stand by you",
        "ピンボケ未来なんて Good-Bye ほら光が見えたよ 悲しみIt's Over",
        "",
        "共に共に歩いていこう 共に共に歩んでいこう",
        "共に共に歩いていこう 共に共に",
        "It's Over. Love is Over.",
        ""
    ]
}