{
    "name": "Secret Magic",
    "artist": [
        "Hey!Say!JUMP"
    ],
    "producer": [
        {
            "label": "作詞",
            "value": [
                "宮川大聖"
            ]
        },
        {
            "label": "作曲",
            "value": [
                "宮川大聖"
            ]
        }
    ],
    "lrc": [
        "辿り着いた場所は 思考回路の果て",
        "どこまで歩いても子供のまんまだ",
        "",
        "混ざり合うコントラスト 戻らない感覚まで",
        "ふらふら宙を舞ってんの",
        "",
        "後悔ばっかの意固地な過去なんて",
        "愛のシグナルで全て貫いて",
        "",
        "既成概念通りの物語じゃない",
        "なんておどけた顔して 君を連れ出して",
        "",
        "このまま低空飛行で もうどうしようもない",
        "歪な現実から さあ抜け出そう",
        "君を見失う前に 追いかけるよ どこまでも鮮明に",
        "誰も知ることの無い時を飛ばすように",
        "",
        "未知なる混沌が その切っ先を飲み込んだ",
        "息を切らす程に遠のいてく",
        "その可能性を追いかけて駆けて ほらDon't stop!",
        "絶体絶命のアドバンテージ このステージ",
        "そうさ決めるのは君次第だ ほらごらん All is fine",
        "",
        "不思議な夜が君を惑わすなら",
        "I know僕の手を強く握ればいい",
        "",
        "形あるものが命じゃない",
        "なんて不馴れな笑顔で 君がくれたんだ",
        "",
        "ありのままで行こうぜ もうどうしようもない",
        "心無い声なんて もう掻き消してさ",
        "全て忘れないように その心で 体で叫ぼうぜ",
        "誰も知ることの無い明日に飛び込んで",
        "",
        "Hey! The Secret Magic",
        "Say! The Secret Magic",
        "",
        "Let's go 失ったってまだ見つかるんだ 「哀」を「愛」にする魔法",
        "とめどない程のPalpitation ほら一人じゃないでしょ?",
        "",
        "ひとりよがりのSOS 空回せよ心ゆくまで さあ あとは躍り狂うだけ",
        "(Clap your hands)",
        "",
        "このまま低空飛行で もうどうしようもない",
        "歪な現実から さあ抜け出そう",
        "君を見失う前に 追いかけるよ どこまでも鮮明に",
        "誰も知ることの無い魔法をかけて",
        "",
        "ありのままで行こうぜ もうどうしようもない",
        "心無い声なんて もう掻き消してさ",
        "全て忘れないように その心で 体で叫ぼうぜ",
        "誰も知ることの無い時を飛ばすように",
        ""
    ]
}