{
    "name": "Shall We?",
    "artist": [
        "Hey!Say!JUMP"
    ],
    "producer": [
        {
            "label": "作詞",
            "value": [
                "miyakei"
            ]
        },
        {
            "label": "作曲",
            "value": [
                "KOUDAI IWATSUBO",
                "Kinboom"
            ]
        }
    ],
    "lrc": [
        "Sha la la　あなたと",
        "O'Lantern　誰とでも",
        "Shall we dance？　手をとって",
        "Sha la la　踊りたい",
        "",
        "浮かれたモンスターの群れが　声を上げ笑いだしたら",
        "手を振ってキャンドルを点けよう",
        "綺麗な目の魔女も　蜘蛛の巣のドレス着こなし",
        "キバを見せ　にっこりと微笑む",
        "",
        "Trick or treat　ハグをしよう",
        "冷たい体温さえも燃えるほどに",
        "",
        "Sha la la la la la la la　闇が闇と遊び回る",
        "誰も彼も光るステージ　演じきって主役を",
        "Sha la la la la la la la　今宵の月は綺麗",
        "夜と夜が惹かれ合ったら　叫ぼう",
        "",
        "Sha la la　あなたと",
        "O'Lantern　誰とでも",
        "Shall we dance？　手をとって",
        "時が許す限り永遠に　この闇と踊っていて",
        "光が射すまで",
        "",
        "レトロな懐中時計が　音を立て回りだしたら",
        "それが合図　満月を見上げて",
        "潜んでいたモノも　装っていたモノたちさえ",
        "手を叩き　闇夜に酔いしれる",
        "",
        "Clap your hands　ためらわず",
        "沸き立つ衝動に任せて騒ごう",
        "",
        "Sha la la la la la la la　闇が闇と踊り歌う",
        "誰も彼も揺れるフロア　解き放て五感を",
        "Sha la la la la la la la　今宵の相手は誰？",
        "夜と夜が寄り添うまま　ハシャごう",
        "",
        "Sha la la　あなたと",
        "O'Lantern　誰とでも",
        "Shall we dance？　手をとって",
        "時が許す限り永遠に　この闇と踊っていて",
        "光が射すまで",
        "",
        "Time up　そんな無情なほどに澄んだ瞳で",
        "僕らを溶かしてしまわないで欲しい",
        "時を止めて　すぐに",
        "",
        "Sha la la la la la la la　闇が闇へ帰る時間",
        "誰も彼も消えるフロア　刻まれた余韻も",
        "Sha la la la la la la la　再び会える日まで",
        "夜と夜が寄り添うように　眠ろう",
        "",
        "Sha la la　最後に",
        "O'Lantern　もう一度",
        "Shall we dance？　あなたと",
        "時が許す限り永遠に　この闇と踊っていたい",
        "光が射しても",
        ""
    ]
}