{
    "name": "Stupid",
    "info": [
        {
            "label": "作詞",
            "value": [
                "辻村有記"
            ]
        },
        {
            "label": "作曲",
            "value": [
                "辻村有記",
                "伊藤賢"
            ]
        }
    ],
    "lrc": [
        "I spend a night that no one has seen yet",
        "Illuminated by the moon　背に Dancing (Like a mermaid)",
        "",
        "Broken and silenced　間違えて Over and over",
        "",
        "I just wanna make sure",
        "今ここで Need it　生きる意味を I just wanna find",
        "",
        "Swaying　街の灯りは　Like the night sky",
        "Just falling　夜に染まれ　そして We synchronize our hearts",
        "",
        "So we jump in this night and swim　哀情は Deeper Deeper で",
        "I feel so good　I can't go back",
        "Don't worry about the eyes around you　合言葉 Just look at me",
        "You're surely my light",
        "So now I stand here without losing my way",
        "",
        "Lots of joy and sadness abound in this world",
        "It is useless if one of them is missing",
        "",
        "Screaming and screaming　Keep screaming　枯れるまで",
        "",
        "I just wanna make sure",
        "The meaning of being here now　そしたらキミへと繋がった",
        "",
        "Swaying　街の灯りは　Like the night sky",
        "Just falling　夜に染まれ　そして We synchronize our hearts",
        "",
        "So we jump in this night and swim　哀情は Deeper Deeper で",
        "I feel so good　I can't go back",
        "Don't worry about the eyes around you　合言葉 Just look at me",
        "You're surely my light",
        "So now I stand here without losing my way",
        "",
        "I just stop lying to my feelings　愛を歌う",
        "I put my heart　聴こえた Heart beat　Just kissed you",
        "",
        "The body dances in the star and moon ensemble　揺れ動く Shadow",
        "The world reflected in your eyes is so beautiful　Beautiful",
        "",
        "So we jump in this night and swim　愛情は Deeper Deeper で",
        "I feel so good　I can't go back",
        "Don't worry about the eyes around you　解き放て Just look at me",
        "You're surely my light",
        "So now I stand here without losing my way",
        ""
    ]
}