{
    "name": "Thank You ～僕たちから君へ～",
    "artist": [
        "Hey!Say!JUMP"
    ],
    "producer": [
        {
            "label": "作詞",
            "value": [
                "Hey!Say!JUMP"
            ]
        },
        {
            "label": "作曲",
            "value": [
                "STEVEN LEE"
            ]
        }
    ],
    "lrc": [
        "さよならをする前に 僕たちから君へ",
        "感謝の気持ちに まごころをこめて",
        "届けたいよ、この歌",
        "",
        "今日 君と僕たちは いくつ夢を見ただろう",
        "数々の場面 いろんな思い出",
        "全部光り輝く with you",
        "",
        "きっとみんなの笑顔や絆が",
        "明日からの励みになるよ",
        "",
        "Say Goodbye 今日の日のみんなに",
        "別れはまた会う約束さ",
        "こころひとつになる 瞬間を",
        "かさねるたびに 愛がうまれる",
        "",
        "Say Goodbye またすぐ会えるから",
        "別れは君想う時間さ",
        "こころひとつにして いつまでも",
        "僕たちはつながりあう",
        "Thank you for your love",
        "",
        "夢の続きは たえることなく",
        "どこまでだって あふれていくよ",
        "",
        "Say Goodbye 今日の日のみんなに",
        "別れはまた会う約束さ",
        "こころひとつになる 瞬間を",
        "かさねるたびに 愛がうまれる",
        "",
        "Say Goodbye またすぐ会えるから",
        "別れは君想う時間さ",
        "こころひとつにして いつまでも",
        "僕たちはつながりあう",
        "Thank you for your love",
        ""
    ]
}