{
    "name": "Traffic Jam",
    "artist": [
        "Hey! Say! JUMP"
    ],
    "producer": [
        {
            "label": "作詞",
            "value": [
                "MICO#"
            ]
        },
        {
            "label": "作曲",
            "value": [
                "Fredrik“Figge”Bostrom",
                "Pontus Soderqvist"
            ]
        }
    ],
    "lrc": [
        "Dan Dan トゥナイト",
        "ありのままでBaby",
        "簡単じゃない Can you feel it？",
        "走る鼓動",
        "近付けば Don't you see？",
        "Ah Traffic Jam Traffic Jam",
        "足りないそのリアリティ",
        "気が付けば刻むEasyなリズム",
        "君の掌で Oh Dancing Night",
        "危うげな腰つきでDance",
        "心揺さぶられて Crazyな舞台",
        "Oh ステキなくらいPrecious",
        "フラットに保てないWonderin'Time",
        "Hey！ Hey！ Come On",
        "Shaking！ Bang Bang ツライ",
        "この胸にはLady",
        "そんなんじゃない",
        "Can you keep it？ 弾む音",
        "はにかんだ適当なモーションで",
        "期待させないで",
        "Hey！ Hey！ Come On",
        "Get it！ Dan Dan プライド",
        "動けないよBaby",
        "Ah ありきたりなシチュエーション",
        "膨らんだ感情 鳴らすクラクション",
        "Fantastic Night",
        "Ah Traffic Jam Traffic Jam",
        "My Mind",
        "くだらないその Break Time",
        "突然ふいに止まる Favorite Song",
        "時計の針だけ Oh Dancing Night",
        "もうDeepな夜空に響く",
        "プロローグは飛ばして",
        "CrazyなStyle",
        "Oh リッチなくらいSpecial",
        "スピード加速してOnly Love",
        "Hey！ Hey！ Come On",
        "Ready？ Dan Dan ドライ",
        "月が照らすLady",
        "簡単じゃない Can you feel it？",
        "走る鼓動",
        "溶け込んだ日常の反動で夢の中へ",
        "Hey！ Hey！ Come On",
        "Step in！ Dan Dan トゥナイト",
        "ありのままでBaby",
        "Ah 曖昧なものはNo Way",
        "躊躇う前にSo顔上げて",
        "I wanna feel your world",
        "Ah Traffic Jam",
        "これ以上進めないの？",
        "こんなに溢れてるよ",
        "この胸が この夜が 君を見つめる",
        "Hey！ Hey！ Come On",
        "Uh... In a Traffic Jam",
        "Shaking！Bang Bang ツライ",
        "この胸にはLady",
        "そんなんじゃない",
        "Can you keep it？ 弾む音",
        "はにかんだ適当なモーションで",
        "期待させないで",
        "Hey！ Hey！ Come On",
        "Get it！ Dan Dan プライド",
        "動けないよBaby",
        "Ah ありきたりなシチュエーション",
        "膨らんだ感情 鳴らすクラクション",
        "Fantastic Night",
        "Traffic Jam Traffic Jam",
        "In a Traffic Jam",
        ""
    ]
}