{
    "name": "U",
    "info": [
        {
            "label": "作詞",
            "value": [
                "辻村有記"
            ]
        },
        {
            "label": "作曲",
            "value": [
                "辻村有記",
                "A-bee"
            ]
        }
    ],
    "lrc": [
        "分かり合えたように感じたこと",
        "嘘じゃないと言い聞かせるように",
        "そう何度も何度も抱き合って",
        "確かめ合う二人を照らしだした",
        "",
        "まだ明けない夜に願った",
        "まだ覚めないように願った",
        "",
        "重なり合う二つの鼓動が　一人じゃダメだって",
        "「もうちょっとだけ」と　わがままを言った",
        "訴えかけた言葉を　紡いだ先に広がる",
        "満天の星が心地良かった",
        "",
        "もう少しだけこうしていよう",
        "",
        "Stay with me",
        "",
        "夢を見た　君と繋いだ手を",
        "離れないよう　強く握りしめた",
        "",
        "分かり合えたように感じたこと",
        "嘘じゃないと言い聞かせるように",
        "そう何度も何度も抱き合って",
        "確かめ合う二人を照らしだした",
        "",
        "まだ明けない夜に願った",
        "まだ覚めないように願った",
        "",
        "重なり合う二つの鼓動が　一人じゃダメだって",
        "「もうちょっとだけ」と　わがままを言った",
        "訴えかけた言葉を　紡いだ先に広がる",
        "満天の星が心地良かった",
        "",
        "もう少しだけこうしていよう",
        "",
        "Stay with me",
        "",
        "夢を見た　君と繋いだ手を",
        "離れないよう　君を見つめた",
        "",
        "重なり合う二つの鼓動が　一人じゃダメだって",
        "「もうちょっとだけ」と　わがままを言った",
        "時を止めて　このままで",
        "",
        "夢を見た　君と繋いだ手を",
        "離れないよう　強く握りしめた",
        "",
        "Stay with me",
        ""
    ]
}