{
    "name": "Very Very Happy",
    "artist": [
        "Hey!Say!JUMP"
    ],
    "producer": [
        {
            "label": "作詞",
            "value": [
                "Koudaiii"
            ]
        },
        {
            "label": "作曲",
            "value": [
                "Koudaiii",
                "Erik lindom"
            ]
        }
    ],
    "lrc": [
        "手を伸ばしてみれば君の手に触れるくらい",
        "すぐ側で歩いてる",
        "未来地図 君と開く 大好きな時間",
        "",
        "うまくいかなくて立ち止まるときは",
        "無理に空を見上げなくていいから",
        "僕の手を離さないで 君を連れてく",
        "",
        "You are my special とっておきの この夢を",
        "この時を分かち合おう",
        "終わらないWith you そうWith you ずっと",
        "口ずさんでいこう 同じ歌",
        "Very very happy my days",
        "",
        "一人で歩いたらすぐ着く距離を",
        "二人ゆっくりと歩いてく",
        "晴れの日も雨の日でも 一緒がいいから",
        "",
        "うまく笑えずに涙こぼすとき",
        "無理に言葉探さなくていいから",
        "大切なのは僕の隣 君がいること",
        "",
        "You are my special とっておきの",
        "未来へと希望へと手を伸ばそう",
        "繋ごうWith you そうWith you そっと",
        "数えながらいこう その笑顔",
        "",
        "僕らのストーリー ページをめくろう",
        "日だまりが揺れて この街を彩る",
        "シャラララ…",
        "",
        "You are my special とっておきの",
        "この夢をこの時を分かち合おう",
        "終わらないWith you そうWith you ずっと口ずさんていこう",
        "同じ歌",
        "",
        "You are my special とっておきの 未来へと希望へと",
        "手を伸ばそう",
        "繋ごうWith you そうWith you そっと",
        "数えながらいこう その笑顔",
        "",
        "最高な場所へ",
        "君と 君とJUMP!!",
        "",
        "ラララ…",
        ""
    ]
}