{
    "name": "Viva! 9's SOUL",
    "artist": [
        "Hey!Say!JUMP"
    ],
    "producer": [
        {
            "label": "作詞",
            "value": [
                "Vandrythem"
            ]
        },
        {
            "label": "作曲",
            "value": [
                "磯崎 健史"
            ]
        }
    ],
    "lrc": [
        "Viva! 9's SOUL　Hey! Say! JUMP",
        "揺るぎない決意が今ここにある　さぁ行こう!",
        "",
        "サイズは最小　ピリリと辛そう　毒舌コメント　ジャストアモーメント",
        "超プリティなフェイスも　実は超絶フェイクな堅実派",
        "今日も魅せますアクロバット　マジそこいらじゃナンバー1",
        "見た目のギャップだ仕事人　あの子が必殺!知念!",
        "",
        "サッカーばっかー知ってるわけじゃーないです、頼れる最年長　はいっ!",
        "『Na Na Na　ナナナナ～』はーい　ほらほら美声で奏でる楽曲",
        "テーマは壮大!　よろしく歌詞書く",
        "あいつはご存知～!　ヤブッチせんせー!",
        "",
        "こいつのビートで時代をリード　ノッても撮ってもイケテルアート",
        "タッブだロックだ僕らのハート",
        "常に揺るがして叩いてみてよ",
        "愛しの愛しのアイツがユートビート!",
        "",
        "ロックロック!　かき鳴らせギター!",
        "シャウトシャウト!　叫べ英会話",
        "誰もお前を止めらんない",
        "海外じゃ値引きの交渉人",
        "優しいヤツです　デッカいヤツです　イジリがいがあるヤツです",
        "LADIES &amp; GENTLEMEN　This is KEITO!!!",
        "",
        "Viva! 9's SOUL　Hey! say! JUMP",
        "結ばれた絆がまだ強くなる",
        "Comes Love　Comes Dream　Hey! say! JUMP",
        "もう振り向かないよ　僕らと一緒に　さあ行こう！",
        "",
        "男気溢れる海好き男　名前も“ぎ“じゃない“き“なんです",
        "冷たくあしらい遠くで見守る　どこまでツンデるつもりなの？",
        "見た目はこーでも精神年齢｢最年少｣ってどーなのよ？",
        "そーです　ようは愛すべき男ってことでYes!　ゆーや!",
        "",
        "頑張りすぎない姿勢の裏で悟られないそのユアペース綺麗な指先　鍵盤に咲き",
        "目指す先",
        "どーしていーの　まんまでいーの　おっけーだっていうならおっけー",
        "とにかく目が離せないアイツ　イノちゃん!",
        "",
        "何でも着こなすフラットなフェイス",
        "何処でも弾けちゃうスラッブでベース",
        "詰めこむ語源に辻褄合わせなんです？ってそりゃ昼なんです光!",
        "",
        "スマートに奏でる歌声　ハードに響くダンシング",
        "小さな体から炸裂　愛と勇気与え",
        "聴かせてそのブレス　教えてそのペイン",
        "誰もが注目　お前に釘付け",
        "絶対エースだ　リョウスケ!",
        "",
        "DJ DAIKI!",
        "",
        "Viva! 9's SOUL　Hey! Say! JUMP",
        "揺るぎない決意が今ここにある",
        "Comes Love　Comes Dream　Hey! Say! JUMP",
        "もう振り向かないよ　僕らと一緒に　さあ行こう！",
        ""
    ]
}