{
    "name": "僕らの意味を",
    "reading": "ぼくらのいみを",
    "info": [
        {
            "label": "作詞",
            "value": [
                "映秀"
            ]
        },
        {
            "label": "作曲",
            "value": [
                "映秀"
            ]
        }
    ],
    "lrc": [
        "悲しい物語だ",
        "それ　決めれるの君だけだ",
        "自分の努力を笑えるの君だけだ",
        "",
        "“トクベツナモノ”は変だと言われる",
        "けど君はありのままで",
        "",
        "吐いても　泣いても　汚く無いから",
        "足掻いても　藻掻いても　笑えばいいから",
        "最低 more 最低　もう来る日捲る日も",
        "JUMP UP！！ JUMP UP！！　僕らの未来(ひび)を",
        "",
        "言い訳ばかりはナンセンス",
        "それ　変わらぬ事わかるでしょ",
        "大事な事たち　宝箱に詰めよう",
        "",
        "煌めく財宝誰しも羨み",
        "妬み僻むモノだ…",
        "",
        "変と言われたら僕らが君を",
        "特別にするから",
        "Hey！ Say！ JUMP",
        "",
        "吐いても　泣いても　汚く無いから",
        "足掻いても　藻掻いても　笑わせてみせる",
        "最低 more 最低　もう来る日捲る日も",
        "JUMP UP！！ JUMP UP！！　僕らの未来(ひび)を",
        "",
        "昭和平成令和を跨いで",
        "知らん未来(みらい)要らん嫌いを担ぐのだから",
        "僕らみんな楽しく在りたい",
        "JUMP UP！！ JUMP UP！！　僕らの今日(ひび)を",
        ""
    ]
}