{
    "name": "ガンバレッツゴー!",
    "artist": [
        "Hey!Say!7"
    ],
    "producer": [
        {
            "label": "作詞",
            "value": [
                "MAKOTO",
                "藤林聖子"
            ]
        },
        {
            "label": "作曲",
            "value": [
                "h-wonder"
            ]
        }
    ],
    "lrc": [
        "I want you I need you yeh! 完璧Knock out",
        "予測(You're so cool) 的中(Take it, true)",
        "ガンバレッツゴー!",
        "急ぐ(It's so good) そう年中 咲き乱れて",
        "騒音中(So want you) 世界中 Happen to you!",
        "",
        "Say Want You! Take Off Me! Knock! Knock! Knock!",
        "「キュン」とくる!",
        "",
        "今日のキミを見ていると ボクもうれしくなる",
        "いっぱい勇気や元気をもらった ありがとう",
        "",
        "ミライはほらキミの手の中 (Say Want You!)",
        "流れる汗は裏切らない (Take Off Me!)",
        "怖いものなんてなにもない (Knock! Knock! Knock!)",
        "めぐり逢える 強いキミに! (全力でゴー!)",
        "",
        "青い星の上 丸くつながったキズナ",
        "僕たちの春は終わらないよ",
        "",
        "I want you I need you yeh! 完璧Knock out",
        "予測(You're so cool) 的中(Take it, true)",
        "ガンバレッツゴー!",
        "急ぐ(It's so good) そう年中 咲き乱れて",
        "騒音中(So want you) 世界中 Happen to you!",
        "",
        "Say Want You! Take Off Me! Knock! Knock! Knock!",
        "「グッ」ときた!",
        "",
        "ずっと そばで 感じてた キミの 本気 努力 ガンバリを",
        "",
        "I want you I need you yeh! 完璧Knock out",
        "予測(You're so cool) 的中(Take it, true)",
        "ガンバレッツゴー!",
        "急ぐ(It's so good) そう年中 咲き乱れて",
        "騒音中(So want you) 世界中 Happen to you!",
        "",
        "Say Want You! Take Off Me! Knock! Knock! Knock!",
        "全力でゴー!",
        ""
    ]
}