{
    "name": "ルーレット",
    "info": [
        {
            "label": "作詞",
            "value": [
                "KOUDAI IWATSUBO"
            ]
        },
        {
            "label": "作曲",
            "value": [
                "SMDYUK・KOUDAI IWATSUBO"
            ]
        }
    ],
    "lrc": [
        "難題だいたいGreatな素材　“爽快”“Nice”見つけな",
        "冒険愛が超比例　急降下からの急上昇",
        "　",
        "今日次第　変わる生涯　君は太陽　夜を照らす",
        "頂戴　もっと魅惑のカレンダー　共にいざ",
        "　",
        "ゴージャスに愛のSpark　夢を誓い　君と出会い",
        "光を見つけそ抱きしめた",
        "Happinessは軽快に最大に　永遠(とわ)に運を味方にして",
        "飛び出してく想いが　究極を運んで",
        "続きは勝敗のActor",
        "今もルーレット止まらない",
        "　",
        "年中 Want you　長蛇の列　闘争心掻き立て",
        "数秒でもう乱気流　一線越えれば一斉にGang",
        "　",
        "近未来　目が回っても　浮かれちゃうよ　君の虜",
        "最後の砦を泳いで　どこへ行く",
        "　",
        "当ててみな人生はGame　楽しんでたい　甘く苦い",
        "スリルが果てなく降り注ぐ",
        "ダイヤのような一瞬を壮大に　深い闇に出口求め",
        "まとまりのない答えが　自問自答奏でて",
        "微笑(ほほえ)む真相のMelody",
        "燃やすMirror Ballに放て",
        "　",
        "上書きして忘れたフリして　ビビってないって思い込んで",
        "大切だった過去さえ消えそうなのは　ちょっと悲しいから",
        "思い出して",
        "　",
        "ゴージャスに愛のSpark　夢を誓い　君と出会い",
        "光を見つけて抱きしめた",
        "Happinessは軽快に最大に　永遠に運を味方にして",
        "飛び出してく想いが　究極を運んで",
        "続きは勝敗のActor",
        "今もルーレット",
        "廻せ　廻せ　廻せ　廻せ　このまま",
        "",
        "nandai daitai Great na sozai “soukai” “Nice” mitsuke na ",
        "Boukenai ga chou hirei kyuukouka kara no kyuujoushou",
        "",
        "kyou shidai kawaru shougai kimi wa taiyou yoru wo terasu ",
        "Choudai motto miwaku no karendaa tomo ni iza",
        "",
        "goojasu ni ai no Spark yume wo chikai kimi to deai ",
        "Hikari wo mitsukete dakishimeta ",
        "Happiness wa keikai ni saidai ni towa ni un wo mikata ni shite ",
        "Tobidashiteku omoi ga kyuukyoku wo hakonde ",
        "Tsuzuki wa shouhai no Actor ",
        "Ima mo ruuretto tomaranai",
        "",
        "nenjuu Want you chouda no retsu tousoushin kakitate ",
        "Suubyou de mou rankiryuu issen koereba issei ni Gang",
        "",
        "kin mirai me ga mawattemo ukarechau yo kimi no toriko ",
        "Saigo no toride wo oyoide doko e yuku",
        "",
        "atete mina jinsei wa Game tanoshindetai amaku nigai ",
        "Suriru ga hatenaku furisosogu ",
        "Daiya no you na isshun wo soudai ni fukai yami ni deguchi motome ",
        "Matomari no nai kotae ga jimon jitou kanadete ",
        "Hohoemu shinsou no Melody ",
        "Moyasu Mirror Ball ni hanate",
        "",
        "uwagaki shite wasureta furi shite bibittenai tte omoikonde ",
        "Taisetsu datta kako sae kiesou na no wa chotto kanashii kara ",
        "Omoidashite",
        "",
        "goojasu ni ai no Spark yume wo chikai kimi to deai ",
        "Hikari wo mitsukete dakishimeta ",
        "Happiness wa keikai ni saidai ni towa ni un wo mikata ni shite ",
        "Tobidashiteku omoi ga kyuukyoku wo hakonde ",
        "Tsuzuki wa shouhai no Actor ",
        "Ima mo ruuretto ",
        "Mawase mawase mawase mawase kono mama",
        ""
    ]
}