{
    "name": "やんちゃなヒーロー",
    "artist": [
        "Hey!Say!7"
    ],
    "producer": [
        {
            "label": "作詞",
            "value": "松井五郎"
        },
        {
            "label": "作曲",
            "value": "馬飼野康二"
        }
    ],
    "lrc": [
        "C'mon C'mon C'mon x4",
        "",
        "やっぱ元気がいいだろー",
        "やっぱ涙じゃないだろー",
        "ハンパないっていいだろー",
        "だってひとりじゃないだろー",
        "",
        "顔を上げてごらん",
        "そばに僕がいる",
        "夢は 夢は 夢は",
        "不滅さ (いけそうじゃん)",
        "無敵さ (できそうじゃん)",
        "永遠さ (がんばるじゃん)",
        "1 2 3 4 Go!!",
        "",
        "やんちゃなヒーロー なっちゃおう",
        "負けないハート なっちゃおう",
        "まちがったって大丈夫",
        "こんなもんじゃないんだろー",
        "",
        "これからだって 言っちゃおう",
        "あきらめないって 言っちゃおう",
        "そろそろ世界を変えちゃおうか",
        "君のパワーで やっちゃおう",
        "C'mon C'mon C'mon x4",
        "",
        "やっぱ笑ってこーぜ",
        "やっぱ飛んでみよーぜ",
        "ガチで勝っていこーぜ",
        "ダッシュ決めてみよーーぜ",
        "",
        "握りしめてごらん",
        "君と同じ手を",
        "愛は 愛は 愛は",
        "奇跡さ (いけそうじゃん)",
        "力さ (できそうじゃん)",
        "絆さ (がんばるじゃん)",
        "1 2 3 4 Go!!",
        "",
        "やんちゃなヒーロー なっちゃおう",
        "負けないハート なっちゃおう",
        "傷ついたって大丈夫",
        "朝はかならず来るだろー",
        "",
        "まだまだだって 言っちゃおう",
        "怖がらないって 言っちゃおう",
        "そろそろ未来を変えちゃおうか",
        "君のパワーで やっちゃおう",
        "",
        "どーよ? こっからは",
        "どうするの? どうなるの?",
        "あんまりちゃんと収まるな",
        "どうなったっていいさ",
        "断然愛が大事",
        "真っ正面から行こうか",
        "真っ向勝負で行こうか",
        "絶対Coolに行こうか",
        "",
        "C'mon C'mon C'mon x7",
        "1 2 3 4 Go!!",
        "",
        "やんちゃなヒーロー なっちゃおう",
        "負けないハート なっちゃおう",
        "まちがったって大丈夫",
        "こんなもんじゃないんだろー",
        "",
        "これからだって 言っちゃおう",
        "あきらめないって 言っちゃおう",
        "そろそろ世界を変えちゃおうか",
        "君のパワーで やっちゃおう",
        "C'mon C'mon C'mon x4",
        "",
        "歌唱メンバー：Hey!Say!7"
    ]
}