{
    "name": "ただ前へ",
    "artist": [
        "Hey!Say!7"
    ],
    "producer": [
        {
            "label": "作詞",
            "value": [
                "オカダユータ"
            ]
        },
        {
            "label": "作曲",
            "value": [
                "オカダユータ"
            ]
        }
    ],
    "lrc": [
        "ただ前へ ただ前へ 僕ら歩いてゆこう",
        "ヨロコビもカナシミも やがて花となるでしょう",
        "",
        "人は何の為に 生れ落ちて生きてくんだろう?",
        "向かい風の中で 一人ぼっち くちびる噛んだ",
        "",
        "夢って何?って聞かれて すぐ返事できない自分が嫌い",
        "他人の理想になるんじゃない 君がその手で描いてくんだ",
        "それは名も無きストーリー いつでも君が主人公",
        "それぞれの道を拓くのさ",
        "",
        "ただ前へ ただ前へ 僕ら歩いてゆこう",
        "問題は山積みさ 悩みも消えないだろう",
        "でもあと一歩 あと一歩 進む道の先で",
        "ヨロコビもカナシミも やがて花となるでしょう",
        "",
        "こぼれ落ちた涙 色はどれも目に見えない",
        "だから君の声で ゆっくりとでいい 話して欲しい",
        "",
        "転んだ後に見上げた空 にじんで見えない自分の未来",
        "泣けるほど胸が痛むのは それだけ君が願ってるから",
        "そっとめくる一頁 もう一度そこからスタート",
        "立ち止まることは弱さじゃない",
        "",
        "ただ前へ ただ前へ 僕ら歩いてゆこう",
        "正解のない問いかけが 君を遮るだろう",
        "でもいつだって 運命は変えてゆけるはずさ",
        "ヨロコビもカナシミも やがて花となるでしょう",
        "",
        "目の前を塞いでいるのは 壁じゃなくて扉なんだ",
        "おそれないで 焦らないで",
        "君だけの明日を その手で掴むのさ",
        "",
        "ただ前へ ただ前へ 僕ら歩いてゆこう",
        "問題は山積みさ 悩みも消えないだろう",
        "でもあと一歩 あと一歩 進む道の先で",
        "ヨロコビもカナシミも やがて花となるでしょう",
        ""
    ]
}