{
    "name": "スルー",
    "artist": [
        "Hey!Say!BEST"
    ],
    "producer": [
        {
            "label": "作詞",
            "value": [
                "Vandrythem"
            ]
        },
        {
            "label": "作曲",
            "value": [
                "DAICH",
                "Koudaiii"
            ]
        }
    ],
    "lrc": [
        "ねえ あれからしばらく僕ら逢えずにいるけど",
        "そっちは相変わらずかな",
        "ビルの隙間に吹く風に追いやられ",
        "まだ慣れない暮らしに 溜め息 少し増えたみたい",
        "",
        "君といたオレンジの帰り道 影がほら 重なって笑った",
        "あの日生まれた この何よりも一番大事な想い",
        "",
        "誰も知らない 知らなくていい この世界も気付いていない",
        "繋ぎ合う君だけが 僕を見つけられる",
        "離れてても感じ合える 誰より傍にいる",
        "駆け足で行く日々 二人は時を止めたまま",
        "",
        "ねえ あの時誰かが ちょっと茶化した言葉に",
        "今でも照れてしまうよ",
        "ホントはきっと もっと早く気付ければ",
        "そんな不安な想いをさせたりしなかった ごめんね",
        "",
        "外はまだ行き交う人の声と灰色のまくが覆う星座",
        "「こんなトコこいたって何になるの?」と また未来を責める",
        "",
        "君が押したこの背中に どんな夢託してるんだろう",
        "重ね合う想いだけが 明日を見つけられる",
        "離れてても分かり合える それだけ強くなる",
        "もうすぐ夜が明ける 僕ももう歩き出さなきゃ",
        "",
        "カタチのないもの信じてる僕らは",
        "こんなにリアルな世界 だから そっとそっとスルーしてく",
        "",
        "誰も知らない 知らなくていい この世界も気付いていない",
        "繋ぎ合う二人だけで 見てた夢を 愛を",
        "離れてても感じ合える 誰より傍にいる",
        "駆け足で行く日々 二人は進み始めた",
        ""
    ]
}