{
    "name": "ネガティブファイター",
    "desc": [
        "探偵☆星鴨"
    ],
    "info": [
        {
            "label": "関連作",
            "value": "探偵☆星鴨"
        },
        {
            "label": "作詞",
            "value": [
                "うじたまい"
            ]
        },
        {
            "label": "作曲",
            "value": [
                "うじたまい"
            ]
        }
    ],
    "lrc": [
        "今日も fight fight fight",
        "アンチビート　勇気なくたっていいじゃん",
        "CRY CRY CRY",
        "泣き虫人生　ネガティブファイター",
        "",
        "ねぇなんで不安な顔で　一歩下がって笑っているの？",
        "「だってまた失敗ばかり　自分はやっぱ好きになれないや」",
        "",
        "弱気な君が嘆く言葉　全部優しさ裏返し",
        "焦らないで　一歩進もう",
        "",
        "今日も fight fight fight",
        "アンチビート　勇気なくたっていいじゃん",
        "CRY CRY CRY",
        "泣き虫人生　ネガティブファイター",
        "pa-pa-pa-pa-pa　切り替えて行くよ",
        "pu-pu-pu-pu-pu　笑い飛ばそう",
        "po-po-poto-poto　涙ふいて",
        "hey！ hey！ hey！　ネガティブファイター",
        "",
        "“朝寝坊だとか臆病だとか　何もない道で転んじゃう”",
        "コンプレックス no！　コンプレッサー　失敗だけを見つめちゃ NG (NG！)",
        "ぴえん超えてぱおんなんて言ってる暇ねぇぞ　ほらこっち来いよ",
        "劣等感は輝ける予兆　主張もって踊りあうビート！",
        "",
        "見えないことに気づける　君の優しいその瞳",
        "道端に咲く　花のようだね",
        "",
        "今日も fight fight fight",
        "アンチヒーロー　怖がってたっていいさ",
        "CRY CRY CRY",
        "弱虫なまま　ネガティブファイター",
        "pa-pa-pa-pa-pa　切り替えて行くよ",
        "pu-pu-pu-pu-pu　笑い飛ばそう",
        "po-po-poto-poto　涙ふいて",
        "hey！ hey！ hey！　ネガティブファイター",
        "",
        "あーもう無理ってなったら　この呪文を一緒に唱えましょう",
        "ビビリバビディブー　ビビリバビディブー　ビビリバビディブー",
        "ビビリバビディブー",
        "",
        "またわたしなんかと泣いてる？　顔をあげて見てみてよ",
        "心配そうに見つめてる　大事な人",
        "",
        "今日も fight fight fight",
        "アンチビート　勇気なくたっていいじゃん",
        "CRY CRY CRY",
        "泣き虫人生　ネガティブファイター",
        "",
        "fight fight fight",
        "アンチヒーロー　怖がってたっていいさ",
        "CRY CRY CRY",
        "君は大丈夫　ネガティブファイター",
        "pa-pa-pa-pa-pa　切り替えて行くよ",
        "pu-pu-pu-pu-pu　笑い飛ばそう",
        "po-po-poto-poto　涙ふいて",
        "hey！ hey！ hey！　ネガティブファイター",
        "",
        "進め　ネガティブファイター",
        ""
    ]
}