{
    "name": "ともだちだよ",
    "artist": [
        "Hey!Say!JUMP"
    ],
    "producer": [
        {
            "label": "作詞",
            "value": [
                "Vandrythem"
            ]
        },
        {
            "label": "作曲",
            "value": [
                "板垣祐介"
            ]
        }
    ],
    "lrc": [
        "Hey! You! (Hey! You!)",
        "ここんとこ会えないけれど それなりに元気でやってますか",
        "Empty? (Ah...)",
        "あの頃は毎日のように はしゃいでいたけど",
        "",
        "抱え込んだ痛み いつだってボクに預けてくれてたじゃない",
        "過ぎたのは時間だけ 僕たちは変わらない ずっとともだちだよ",
        "",
        "Say\"Hello!\" 声を聞かせて いつも支え合っているからね",
        "どんな悲しい時も 君を思い出してがんばろう",
        "",
        "Hey! You! (Hey! You!)",
        "なんだかね 色んな声に惑わせられながら ここに来たよ",
        "So Sad (Ah...)",
        "自分だけ はじかれてるような気がして",
        "",
        "何も聞かずに ほら いつだって君は隣で笑ってたね",
        "見えるのはあの景色 僕たちが歌ってた あの場所に来てね",
        "",
        "Say\"Hello!\" 呼べばいつでも すぐに応えてくれてありがとう",
        "どうか忘れないでね 僕ら離れててもそばにいる",
        "",
        "抱え込んだ痛み いつだってボクに預けてくれてたじゃない",
        "過ぎたのは時間だけ 僕たちは変わらない ずっとともだちだよ",
        "",
        "Say\"Hello!\" 声が聞きたい いつも支え合っているんだね",
        "どんな不安な明日も きっと乗り越えられるから",
        "Say\"Hello!\" 呼べばいつでも すぐに応えてくれてありがとう",
        "ずっと忘れないから 僕ら離れててもそばにいる",
        ""
    ]
}