{
    "name": "ファンファーレ！ DE 盆踊り",
    "reading": "Fanfare! DE Bon Odori",
    "info": [
        {
            "label": "作詞",
            "value": [
                "辻村有記"
            ]
        },
        {
            "label": "作曲",
            "value": [
                "辻村有記",
                "伊藤賢"
            ]
        }
    ],
    "lrc": [
        "The beginning of Summer",
        "",
        "「考えるより動き出せ」　もうそんな気にさせるくらい",
        "なんて素晴らしい世界なんだ　あれもこれもキミも",
        "",
        "照りつける陽射(ひざ)しに汗ばむ心　期待と不安が滲(にじ)んで夏に溶ける",
        "忘れられない時間(とき)を刻むように　僕らの世界が動き始める　Yeah",
        "",
        "このまま Flash Flash　僕ら輝いて　夏の合図にトキメク心踊る",
        "With you　夕焼けに染まった　キミの姿に恋だと気付いた",
        "",
        "The beginning of Summer",
        "もう誰にも止められやしない",
        "",
        "このまま Flash Flash　僕ら輝いて　夏の合図にトキメク心踊る",
        "With you　夕焼けに染まった　キミの姿に恋だと気付いた",
        "",
        "The beginning of Summer",
        "もう誰にも止められやしない",
        "",
        "The beginning of Summer",
        "",
        "“kangaeru yori ugokidase” mou sonna ki ni saseru kurai ",
        "Nante subarashii sekai nan da are mo kore mo kimi mo",
        "",
        "teritsukeru hizashi ni asebamu kokoro kitai to fuan ga nijinde natsu ni tokeru ",
        "Wasurerarenai toki wo kizamu you ni bokura no sekai ga ugokihajimeru Yeah",
        "",
        "kono mama Flash Flash bokura kagayaite natsu no aizu ni tokimeku kokoro odoru ",
        "With you yuuyake ni somatta kimi no sugata ni koi da to kizuita",
        "",
        "The beginning of Summer ",
        "Mou dare ni mo tomerare ya shinai",
        "",
        "kono mama Flash Flash bokura kagayaite natsu no aizu ni tokimeku kokoro odoru ",
        "With you yuuyake ni somatta kimi no sugata ni koi da to kizuita",
        "",
        "The beginning of Summer ",
        "Mou dare ni mo tomerare ya shinai",
        ""
    ]
}