{
    "name": "ミラクルワンダーマジック",
    "artist": [
        "Hey!Say!JUMP"
    ],
    "producer": [
        {
            "label": "作詞",
            "value": [
                "2004"
            ]
        },
        {
            "label": "作曲",
            "value": [
                "2004"
            ]
        }
    ],
    "lrc": [
        "誰も知らないMake-upで 君の知らない迷宮で",
        "So moving Let's dancing",
        "自信過剰なくらいが きっかけに変わるんだ",
        "I'll show you 胸躍るWonderland",
        "",
        "A B C どれを選んでも良いよ (さぁ)",
        "アン ドゥ トロワ 奏でる合言葉 (Ha)",
        "心に聞いて応えた鼓動が",
        "",
        "ドクドクドク 波打つように",
        "駆け抜けてく 雑踏の中",
        "魅力的な誘惑に身を任せ 解き放つ衝動",
        "",
        "I'm calling (calling) for you",
        "I'll make you (make you) happy",
        "I want to show you something",
        "きっと忘れられない",
        "Let's get (Let's get) started",
        "I'll show you something special",
        "とびっきりをおみまいさ",
        "",
        "僕らの世界 闇を貫いて",
        "レーザービーム 光を散りばめて",
        "Take you away 君の居場所",
        "ほらここだよ この手を掴んで",
        "",
        "誰も知らないMake-upで 君の知らない迷宮で",
        "So moving Let's dancing",
        "自信過剰なくらいが きっかけに変わるんだ",
        "I'll show you 胸躍るWonderland",
        "",
        "Fall in love 素直になれば",
        "感情を 揺さぶる音で",
        "刺激的なアイデアで Wow oh 君を虜にする",
        "",
        "I'm calling (calling) for you",
        "I'll make you (make you) happy",
        "I want to show you something",
        "きっと忘れられない",
        "Let's get (Let's get) started",
        "I'll show you something special",
        "とびっきりをおみまいさ",
        "",
        "僕らの世界 魂震わせて",
        "We will live 形を変えて行く",
        "A B C 革命的",
        "心揺さぶる 核心のShowtime",
        "",
        "Wo oh oh",
        "Wo oh oh...",
        "",
        "色とりどりのイルミネーション",
        "受け取ってよインビテーション",
        "おもてなし後悔なし",
        "夢中になること間違いなし",
        "",
        "限りある時間に精一杯",
        "楽しめば笑顔でSay goodbye",
        "重なる音交わる色",
        "Welcome to the wonderland",
        "",
        "奇跡の扉 君が見つけた",
        "僕は応える 精一杯の声で",
        "魔法をかけて また会えるように",
        "もうすぐ夜が 明ける",
        "",
        "僕らの世界 闇を貫いて",
        "レーザービーム 光を散りばめて",
        "Take you away 君の居場所",
        "ほらここだよ",
        "",
        "僕らの世界 魂震わせて",
        "We will live 形を変えて行く",
        "A B C 革命的",
        "心揺さぶる 核心のShowtime",
        "",
        "誰も知らないMake-upで 君の知らない迷宮で",
        "So moving Let's dancing",
        "自信過剰なくらいが きっかけに変わるんだ",
        "I'll show you 胸躍るWonderland",
        ""
    ]
}