{
    "name": "明日ハレルヤ",
    "artist": [
        "Hey! Say! JUMP"
    ],
    "producer": [
        {
            "label": "作詞",
            "value": [
                "CHI-MEY"
            ]
        },
        {
            "label": "作曲",
            "value": [
                "CHI-MEY"
            ]
        }
    ],
    "lrc": [
        "「明日はもっとハレルヤ…。」",
        "ため息ついて振り返った君に",
        "たくさんの足跡がそっと笑いかけてた",
        "負けそうな時しか 見えない景色もある",
        "瞳の奥 しっかりと焼き付けて",
        "そうさ 今は今までの君だけを 誰より信じて歩いてみよう",
        "迷う時ほど 飾らない本当の自分が必要",
        "悩んで悔やんで もうやり尽くした君を もっと抱きしめよう",
        "何度でも立ち上がれ 明日ハレルヤ",
        "地平線の向こうに 滲(にじ)む夕日は ゆっくりと",
        "この空の大きさをそっと教えてくれた",
        "涙の先には 知らない景色があって",
        "今はまだ その鍵を探してる",
        "人は皆それぞれの道を行く 雨でも風でも歩いて行く",
        "君は君のバトンを 明日へと繋いでいくんだ",
        "凸凹谷底でもしがみついて生きる 生きていく強さを",
        "この胸に描いてる まだやれるさ",
        "光る方へ 信じた方へ",
        "手を伸ばせ 君の向こうへ",
        "そうさ 今は今までの君だけを 誰より信じて歩いてみよう",
        "迷う時ほど 飾らない本当の自分が必要",
        "悩んで悔やんで もうやり尽くした君を もっと抱きしめよう",
        "何度でも立ち上がれ 明日ハレルヤ",
        "光る方へ 信じた方へ",
        "手を伸ばせ 君の向こうへ (そうさ 今は今までの君だけを…)",
        "光る方へ 信じた方へ (そうさ 今は今までの君だけを…)",
        ""
    ]
}