{
    "name": "真紅",
    "artist": [
        "Hey!Say!JUMP"
    ],
    "producer": [
        {
            "label": "作詞",
            "value": [
                "山田涼介"
            ]
        },
        {
            "label": "作曲",
            "value": [
                "Fredrik Hult"
            ]
        }
    ],
    "lrc": [
        "いつもキミが すぐ隣で笑っていた あの風景",
        "ずっとずっと 続いていくと信じていた このストーリー",
        "",
        "思い出ばかり 輝きをやめない",
        "キミはもういないのに…",
        "",
        "Love me Show me Tell me",
        "僕の胸が キミのぬくもりを忘れない",
        "Love me? Show me? Tell me?",
        "ただ僕はキミの エ・ガ・オ 守りたかっただけさ",
        "",
        "あの日二人 見つけたクローバー 葉が一枚こぼれ落ちた",
        "それがきっと キミと僕を繋いでいた 愛情だった",
        "",
        "思い出じゃない ときめきがやまない",
        "そばにもういないのに…",
        "",
        "Love me Show me Tell me",
        "会いたくなる キミのぬくもりを感じたい",
        "Love me? Show me? Tell me?",
        "ただ僕はキミと ミ・ラ・イ 作りたかっただけさ",
        "",
        "流れていく 人の波と 追いつけない日々",
        "もう振り返らない キミの背中が 小さくなる",
        "",
        "Love me Show me Tell me",
        "僕の胸が キミのぬくもりを忘れない",
        "Love me? Show me? Tell me?",
        "ただ僕はキミの エ・ガ・オ 守りたかっただけさ",
        "",
        "Love me Show me Tell me",
        "会いたくなる キミのぬくもりを感じたい",
        "Love me? Show me? Tell me?",
        "ただ僕はキミと ミ・ラ・イ 作りたかっただけさ",
        ""
    ]
}