{
    "name": "二人掛けの場所",
    "artist": [
        "Hey! Say! JUMP"
    ],
    "producer": [
        {
            "label": "作詞",
            "value": [
                "Vandrythem"
            ]
        },
        {
            "label": "作曲",
            "value": [
                "石塚知生"
            ]
        },
        {
            "label": "編曲",
            "value": [
                "h-wonder"
            ]
        }
    ],
    "lrc": [
        "いつか君が言ってた違う世界のコト",
        "急に大人になる君が笑っていた",
        "校舎裏空き地から家路までの距離が",
        "僕らの全てだった小さな世界の中",
        "君がくれたメールは",
        "一言ガンバレの文字",
        "すぐに返事は出来ずに",
        "夕日がなくなるのを見てた",
        "明日の僕を探しても",
        "昨日の二人が浮かぶ",
        "のばした手の先はまた",
        "ため息だけ掴んだ",
        "未来の僕を探しても",
        "思い出ばかり輝く",
        "行かなくちゃ 分かってる",
        "でも今はもう少しここにいさせて",
        "I can never get. It's your life. I can never get. It's your life.",
        "もうすぐ夜が空をそめていく",
        "I can never get. It's your life. You can never get. It's my life.",
        "いつかきっと",
        "ここを離れて行く君に",
        "まだ追いつけないけれど",
        "あてのない道の向こう",
        "何かが見つかると",
        "踏み出す事が出来たなら",
        "メールの返事を出すよ",
        "その時は思い出して",
        "何もかもが二人だったあの場所",
        "I can never get. It's your life. I can never get. It's your life.",
        "静かに街は朝を待ってる",
        "I can never get. It's your life. You can never get. It's my life.",
        "[00:01.92]「二人掛けの場所」",
        "[00:02.92]",
        "[00:03.92]",
        "[00:04.92]歌：Hey! Say! JUMP",
        "[00:05.92]",
        "[00:07.92]いつか君が言ってた違う世界のコト",
        "[00:19.50]急に大人になる君が笑っていた",
        "[00:35.66]校舍裹の空き地から家路までの距離が",
        "[00:47.90]僕らの全てだった小さな世界の中",
        "[01:00.80]君がくれたメールは",
        "[01:06.78]一言ガンバレの文字",
        "[01:12.40]すぐに返事は出來ずに",
        "[01:19.30]夕日がなくなるのを見てた",
        "[01:26.15]",
        "[01:28.66]明日の僕を探しても",
        "[01:35.29]昨日の二人が浮かぶ",
        "[01:41.47]のばした手の先はまた",
        "[01:47.92]ため息だけ摑んだ",
        "[01:54.20]未來の僕を探しても",
        "[02:01.05]思い出ばかり輝く",
        "[02:06.99]行かなくちゃ 分かってる",
        "[02:13.31]でも今はもう少しここにいさせて",
        "[02:21.83]I can never get. It's your life.",
        "[02:23.97]I can never get. It's your life.",
        "[02:27.30]もうすぐ夜が空をそめていく",
        "[02:33.16]I can never get. It's your life.",
        "[02:36.88]You can never get. It's my life.",
        "[02:41.01]いつかきっと",
        "[02:45.72]",
        "[02:48.83]ここを離れて行く君に",
        "[02:54.85]まだ追いつけないけれど",
        "[03:00.93]あてのない道の向こう",
        "[03:07.47]何かが見つかると",
        "[03:13.65]踏み出す事が出來たなら",
        "[03:20.07]メールの返事を出すよ",
        "[03:26.33]その時は思い出して",
        "[03:32.81]何もかもが二人だったあの場所",
        "[03:41.09]I can never get. It's your life.",
        "[03:43.65]I can never get. It's your life.",
        "[03:46.54]靜かに街は朝を待ってる",
        "[03:52.18]I can never get. It's your life.",
        "[03:56.07]You can never get. It's my life.",
        "[04:01.88]",
        "[04:07.88]【 おわり 】",
        ""
    ]
}