{
    "name": "星の降る夜に",
    "artist": [
        "Hey! Say! JUMP"
    ],
    "producer": [
        {
            "label": "作詞",
            "value": [
                "タハラノブヒロ"
            ]
        },
        {
            "label": "作曲",
            "value": [
                "タハラノブヒロ"
            ]
        }
    ],
    "lrc": [
        "星の光を 散りばめたこの街に",
        "今日もまたいくつもの 願いが静かに灯る",
        "恋の明かりの 数をかぞえる度に",
        "そこにある幸せの意味を 思い出す夜",
        "白く流れた息の行方を 見上げたら光が溢れた",
        "今年もこの街の夜空に 沢山の願いを浮かべて",
        "まだ見ぬ誰かの幸せ想う 祈りの歌うたおう",
        "かぞえ切れない悲しみの日を 繰り返してしまわぬよう",
        "せめて今夜だけは 君のその笑顔が",
        "ずっと続くように祈ろう",
        "見上げたこの街の夜空に 散らばる星のような願いが",
        "叶いますように 届きますように 祈りの歌うたおう",
        "La La La ...",
        ""
    ]
}