{
    "name": "俺たちの青春",
    "artist": [
        "髙木雄也"
    ],
    "producer": [
        {
            "label": "作詞",
            "value": [
                "久保田洋司"
            ]
        },
        {
            "label": "作曲",
            "value": [
                "馬飼野康二"
            ]
        }
    ],
    "lrc": [
        "俺たち 今しかできないことがあるのさ それを",
        "くだらないことだと 無駄なことだと言わせない",
        "",
        "太陽より眩しいもの",
        "目を閉じていても胸まで熱くなる",
        "",
        "友情 わかり合えるヤツ",
        "感情 ぶつけ合えるヤツ",
        "命燃やして生きている",
        "俺たちがここにいる",
        "心をざわつかせたまま",
        "季節は過ぎようとしてる",
        "全てが変わるその前に",
        "何かを変えたくて走った",
        "",
        "俺たち どこまで行ってもどこにも行けないような",
        "気分で いつもの場所に思いを解き放つ",
        "",
        "丘の上で見下ろす街",
        "ちっぽけな俺たちと果てしない空",
        "",
        "友情 けっして壊れない",
        "純情 傷つきながらも",
        "かけがえのないこの時を",
        "共に越えることの意味",
        "こんな痛みも 明日には",
        "消えるのかもしれないけど",
        "待てないのさ 俺たちには",
        "今しかできないことがある",
        "",
        "友情 わかり合えるヤツ",
        "感情 ぶつけ合えるヤツ",
        "命燃やして生きている",
        "俺たちがここにいる",
        "心をざわつかせたまま",
        "季節は過ぎようとしてる",
        "全てが変わるその前に",
        "何かを変えたくて走った",
        "",
        "俺たちの青春",
        ""
    ]
}