{
    "name": "波の上で会いましょう",
    "reading": "Nami no Ue de Aimashou",
    "info": [
        {
            "label": "作詞",
            "value": [
                "KOUDAI IWATSUBO"
            ]
        },
        {
            "label": "作曲",
            "value": [
                "Stephan Elfgren",
                "KOUDAI IWATSUBO"
            ]
        }
    ],
    "lrc": [
        "日焼け眩しや　チラ見して Feel so good",
        "昨日の悲しみは　暑さで溶けてく　Hey, Good bye bye",
        "胸をたぎらせて　かき氷に Dive Dive Dive",
        "踏ん張るこの足で　俺ら見つけて行く Summer time",
        "",
        "青いうねり強烈に巻き込んで　勝負始まる Ocean",
        "砂に書いた想いを謳歌すれば　いつでもなれるぜ　主役に",
        "",
        "もう満開　夏の桜さ",
        "波飛沫(なみしぶき)が落ちてく Big wave　くぐり抜け",
        "いざ水平線　乗らせておくれ",
        "気分上々　More More　テンションアゲて",
        "Baby, all right?",
        "",
        "ひゅるり、うらめしや　肝試し Don’t look back",
        "季節限定の　小粋な女神は Beau-Beautiful",
        "ソーダ流し込め　常夏と Shake Shake Shake",
        "痺れるロマンスを　求めて探す旅 Ups & Downs",
        "",
        "デカい野望も夏空に打ち上げて　たまに涙…イイじゃん",
        "背中押され駆け出す物語　今日も繰り出すぜ　真っ直ぐ",
        "",
        "解禁中　夏のゲレンデ",
        "南風が恋する季節にだけ現れる",
        "いざ海岸線　泳いで行こう",
        "熱い闘魂　Go Go　Rock’n style で",
        "Let’s have a blast!",
        "",
        "Baby, all right?　Baby, all right?",
        "",
        "お待ちかねの完璧な波模様　逃せない“今”があるはず",
        "",
        "波の上で会いましょう",
        "",
        "もう満開　夏の桜さ",
        "波飛沫が落ちてく Big wave　くぐり抜け",
        "いざ水平線　乗らせておくれ",
        "気分上々　More More　テンションアゲて",
        "",
        "解禁中　夏のゲレンデ",
        "南風が恋する季節にだけ現れる",
        "いざ海岸線　泳いで行こう",
        "熱い闘魂　Go Go　Rock’n style で",
        "Let’s have a blast!",
        "",
        "hiyake mabushi ya chirami shite Feel so good ",
        "Kinou no kanashimi wa atsusa de toketeku Hey, Good bye bye ",
        "Mune wo tagirasete kakigoori ni Dive Dive Dive ",
        "Funbaru kono ashi de orera mitsukete yuku Summer time",
        "",
        "aoi uneri kyouretsu ni makikonde shoubu hajimaru Ocean ",
        "Suna ni kaita omoi wo ooka sureba itsudemo nareru ze shuyaku ni",
        "",
        "mou mankai natsu no sakura sa ",
        "Namishibuki ga ochiteku Big wave kugurinuke ",
        "Iza suiheisen norasete okure ",
        "Kibun joujou More More tenshon agete ",
        "Baby, all right?",
        "",
        "hyururi, urameshi ya kimodameshi Don’t look back ",
        "Kisetsu gentei no koiki na megami wa Beau-Beautiful ",
        "Sooda nagashikome tokonatsu to Shake Shake Shake ",
        "Shibireru romansu wo motomete sagasu tabi Ups & Downs",
        "",
        "dekai yabou mo natsuzora ni uchiagete tamani namida… ii jan ",
        "Senaka osare kakedasu monogatari kyou mo kuridasu ze massugu",
        "",
        "kaikinjuu natsu no gerende ",
        "Minami kaze ga koi suru kisetsu ni dake arawareru ",
        "Iza kaigansen oyoide yukou ",
        "Atsui toukon Go Go Rock’n style de ",
        "Let’s have a blast!",
        "",
        "Baby, all right? Baby, all right?",
        "",
        "omachi kane no kanpeki na nami moyou nogasenai “ima” ga aru hazu",
        "",
        "nami no ue de aimashou",
        "",
        "mou mankai natsu no sakura sa ",
        "Namishibuki ga ochiteku Big wave kugurinuke ",
        "Iza suiheisen norasete okure ",
        "Kibun joujou More More tenshon agete",
        "",
        "kaikinjuu natsu no gerende ",
        "Minami kaze ga koi suru kisetsu ni dake arawareru ",
        "Iza kaigansen oyoide yukou ",
        "Atsui toukon Go Go Rock’n style de ",
        "Let’s have a blast!",
        ""
    ]
}