{
    "name": "ス・リ・ル",
    "artist": [
        "Hey! Say! BEST"
    ],
    "producer": [
        {
            "label": "作詞",
            "value": [
                "久保田洋司",
                "(RAP)八乙女光"
            ]
        },
        {
            "label": "作曲",
            "value": [
                "田中直"
            ]
        },
        {
            "label": "編曲",
            "value": [
                "吉岡たく"
            ]
        }
    ],
    "lrc": [
        "刺激的(しげきてき)だぜ!",
        "ただ一(ひと)つの愿(ねが)いが叶(かな)うなら",
        "君(きみ)は何(なに)を望(のぞ)む?",
        "Right now.Tell.Tell.Tell.Tell.Tell.Tell.Tell.Tell.Tell. me what to do",
        "瞳(ひとみ)の奥(おく) 光(ひか)るその思(おも)い",
        "考(かんが)えるよりも先(さき)に感(かん)じてる",
        "新(あたら)しい时代(じだい)の匂い(にお)いを",
        "このまま いい気持(きも)ちに 连(つ)れて行(い)ってやりたい",
        "时(とき)は今(いま) 求(もと)めてる こんな瞬间(しゅんかん)を",
        "Baby",
        "刺激的(しげきてき)であれ しびれるくらい",
        "そして何(なに)よりも 自分(じぶん)らしくあれ",
        "イメージできればリアルにできる",
        "世界(せかい)さえも変(か)えられるさ",
        "One day one night Get スリル",
        "ただ一(ひと)つの愿(ねが)いが叶(かな)うなら",
        "君(きみ)は何(なに)を望(のぞ)む?",
        "Right now.Tell me. Kiss me.Tell me. Love me.Tell me what to say.",
        "心(こころ)の底(そこ) もがくその思(おも)い",
        "感(かん)じることより先(さき)に知(し)っている",
        "新(あたら)しい时代(じだい)が来(く)るのを",
        "Sweet 音(おと)の间(ま)に响(ひび)く鼓动(こどう)",
        "Real 触(ふ)れてるみたいな错覚(さっかく)",
        "Loose 先(さき)の事(こと)なんて今(いま)はいい",
        "モウ?カン?ダケデ?イケ",
        "Say!",
        "Get!",
        "心(こころ)の欲(よく)危殆(きたい)に妙(みょう)な感覚(かんかく)を覚(おぼ)えそう",
        "君(きみ)と息(いき)敏感(びんかん)に合(あ)わせ",
        "何(なに)か掴(つか)め この刺激的(しげきてき)の最中(さいちゅう)",
        "このまま いいところに连(つ)れて行(い)ってやりたい",
        "时(とき)はずっと探(さが)してた こんな辉(かがや)きを",
        "Baby",
        "刺激的(しげきてき)であれ しびれるくらい",
        "そして何(なに)よりも 自分(じぶん)らしくあれ",
        "イメージできればリアルにできる",
        "世界(せかい)さえも変(か)えられるさ",
        "One day one night Get スリル",
        "ただ一(ひと)つの愿(ねが)いが叶(かな)うなら",
        "君(きみ)は何(なに)を望(のぞ)む?",
        "ただ一(ひと)つの愿(ねが)いが叶(かな)うなら",
        "すべてを手(て)に入(い)れる",
        ""
    ]
}