{
    "name": "smile",
    "type": "Single",
    "release": "2020.08.12",
    "artist": [
        "Twenty★Twenty"
    ],
    "group": [
        {
            "version": "CDパッケージ",
            "cover": "/material/AMIfv947XZNjlj6pskXDfywm9rAbBfeimtoNeYorO3GKwysy8fpuHYY_3lVihs8OjbXsCjRUGmPw2a65hkeU4pbz4duSEQgb_niTKhXtI1WlG1S-60RCA8-Ja5daGR1kUVUjEl36mYfT2ZmDxnWVa9XWddl9mu2HushL5frM6lhKV1JI05xy8XU?c=0&m=image%2Fjpeg",
            "disk": [
                "CD+DVD"
            ],
            "CD": [
                "smile",
                "Wash Your Hands",
                "smile(オリジナル･カラオケ)",
                "Wash Your Hands(オリジナル･カラオケ)"
            ],
            "DVD": [
                {
                    "name": "smile",
                    "type": [
                        "Video Clip"
                    ]
                },
                "レコーディングドキュメンタリー",
                "smile リリック･ビデオ"
            ]
        }
    ]
}