{
    "filename": "HSJ_songMap.json",
    "songs": {
        "159": {
            "name": "159",
            "from": [
                "SENSE or LOVE"
            ]
        },
        "Chau♯": {
            "name": "Chau♯",
            "from": [
                "Hey! Say! JUMP 2007-2017 I/O",
                "JUMPing CAR",
                "Chau♯ / 我 I Need You"
            ],
            "video": [
                "Video Clip & Making"
            ],
            "karaok": true
        },
        "我 I Need You": {
            "name": "我 I Need You",
            "from": [
                "Hey! Say! JUMP 2007-2017 I/O",
                "Chau♯ / 我 I Need You"
            ],
            "karaok": true
        },
        "スルー": {
            "name": "スルー",
            "from": [
                "Chau♯ / 我 I Need You"
            ],
            "karaok": true
        },
        "KAZEKAORU": {
            "name": "KAZEKAORU",
            "from": [
                "Chau♯ / 我 I Need You"
            ],
            "karaok": true
        },
        "キミアトラクション": {
            "name": "キミアトラクション",
            "from": [
                "Hey! Say! JUMP 2007-2017 I/O",
                "DEAR.",
                "キミアトラクション"
            ],
            "video": [
                "Viedo Clip & Making (Dance Ver.)",
                "Viedo Clip & Making"
            ],
            "karaok": true
        },
        "ChikuTaku": {
            "name": "ChikuTaku",
            "from": [
                "Hey! Say! JUMP 2007-2017 I/O",
                "キミアトラクション"
            ]
        },
        "秋、晴れ。僕に風が吹いた。": {
            "name": "秋、晴れ。僕に風が吹いた。",
            "from": [
                "キミアトラクション"
            ]
        },
        "Shall We？": {
            "name": "Shall We？",
            "from": [
                "キミアトラクション"
            ],
            "karaok": true
        },
        "NEW AGE": {
            "name": "NEW AGE",
            "from": [
                "キミアトラクション"
            ],
            "karaok": true
        },
        "Ignition": {
            "name": "Ignition",
            "from": [
                "キミアトラクション"
            ],
            "karaok": true
        },
        "DREAMER": {
            "name": "DREAMER",
            "from": [
                "JUMP NO.1"
            ]
        },
        "INFINITY": {
            "name": "INFINITY",
            "from": [
                "JUMP NO.1"
            ]
        },
        "瞳のスクリーン": {
            "name": "瞳のスクリーン",
            "from": [
                "瞳のスクリーン",
                "Hey! Say! JUMP 2007-2017 I/O",
                "JUMP NO.1"
            ],
            "video": [
                "Video Clip & Making"
            ],
            "karaok": true
        },
        "真紅": {
            "name": "真紅",
            "from": [
                "JUMP NO.1"
            ]
        },
        "ガンバレッツゴー！": {
            "name": "ガンバレッツゴー！",
            "from": [
                "JUMP NO.1"
            ]
        },
        "情熱JUMP": {
            "name": "情熱JUMP",
            "from": [
                "JUMP NO.1"
            ]
        },
        "すまいるそんぐ": {
            "name": "すまいるそんぐ",
            "from": [
                "JUMP NO.1"
            ]
        },
        "Memories": {
            "name": "Memories",
            "from": [
                "JUMP NO.1"
            ]
        },
        "Dreams come true": {
            "name": "Dreams come true",
            "from": [
                "Dreams come true",
                "Hey! Say! JUMP 2007-2017 I/O",
                "JUMP NO.1"
            ],
            "video": [
                "Video Clip & Making"
            ],
            "karaok": true
        },
        "Time": {
            "name": "Time",
            "from": [
                "JUMP NO.1"
            ]
        },
        "Score": {
            "name": "Score",
            "from": [
                "JUMP NO.1"
            ]
        },
        "Your Seed": {
            "name": "Your Seed",
            "from": [
                "Your Seed／冒険ライダー",
                "Hey! Say! JUMP 2007-2017 I/O",
                "JUMP NO.1"
            ],
            "video": [
                "Video Clip & Making"
            ],
            "karaok": true
        },
        "アイ☆スクリーム": {
            "name": "アイ☆スクリーム",
            "from": [
                "JUMP NO.1"
            ]
        },
        "真夜中のシャドーボーイ": {
            "name": "真夜中のシャドーボーイ",
            "from": [
                "真夜中のシャドーボーイ",
                "Hey! Say! JUMP 2007-2017 I/O",
                "JUMP NO.1"
            ],
            "video": [
                "Video Clip & Making"
            ],
            "karaok": true
        },
        "Dash!!": {
            "name": "Dash!!",
            "from": [
                "JUMP NO.1"
            ]
        },
        "Ultra Music Power": {
            "name": "Ultra Music Power",
            "from": [
                "Ultra Music Power",
                "Hey! Say! JUMP 2007-2017 I/O",
                "JUMP NO.1"
            ],
            "video": [
                "Video Clip & Making"
            ],
            "karaok": true
        },
        "Thank You ～僕たちから君へ～": {
            "name": "Thank You ～僕たちから君へ～",
            "from": [
                "JUMP NO.1"
            ]
        },
        "パーフェクト ライフ": {
            "name": "パーフェクト ライフ",
            "from": [
                "JUMP WORLD"
            ]
        },
        "SUPER DELICATE": {
            "name": "SUPER DELICATE",
            "from": [
                "SUPER DELICATE",
                "Hey! Say! JUMP 2007-2017 I/O",
                "JUMP WORLD"
            ],
            "video": [
                "Video Clip & Making"
            ],
            "karaok": true
        },
        "つなぐ手と手": {
            "name": "つなぐ手と手",
            "from": [
                "JUMP WORLD"
            ]
        },
        "僕はVampire": {
            "name": "僕はVampire",
            "from": [
                "JUMP WORLD"
            ]
        },
        "OVER": {
            "name": "OVER",
            "from": [
                "OVER",
                "Hey! Say! JUMP 2007-2017 I/O",
                "JUMP WORLD"
            ],
            "karaok": true,
            "video": [
                "Video Clip & Making"
            ]
        },
        "Hero": {
            "name": "Hero",
            "from": [
                "JUMP WORLD"
            ]
        },
        "Magic Power": {
            "name": "Magic Power",
            "from": [
                "Magic Power",
                "Hey! Say! JUMP 2007-2017 I/O",
                "JUMP WORLD"
            ],
            "video": [
                "Video Clip & Making"
            ],
            "karaok": true
        },
        "Hurry up!": {
            "name": "Hurry up!",
            "from": [
                "JUMP WORLD"
            ]
        },
        "サム&ピンキー": {
            "name": "サム&ピンキー",
            "from": [
                "JUMP WORLD"
            ]
        },
        "｢ありがとう｣ ～世界のどこにいても～": {
            "name": "｢ありがとう｣ ～世界のどこにいても～",
            "from": [
                "｢ありがとう｣ ～世界のどこにいても～",
                "Hey! Say! JUMP 2007-2017 I/O",
                "JUMP WORLD"
            ],
            "karaok": true,
            "video": [
                "Video Clip & Making"
            ]
        },
        "Together forever": {
            "name": "Together forever",
            "from": [
                "JUMP WORLD"
            ]
        },
        "スパイシー": {
            "name": "スパイシー",
            "from": [
                "JUMP WORLD"
            ]
        },
        "ウタウタウ": {
            "name": "ウタウタウ",
            "from": [
                "JUMP WORLD"
            ]
        },
        "Endless Dream": {
            "name": "Endless Dream",
            "from": [
                "JUMP WORLD"
            ]
        },
        "スナップ": {
            "name": "スナップ",
            "from": [
                "JUMP WORLD"
            ]
        },
        "花 えがお": {
            "name": "花 えがお",
            "from": [
                "JUMP WORLD"
            ]
        },
        "FOREVER": {
            "name": "FOREVER",
            "from": [
                "smart"
            ],
            "video": [
                "Video Clip"
            ]
        },
        "Ready Go": {
            "name": "Ready Go",
            "from": [
                "smart"
            ]
        },
        "Come On A My House": {
            "name": "Come On A My House",
            "from": [
                "Come On A My House",
                "Hey! Say! JUMP 2007-2017 I/O",
                "smart"
            ],
            "karaok": true,
            "video": [
                "Video Clip & Making"
            ]
        },
        "切なさ、ひきかえに": {
            "name": "切なさ、ひきかえに",
            "from": [
                "smart"
            ],
            "video": [
                "Video Clip"
            ]
        },
        "Candle": {
            "name": "Candle",
            "from": [
                "smart"
            ]
        },
        "パステル": {
            "name": "パステル",
            "from": [
                "smart"
            ]
        },
        "ゆーと叩いてみた。": {
            "name": "ゆーと叩いてみた。",
            "from": [
                "smart"
            ]
        },
        "コンパスローズ": {
            "name": "コンパスローズ",
            "from": [
                "smart"
            ]
        },
        "Ride With Me": {
            "name": "Ride With Me",
            "from": [
                "Ride With Me",
                "Hey! Say! JUMP 2007-2017 I/O",
                "smart"
            ],
            "karaok": true,
            "video": [
                "Video Clip & Making"
            ]
        },
        "Come Back...？": {
            "name": "Come Back...？",
            "from": [
                "smart"
            ]
        },
        "RELOAD": {
            "name": "RELOAD",
            "from": [
                "smart"
            ]
        },
        "はじまりのメロディ": {
            "name": "はじまりのメロディ",
            "from": [
                "smart"
            ]
        },
        "AinoArika": {
            "name": "AinoArika",
            "from": [
                "AinoArika/愛すればもっとハッピーライフ",
                "Hey! Say! JUMP 2007-2017 I/O",
                "smart"
            ],
            "video": [
                "Video Clip & Making"
            ],
            "karaok": true
        },
        "My World": {
            "name": "My World",
            "from": [
                "smart"
            ]
        },
        "ともだちだよ": {
            "name": "ともだちだよ",
            "from": [
                "smart"
            ]
        },
        "Yes！": {
            "name": "Yes！",
            "from": [
                "smart"
            ]
        },
        "Super Super Night": {
            "name": "Super Super Night",
            "from": [
                "smart"
            ]
        },
        "Oh！ アイドル！": {
            "name": "Oh！ アイドル！",
            "from": [
                "smart"
            ]
        },
        "Fantasist(Instrumental)": {
            "name": "Fantasist(Instrumental)",
            "from": [
                "JUMPing CAR"
            ]
        },
        "JUMPing CAR": {
            "name": "JUMPing CAR",
            "from": [
                "JUMPing CAR"
            ]
        },
        "Walk": {
            "name": "Walk",
            "from": [
                "JUMPing CAR"
            ]
        },
        "SHen SHera SHen": {
            "name": "SHen SHera SHen",
            "from": [
                "JUMPing CAR"
            ]
        },
        "ウィークエンダー": {
            "name": "ウィークエンダー",
            "from": [
                "ウィークエンダー/明日へのYELL",
                "Hey! Say! JUMP 2007-2017 I/O",
                "JUMPing CAR"
            ],
            "video": [
                "Video Clip & Making"
            ],
            "karaok": true
        },
        "キラキラ光れ": {
            "name": "キラキラ光れ",
            "from": [
                "JUMPing CAR"
            ],
            "video": [
                "Video Clip & Making"
            ]
        },
        "愛よ、僕を導いてゆけ": {
            "name": "愛よ、僕を導いてゆけ",
            "from": [
                "JUMPing CAR"
            ]
        },
        "Fever": {
            "name": "Fever",
            "from": [
                "JUMPing CAR"
            ]
        },
        "Boys Don't Stop": {
            "name": "Boys Don't Stop",
            "from": [
                "JUMPing CAR"
            ]
        },
        "Dangerous": {
            "name": "Dangerous",
            "from": [
                "JUMPing CAR"
            ]
        },
        "ヨワムシ★シューター": {
            "name": "ヨワムシ★シューター",
            "from": [
                "JUMPing CAR"
            ]
        },
        "明日へのYELL": {
            "name": "明日へのYELL",
            "from": [
                "ウィークエンダー/明日へのYELL",
                "Hey! Say! JUMP 2007-2017 I/O",
                "JUMPing CAR"
            ],
            "video": [
                "Video Clip & Making"
            ],
            "karaok": true
        },
        "Farewell": {
            "name": "Farewell",
            "from": [
                "JUMPing CAR"
            ]
        },
        "Very Very Happy": {
            "name": "Very Very Happy",
            "from": [
                "JUMPing CAR"
            ]
        },
        "殺せんせーションズ(Hey! Say! JUMP ver.)": {
            "name": "殺せんせーションズ(Hey! Say! JUMP ver.)",
            "from": [
                "JUMPing CAR"
            ]
        },
        "DISCO JOCKEY!!!": {
            "name": "DISCO JOCKEY!!!",
            "from": [
                "JUMPing CAR"
            ]
        },
        "UNION": {
            "name": "UNION",
            "from": [
                "JUMPing CAR"
            ],
            "video": [
                "Video Clip & Making"
            ]
        },
        "ペットショップラブモーション": {
            "name": "ペットショップラブモーション",
            "from": [
                "JUMPing CAR"
            ]
        },
        "3月14日～時計": {
            "name": "3月14日～時計",
            "from": [
                "JUMPing CAR"
            ]
        },
        "Viva！ 9's SOUL": {
            "name": "Viva！ 9's SOUL",
            "from": [
                "JUMPing CAR"
            ]
        },
        "Puppy Boo": {
            "name": "Puppy Boo",
            "from": [
                "JUMPing CAR"
            ]
        },
        "Invitation(Instrumental)": {
            "name": "Invitation(Instrumental)",
            "from": [
                "DEAR."
            ]
        },
        "Masquerade": {
            "name": "Masquerade",
            "from": [
                "DEAR."
            ],
            "video": [
                "Video Clip & Making"
            ]
        },
        "RUN de Boo！": {
            "name": "RUN de Boo！",
            "from": [
                "DEAR."
            ]
        },
        "ドリームマスター": {
            "name": "ドリームマスター",
            "from": [
                "DEAR."
            ]
        },
        "B.A.B.Y.": {
            "name": "B.A.B.Y.",
            "from": [
                "DEAR."
            ]
        },
        "Special Love": {
            "name": "Special Love",
            "from": [
                "DEAR."
            ]
        },
        "Dear.": {
            "name": "Dear.",
            "from": [
                "DEAR."
            ]
        },
        "Eternal": {
            "name": "Eternal",
            "from": [
                "DEAR."
            ]
        },
        "SUPERMAN": {
            "name": "SUPERMAN",
            "from": [
                "DEAR."
            ]
        },
        "order": {
            "name": "order",
            "from": [
                "DEAR."
            ]
        },
        "Tasty U": {
            "name": "Tasty U",
            "from": [
                "DEAR."
            ]
        },
        "スローモーション": {
            "name": "スローモーション",
            "from": [
                "DEAR."
            ]
        },
        "愛のシュビドゥバ": {
            "name": "愛のシュビドゥバ",
            "from": [
                "DEAR."
            ]
        },
        "KISS Diary": {
            "name": "KISS Diary",
            "from": [
                "DEAR."
            ]
        },
        "Brand New World": {
            "name": "Brand New World",
            "from": [
                "DEAR."
            ]
        },
        "今夜貴方を口説きます": {
            "name": "今夜貴方を口説きます",
            "from": [
                "DEAR."
            ]
        },
        "Mr.Flawless": {
            "name": "Mr.Flawless",
            "from": [
                "DEAR."
            ]
        },
        "僕とけいと": {
            "name": "僕とけいと",
            "from": [
                "DEAR."
            ]
        },
        "My Girl": {
            "name": "My Girl",
            "from": [
                "DEAR."
            ]
        },
        "From.": {
            "name": "From.",
            "from": [
                "Hey! Say! JUMP 2007-2017 I/O",
                "DEAR."
            ]
        },
        "愛すればもっとハッピーライフ": {
            "name": "愛すればもっとハッピーライフ",
            "from": [
                "AinoArika/愛すればもっとハッピーライフ",
                "Hey! Say! JUMP 2007-2017 I/O"
            ],
            "video": [
                "Video Clip & Making"
            ],
            "karaok": true
        },
        "真剣SUNSHINE": {
            "name": "真剣SUNSHINE",
            "from": [
                "真剣SUNSHINE",
                "Hey! Say! JUMP 2007-2017 I/O"
            ],
            "video": [
                "Video Clip & Making"
            ],
            "karaok": true
        },
        "Fantastic Time": {
            "name": "Fantastic Time",
            "from": [
                "Fantastic Time",
                "Hey! Say! JUMP 2007-2017 I/O"
            ],
            "video": [
                "Video Clip & Making"
            ],
            "karaok": true
        },
        "Give Me Love": {
            "name": "Give Me Love",
            "from": [
                "Give Me Love",
                "Hey! Say! JUMP 2007-2017 I/O"
            ],
            "video": [
                "Video Clip & Making"
            ],
            "karaok": true
        },
        "OVER THE TOP": {
            "name": "OVER THE TOP",
            "from": [
                "OVER THE TOP",
                "Hey! Say! JUMP 2007-2017 I/O"
            ],
            "video": [
                "Video Clip & Making"
            ],
            "karaok": true
        },
        "TO THE TOP": {
            "name": "TO THE TOP",
            "from": [
                "Hey! Say! JUMP 2007-2017 I/O"
            ]
        },
        "トビラの向こう": {
            "name": "トビラの向こう",
            "from": [
                "Hey! Say! JUMP 2007-2017 I/O"
            ]
        },
        "Star Time": {
            "name": "Star Time",
            "from": [
                "Ultra Music Power",
                "Hey! Say! JUMP 2007-2017 I/O"
            ],
            "karaok": true
        },
        "心･技･体": {
            "name": "心･技･体",
            "from": [
                "Hey! Say! JUMP 2007-2017 I/O"
            ]
        },
        "愛ing -アイシテル-": {
            "name": "愛ing -アイシテル-",
            "from": [
                "OVER",
                "Hey! Say! JUMP 2007-2017 I/O"
            ],
            "video": [
                "Video Clip & Making"
            ],
            "karaok": true
        },
        "Viva！ 9's SOUL (2017 ver.)": {
            "name": "Viva！ 9's SOUL(2017 Ver.)",
            "from": [
                "Hey! Say! JUMP 2007-2017 I/O"
            ]
        },
        "太陽にLOVE MOTION！": {
            "name": "太陽にLOVE MOTION！",
            "from": [
                "Hey! Say! JUMP 2007-2017 I/O"
            ]
        },
        "冒険ライダー": {
            "name": "冒険ライダー",
            "from": [
                "Your Seed／冒険ライダー",
                "Hey! Say! JUMP 2007-2017 I/O"
            ],
            "karaok": true
        },
        "I/O": {
            "name": "I/O",
            "from": [
                "Hey! Say! JUMP 2007-2017 I/O"
            ]
        },
        "H.our Time": {
            "name": "H.our Time",
            "from": [
                "Hey! Say! JUMP 2007-2017 I/O"
            ]
        },
        "White Love": {
            "name": "White Love",
            "from": [
                "White Love",
                "SENSE or LOVE"
            ],
            "video": [
                "Video Clip & Making"
            ],
            "karaok": true
        },
        "BANGER NIGHT": {
            "name": "BANGER NIGHT",
            "from": [
                "SENSE or LOVE"
            ],
            "video": [
                "Video Clip & Making"
            ]
        },
        "Dance The Night Away": {
            "name": "Dance The Night Away",
            "from": [
                "SENSE or LOVE"
            ]
        },
        "女王蜂": {
            "name": "女王蜂",
            "from": [
                "SENSE or LOVE"
            ]
        },
        "One & One Makes Two": {
            "name": "One & One Makes Two",
            "from": [
                "SENSE or LOVE"
            ]
        },
        "マエヲムケ": {
            "name": "マエヲムケ",
            "from": [
                "マエヲムケ",
                "SENSE or LOVE"
            ],
            "video": [
                "Video Clip & Making"
            ],
            "karaok": true
        },
        "TO THE GALAXY": {
            "name": "TO THE GALAXY",
            "from": [
                "SENSE or LOVE"
            ]
        },
        "Jealous guy": {
            "name": "Jealous guy",
            "from": [
                "SENSE or LOVE"
            ]
        },
        "またこの場所で": {
            "name": "またこの場所で",
            "from": [
                "SENSE or LOVE"
            ]
        },
        "最後のラブソング": {
            "name": "最後のラブソング",
            "from": [
                "SENSE or LOVE"
            ]
        },
        "Precious Girl": {
            "name": "Precious Girl",
            "from": [
                "Precious Girl(Hey! Say! JUMP)/Are You There？(A.Y.T.)",
                "SENSE or LOVE"
            ],
            "video": [
                "Video Clip & Making"
            ],
            "karaok": true
        },
        "FLASH": {
            "name": "FLASH",
            "from": [
                "SENSE or LOVE"
            ]
        },
        "Swinging days": {
            "name": "Swinging days",
            "from": [
                "SENSE or LOVE"
            ]
        },
        "City Wander": {
            "name": "City Wander",
            "from": [
                "SENSE or LOVE"
            ]
        },
        "We Believe": {
            "name": "We Believe",
            "from": [
                "SENSE or LOVE"
            ]
        },
        "OLÉ！": {
            "name": "OLÉ！",
            "from": [
                "SENSE or LOVE"
            ]
        },
        "Journey": {
            "name": "Journey",
            "from": [
                "SENSE or LOVE"
            ]
        },
        "Do it again": {
            "name": "Do it again",
            "from": [
                "SENSE or LOVE"
            ]
        },
        "Waiting for the rain": {
            "name": "Waiting for the rain",
            "from": [
                "SENSE or LOVE"
            ]
        },
        "条件反射": {
            "name": "条件反射",
            "from": [
                "SENSE or LOVE"
            ]
        },
        "Bubble Gum": {
            "name": "Bubble Gum",
            "from": [
                "SENSE or LOVE"
            ]
        },
        "題名の無い物語": {
            "name": "題名の無い物語",
            "from": [
                "SENSE or LOVE"
            ]
        },
        "PINK": {
            "name": "PINK",
            "from": [
                "SENSE or LOVE"
            ]
        },
        "流星の詩": {
            "name": "流星の詩",
            "from": [
                "SENSE or LOVE"
            ]
        },
        "Virtual Butterfly": {
            "name": "Virtual Butterfly",
            "from": [
                "SENSE or LOVE"
            ]
        },
        "スンダDance": {
            "name": "スンダDance",
            "from": [
                "SENSE or LOVE"
            ]
        },
        "YOU & I": {
            "name": "YOU & I",
            "from": [
                "SENSE or LOVE"
            ]
        },
        "ミラクルワンダーマジック": {
            "name": "ミラクルワンダーマジック",
            "from": [
                "PARADE"
            ]
        },
        "ファンファーレ！": {
            "name": "ファンファーレ！",
            "from": [
                "ファンファーレ！",
                "PARADE"
            ],
            "video": [
                "Video Clip & Making"
            ],
            "karaok": true
        },
        "獣と薔薇": {
            "name": "獣と薔薇",
            "from": [
                "PARADE"
            ],
            "video": [
                "Video Clip & Making",
                "Vocal Recording"
            ]
        },
        "COSMIC☆HUMAN": {
            "name": "COSMIC☆HUMAN",
            "from": [
                "COSMIC☆HUMAN",
                "PARADE"
            ],
            "video": [
                "Video Clip & Making"
            ],
            "karaok": true
        },
        "はな壱もんめ": {
            "name": "はな壱もんめ",
            "from": [
                "PARADE"
            ]
        },
        "UTAGE Tonight": {
            "name": "UTAGE Tonight",
            "from": [
                "PARADE"
            ]
        },
        "｢I｣": {
            "name": "｢I｣",
            "from": [
                "PARADE"
            ]
        },
        "愛だけがすべて -What do you want?-": {
            "name": "愛だけがすべて -What do you want?-",
            "from": [
                "Sing-along",
                "PARADE"
            ],
            "video": [
                "Video Clip",
                "ミタゾノバージョン Video Clip & Making",
                "making"
            ]
        },
        "Zombie Step": {
            "name": "Zombie Step",
            "from": [
                "PARADE"
            ]
        },
        "Lucky-Unlucky": {
            "name": "Lucky-Unlucky",
            "from": [
                "Lucky-Unlucky／Hey! Say! JUMP｜Oh! my darling／山田涼介",
                "PARADE"
            ],
            "video": [
                "Video Clip & Making"
            ],
            "karaok": true
        },
        "Love Equation": {
            "name": "Love Equation",
            "from": [
                "PARADE"
            ]
        },
        "アイノユウヒ": {
            "name": "アイノユウヒ",
            "from": [
                "PARADE"
            ]
        },
        "CALL & PRAY": {
            "name": "CALL & PRAY",
            "from": [
                "PARADE"
            ]
        },
        "パレードが始まる": {
            "name": "パレードが始まる",
            "from": [
                "PARADE"
            ],
            "video": [
                "Video Clip & Making",
                "Vocal Recording"
            ]
        },
        "ぷぅのうた": {
            "name": "ぷぅのうた",
            "from": [
                "PARADE"
            ],
            "video": [
                "プ",
                "ロ",
                "ー",
                "グ",
                "ミ",
                "ニ",
                "ド",
                "ラ",
                "マ"
            ]
        },
        "パレードは終わらない -Life is an Adventure-": {
            "name": "パレードは終わらない -Life is an Adventure-",
            "from": [
                "PARADE"
            ]
        },
        "Fab-ism": {
            "name": "Fab-ism",
            "from": [
                "Fab! -Music speaks.-"
            ],
            "video": [
                "Video Clip & Making"
            ]
        },
        "I am": {
            "name": "I am",
            "from": [
                "I am / Muah Muah",
                "Fab! -Music speaks.-"
            ],
            "video": [
                "Video Clip & Making"
            ],
            "karaok": true
        },
        "狼青年": {
            "name": "狼青年",
            "from": [
                "Fab! -Music speaks.-"
            ],
            "video": [
                "Video Clip & Making",
                "Promotion Video"
            ]
        },
        "Muah Muah": {
            "name": "Muah Muah",
            "from": [
                "I am / Muah Muah",
                "Fab! -Music speaks.-"
            ],
            "video": [
                "Video Clip & Making",
                "ライブ映像(LIVE TOUR 2019-2020 PARADE 東京ドーム公演より)"
            ],
            "karaok": true
        },
        "千夜一夜": {
            "name": "千夜一夜",
            "from": [
                "Fab! -Music speaks.-"
            ],
            "video": [
                "Promotion Video"
            ]
        },
        "Your Song": {
            "name": "Your Song",
            "from": [
                "Your Song",
                "Fab! -Music speaks.-"
            ],
            "video": [
                "Video Clip (Relaxed Cut)",
                "Video Clip & Making"
            ],
            "karaok": true
        },
        "Jazzy Cut": {
            "name": "Jazzy Cut",
            "from": [
                "Fab! -Music speaks.-"
            ]
        },
        "Snow White": {
            "name": "Snow White",
            "from": [
                "Fab! -Music speaks.-"
            ]
        },
        "Liar": {
            "name": "Liar",
            "from": [
                "Fab! -Music speaks.-"
            ]
        },
        "Last Mermaid...": {
            "name": "Last Mermaid...",
            "from": [
                "Last Mermaid...",
                "Fab! -Music speaks.-"
            ],
            "video": [
                "Video Clip Single Version",
                "Video Clip & Making"
            ],
            "karaok": true
        },
        "MANTRA": {
            "name": "MANTRA",
            "from": [
                "Fab! -Music speaks.-"
            ]
        },
        "Puppet": {
            "name": "Puppet",
            "from": [
                "Fab! -Music speaks.-"
            ]
        },
        "Kiss Your Lips": {
            "name": "Kiss Your Lips",
            "from": [
                "Fab! -Music speaks.-"
            ]
        },
        "御伽と知る世界": {
            "name": "御伽と知る世界",
            "from": [
                "Fab! -Music speaks.-"
            ]
        },
        "ナイモノネダリ": {
            "name": "ナイモノネダリ",
            "from": [
                "Fab! -Music speaks.-"
            ],
            "video": [
                "Promotion Video"
            ]
        },
        "Last forever": {
            "name": "Last forever",
            "from": [
                "Fab! -Music speaks.-"
            ]
        },
        "闇の先へ僕らは歩き出す": {
            "name": "闇の先へ僕らは歩き出す",
            "from": [
                "Fab! -Music speaks.-"
            ]
        },
        "Too Shy": {
            "name": "Too Shy",
            "from": [
                "Ultra Music Power"
            ],
            "karaok": true
        },
        "俺たちの青春": {
            "name": "俺たちの青春",
            "from": [
                "Dreams come true"
            ],
            "karaok": true
        },
        "Chance to Change": {
            "name": "Chance to Change",
            "from": [
                "Dreams come true"
            ],
            "karaok": true
        },
        "スクール革命": {
            "name": "スクール革命",
            "from": [
                "真夜中のシャドーボーイ"
            ],
            "karaok": true
        },
        "Deep night 君思う": {
            "name": "Deep night 君思う",
            "from": [
                "真夜中のシャドーボーイ"
            ],
            "karaok": true
        },
        "輝きデイズ": {
            "name": "輝きデイズ",
            "from": [
                "瞳のスクリーン"
            ],
            "karaok": true
        },
        "Romeo & Juliet": {
            "name": "Romeo & Juliet",
            "from": [
                "瞳のスクリーン",
                "Hey! Say! JUMP 2007-2017 I/O"
            ],
            "karaok": true
        },
        "FLY": {
            "name": "FLY",
            "from": [
                "｢ありがとう｣ ～世界のどこにいても～"
            ],
            "karaok": true
        },
        "スノウソング": {
            "name": "スノウソング",
            "from": [
                "｢ありがとう｣ ～世界のどこにいても～"
            ],
            "karaok": true
        },
        "二人掛けの場所": {
            "name": "二人掛けの場所",
            "from": [
                "｢ありがとう｣ ～世界のどこにいても～"
            ],
            "karaok": true
        },
        "Born in the EARTH": {
            "name": "Born in the EARTH",
            "from": [
                "OVER"
            ]
        },
        "ユー・ガッタ・モール": {
            "name": "ユー・ガッタ・モール",
            "from": [
                "OVER"
            ],
            "karaok": true
        },
        "Screw": {
            "name": "Screw",
            "from": [
                "OVER"
            ],
            "karaok": true
        },
        "スクールデイズ": {
            "name": "スクールデイズ",
            "from": [
                "Magic Power"
            ]
        },
        "GET!!": {
            "name": "GET!!",
            "from": [
                "Magic Power"
            ]
        },
        "Beat Line": {
            "name": "Beat Line",
            "from": [
                "Magic Power"
            ],
            "karaok": true
        },
        "眠リノ森": {
            "name": "眠リノ森",
            "from": [
                "Magic Power"
            ],
            "karaok": true
        },
        "BE ALIVE": {
            "name": "BE ALIVE",
            "from": [
                "Magic Power"
            ],
            "karaok": true
        },
        "ス・リ・ル": {
            "name": "ス・リ・ル",
            "from": [
                "SUPER DELICATE"
            ],
            "video": [
                "Video Clip"
            ]
        },
        "ワンダーランド・トレイン": {
            "name": "ワンダーランド・トレイン",
            "from": [
                "SUPER DELICATE"
            ],
            "video": [
                "Video Clip"
            ]
        },
        "JUMP Around The World!!!": {
            "name": "JUMP Around The World!!!",
            "from": [
                "SUPER DELICATE"
            ],
            "karaok": true
        },
        "succeed": {
            "name": "succeed",
            "from": [
                "SUPER DELICATE"
            ],
            "karaok": true
        },
        "Just For You": {
            "name": "Just For You",
            "from": [
                "Come On A My House"
            ],
            "karaok": true
        },
        "スクランブル": {
            "name": "スクランブル",
            "from": [
                "Come On A My House"
            ],
            "karaok": true
        },
        "BOUNCE": {
            "name": "BOUNCE",
            "from": [
                "Come On A My House"
            ],
            "karaok": true
        },
        "New Hope ～こんなに僕らはひとつ": {
            "name": "New Hope ～こんなに僕らはひとつ",
            "from": [
                "Come On A My House"
            ],
            "karaok": true
        },
        "Go To The Future！": {
            "name": "Go To The Future！",
            "from": [
                "Ride With Me"
            ],
            "karaok": true
        },
        "GIFT": {
            "name": "GIFT",
            "from": [
                "Ride With Me"
            ],
            "karaok": true
        },
        "School Girl": {
            "name": "School Girl",
            "from": [
                "Ride With Me"
            ],
            "karaok": true
        },
        "Hands Up": {
            "name": "Hands Up",
            "from": [
                "Ride With Me"
            ],
            "karaok": true
        },
        "桜、咲いたよ": {
            "name": "桜、咲いたよ",
            "from": [
                "AinoArika/愛すればもっとハッピーライフ"
            ],
            "karaok": true
        },
        "OUR FUTURE": {
            "name": "OUR FUTURE",
            "from": [
                "AinoArika/愛すればもっとハッピーライフ"
            ],
            "karaok": true
        },
        "Oh！ My Jelly！ ～僕らはOK～": {
            "name": "Oh！ My Jelly！ ～僕らはOK～",
            "from": [
                "AinoArika/愛すればもっとハッピーライフ"
            ],
            "karaok": true
        },
        "スギルセツナ": {
            "name": "スギルセツナ",
            "from": [
                "AinoArika/愛すればもっとハッピーライフ"
            ],
            "karaok": true
        },
        "ただ前へ": {
            "name": "ただ前へ",
            "from": [
                "ウィークエンダー/明日へのYELL"
            ],
            "karaok": true
        },
        "スーツデイズ": {
            "name": "スーツデイズ",
            "from": [
                "ウィークエンダー/明日へのYELL"
            ],
            "karaok": true
        },
        "Through the night": {
            "name": "Through the night",
            "from": [
                "ウィークエンダー/明日へのYELL"
            ],
            "karaok": true
        },
        "レインボーキャンディーガール": {
            "name": "レインボーキャンディーガール",
            "from": [
                "ウィークエンダー/明日へのYELL"
            ],
            "karaok": true
        },
        "殺せんせーションズ": {
            "name": "殺せんせーションズ",
            "from": [
                "殺せんせーションズ"
            ],
            "karaok": true,
            "video": [
                "Video Clip バトルモード",
                "Video Clip オペレーションモード",
                "Making パッシブサイド",
                "Making アクティブサイド"
            ]
        },
        "さよならセンセーション": {
            "name": "さよならセンセーション",
            "from": [
                "さよならセンセーション"
            ],
            "karaok": true,
            "video": [
                "Video Clip ファイナルバトルモード",
                "Video Clip ニューギアモード",
                "Making カソードサイド",
                "Making アノードサイド"
            ]
        },
        "パーリーモンスター": {
            "name": "パーリーモンスター",
            "from": [
                "真剣SUNSHINE"
            ]
        },
        "Speed It Up": {
            "name": "Speed It Up",
            "from": [
                "真剣SUNSHINE"
            ]
        },
        "We are 男の子！": {
            "name": "We are 男の子！",
            "from": [
                "真剣SUNSHINE"
            ],
            "karaok": true
        },
        "Eve": {
            "name": "Eve",
            "from": [
                "真剣SUNSHINE"
            ],
            "karaok": true
        },
        "Never Let You Go": {
            "name": "Never Let You Go",
            "from": [
                "Fantastic Time"
            ],
            "karaok": true
        },
        "静寂の朝、君といる世界。": {
            "name": "静寂の朝、君といる世界。",
            "from": [
                "Fantastic Time"
            ],
            "karaok": true
        },
        "ワンダーロード": {
            "name": "ワンダーロード",
            "from": [
                "Fantastic Time"
            ],
            "karaok": true
        },
        "What A Feeling": {
            "name": "What A Feeling",
            "from": [
                "Fantastic Time"
            ],
            "karaok": true
        },
        "Traffic Jam": {
            "name": "Traffic Jam",
            "from": [
                "Give Me Love"
            ],
            "karaok": true
        },
        "TOY": {
            "name": "TOY",
            "from": [
                "Give Me Love"
            ],
            "karaok": true
        },
        "Baby I Love You": {
            "name": "Baby I Love You",
            "from": [
                "Give Me Love"
            ],
            "karaok": true
        },
        "Glorious": {
            "name": "Glorious",
            "from": [
                "Give Me Love"
            ],
            "karaok": true
        },
        "明日ハレルヤ": {
            "name": "明日ハレルヤ",
            "from": [
                "Give Me Love"
            ],
            "karaok": true
        },
        "Vanilla Ice": {
            "name": "Vanilla Ice",
            "from": [
                "OVER THE TOP"
            ],
            "karaok": true
        },
        "Funky Time": {
            "name": "Funky Time",
            "from": [
                "OVER THE TOP"
            ],
            "karaok": true,
            "video": [
                "Video Clip & Making"
            ]
        },
        "PARTY!!": {
            "name": "PARTY!!",
            "from": [
                "OVER THE TOP"
            ],
            "karaok": true
        },
        "Our days": {
            "name": "Our days",
            "from": [
                "OVER THE TOP"
            ],
            "karaok": true
        },
        "Are You There？": {
            "name": "Are You There？",
            "from": [
                "Precious Girl(Hey! Say! JUMP)/Are You There？(A.Y.T.)"
            ],
            "video": [
                "Video Clip & Making"
            ],
            "karaok": true
        },
        "灼熱の夢": {
            "name": "灼熱の夢",
            "from": [
                "Precious Girl(Hey! Say! JUMP)/Are You There？(A.Y.T.)"
            ],
            "karaok": true
        },
        "Smile in Summer": {
            "name": "Smile in Summer",
            "from": [
                "Precious Girl(Hey! Say! JUMP)/Are You There？(A.Y.T.)"
            ],
            "karaok": true
        },
        "Sweet Liar": {
            "name": "Sweet Liar",
            "from": [
                "Precious Girl(Hey! Say! JUMP)/Are You There？(A.Y.T.)"
            ],
            "karaok": true
        },
        "スタートデイズ": {
            "name": "スタートデイズ",
            "from": [
                "Precious Girl(Hey! Say! JUMP)/Are You There？(A.Y.T.)"
            ],
            "karaok": true
        },
        "星の降る夜に": {
            "name": "星の降る夜に",
            "from": [
                "White Love"
            ],
            "karaok": true
        },
        "Rock U Baby！": {
            "name": "Rock U Baby！",
            "from": [
                "White Love"
            ],
            "karaok": true
        },
        "Good Life": {
            "name": "Good Life",
            "from": [
                "White Love"
            ],
            "karaok": true
        },
        "Spark×2": {
            "name": "Spark×2",
            "from": [
                "White Love"
            ],
            "karaok": true
        },
        "Usual Soldier": {
            "name": "Usual Soldier",
            "from": [
                "White Love"
            ],
            "karaok": true
        },
        "Love Hurricane": {
            "name": "Love Hurricane",
            "from": [
                "マエヲムケ"
            ],
            "karaok": true
        },
        "BE MY VALENTINE！": {
            "name": "BE MY VALENTINE！",
            "from": [
                "マエヲムケ"
            ]
        },
        "チョコラタ": {
            "name": "チョコラタ",
            "from": [
                "マエヲムケ"
            ],
            "karaok": true
        },
        "NEW LIFE": {
            "name": "NEW LIFE",
            "from": [
                "マエヲムケ"
            ],
            "karaok": true
        },
        "Diggy Down": {
            "name": "Diggy Down",
            "from": [
                "マエヲムケ"
            ],
            "karaok": true
        },
        "Snow Memories": {
            "name": "Snow Memories",
            "from": [
                "マエヲムケ"
            ],
            "karaok": true
        },
        "Go My Way": {
            "name": "Go My Way",
            "from": [
                "COSMIC☆HUMAN"
            ],
            "karaok": true
        },
        "やんちゃなヒーロー": {
            "name": "やんちゃなヒーロー",
            "from": [
                "COSMIC☆HUMAN"
            ],
            "karaok": true,
            "video": [
                "Video Clip & Making"
            ]
        },
        "SWEET or HOT ？": {
            "name": "SWEET or HOT ？",
            "from": [
                "COSMIC☆HUMAN"
            ],
            "karaok": true
        },
        "ルーレット": {
            "name": "ルーレット",
            "from": [
                "COSMIC☆HUMAN"
            ],
            "karaok": true
        },
        "Draw My Life ！": {
            "name": "Draw My Life ！",
            "from": [
                "COSMIC☆HUMAN"
            ],
            "karaok": true
        },
        "Oh! my darling": {
            "name": "Oh! my darling",
            "from": [
                "Lucky-Unlucky／Hey! Say! JUMP｜Oh! my darling／山田涼介"
            ],
            "video": [
                "Video Clip & Making"
            ],
            "karaok": true
        },
        "Last Dance": {
            "name": "Last Dance",
            "from": [
                "Lucky-Unlucky／Hey! Say! JUMP｜Oh! my darling／山田涼介"
            ]
        },
        "真夜中のシャドーボーイ ～SENSE or LOVE Remix～": {
            "name": "真夜中のシャドーボーイ ～SENSE or LOVE Remix～",
            "from": [
                "Lucky-Unlucky／Hey! Say! JUMP｜Oh! my darling／山田涼介"
            ]
        },
        "Entertainment": {
            "name": "Entertainment",
            "from": [
                "Lucky-Unlucky／Hey! Say! JUMP｜Oh! my darling／山田涼介"
            ],
            "karaok": true
        },
        "バンビーノ": {
            "name": "バンビーノ",
            "from": [
                "Lucky-Unlucky／Hey! Say! JUMP｜Oh! my darling／山田涼介"
            ],
            "karaok": true
        },
        "クランメリア": {
            "name": "クランメリア",
            "from": [
                "I am / Muah Muah"
            ],
            "karaok": true
        },
        "ときめきは嘘じゃない": {
            "name": "ときめきは嘘じゃない",
            "from": [
                "I am / Muah Muah"
            ],
            "karaok": true
        },
        "Bloom": {
            "name": "Bloom",
            "from": [
                "Sing-along"
            ]
        },
        "Mystery O": {
            "name": "Mystery O",
            "from": [
                "ファンファーレ！"
            ]
        },
        "トレンディーラブ #REIWA": {
            "name": "トレンディーラブ #REIWA",
            "from": [
                "ファンファーレ！"
            ]
        },
        "Napa Napa": {
            "name": "Napa Napa",
            "from": [
                "ファンファーレ！"
            ]
        },
        "Go Fighter": {
            "name": "Go Fighter",
            "from": [
                "ファンファーレ！"
            ]
        },
        "波の上で会いましょう": {
            "name": "波の上で会いましょう",
            "from": [
                "ファンファーレ！"
            ],
            "karaok": true
        },
        "Summer Romantic": {
            "name": "Summer Romantic",
            "from": [
                "ファンファーレ！"
            ],
            "karaok": true
        },
        "ファンファーレ! DE 盆踊り": {
            "name": "ファンファーレ! DE 盆踊り",
            "from": [
                "ファンファーレ！"
            ],
            "karaok": true
        },
        "Love me PLZ": {
            "name": "Love me PLZ",
            "from": [
                "Last Mermaid..."
            ]
        },
        "Stupid": {
            "name": "Stupid",
            "from": [
                "Last Mermaid..."
            ]
        },
        "U": {
            "name": "U",
            "from": [
                "Last Mermaid..."
            ],
            "karaok": true
        },
        "言葉はいらない": {
            "name": "言葉はいらない",
            "from": [
                "Last Mermaid..."
            ],
            "karaok": true
        },
        "あなた想い": {
            "name": "あなた想い",
            "from": [
                "Your Song"
            ]
        },
        "Secret Magic": {
            "name": "Secret Magic",
            "from": [
                "Your Song"
            ]
        },
        "hearts color": {
            "name": "hearts color",
            "from": [
                "Your Song"
            ],
            "karaok": true
        },
        "BOW WOW SONG": {
            "name": "BOW WOW SONG",
            "from": [
                "Your Song"
            ],
            "karaok": true
        },
        "ヒカリサス": {
            "name": "ヒカリサス",
            "from": [
                "Your Song"
            ],
            "karaok": true
        },
        "ネガティブファイター": {
            "name": "ネガティブファイター",
            "from": [
                "ネガティブファイター"
            ],
            "video": [
                "PShort Video Clip Solo Edition",
                "Video Clip & Making",
                "Promotion Video(ネオアバターVer.)"
            ],
            "karaok": true
        },
        "♯502": {
            "name": "♯502",
            "from": [
                "ネガティブファイター"
            ],
            "video": [
                "Camera Roll Movie"
            ],
            "karaok": true
        },
        "Try & error": {
            "name": "Try & error",
            "from": [
                "ネガティブファイター"
            ]
        },
        "Letter": {
            "name": "Letter",
            "from": [
                "ネガティブファイター"
            ],
            "karaok": true
        },
        "僕らの意味を": {
            "name": "僕らの意味を",
            "from": [
                "ネガティブファイター"
            ],
            "karaok": true
        },
        "群青ランナウェイ": {
            "name": "群青ランナウェイ",
            "from": [
                "群青ランナウェイ"
            ],
            "video": [
                "Solo Clip",
                "Video Clip",
                "Making"
            ],
            "karaok": true
        },
        "Love Your Life": {
            "name": "Love Your Life",
            "from": [
                "群青ランナウェイ"
            ],
            "video": [
                "Video Clip & Making"
            ]
        },
        "Lovely Dance": {
            "name": "Lovely Dance",
            "from": [
                "群青ランナウェイ"
            ],
            "karaok": true
        },
        "シャッターチャンス": {
            "name": "シャッターチャンス",
            "from": [
                "群青ランナウェイ"
            ],
            "karaok": true
        },
        "ドラマチック": {
            "name": "ドラマチック",
            "from": [
                "群青ランナウェイ"
            ],
            "karaok": true
        },
        "Sing-along": {
            "name": "Sing-along",
            "from": [
                "Sing-along"
            ],
            "video": [
                "Video Clip(Dance-along Ver.)",
                "Video Clip(Go for it！ Ver.)",
                "Short Video Clip Solo Edition",
                "Video Clip",
                "Making"
            ],
            "karaok": true
        },
        "ASAP！": {
            "name": "ASAP！",
            "from": [
                "Sing-along"
            ]
        },
        "Break The Wall": {
            "name": "Break The Wall",
            "from": [
                "Sing-along"
            ],
            "video": [
                "Video Clip"
            ],
            "karaok": true
        },
        "モノローグ": {
            "name": "モノローグ",
            "from": [
                "Sing-along"
            ],
            "karaok": true
        },
        "ハローメロディ": {
            "name": "ハローメロディ",
            "from": [
                "Sing-along"
            ],
            "karaok": true
        }
    },
    "ohters": {
        "Practice Time": {
            "name": "Practice Time",
            "from": [
                "Fantastic Time"
            ],
            "video": [
                "Practice"
            ]
        },
        "ジャンジャン答えて!!ジャン！ジャン！JUMQ": {
            "name": "ジャンジャン答えて!!ジャン！ジャン！JUMQ",
            "from": [
                "真剣SUNSHINE",
                "Chau♯ / 我 I Need You"
            ],
            "video": [
                "activity"
            ]
        },
        "レコーディングとジャケット撮影": {
            "name": "レコーディングとジャケット撮影",
            "from": [
                "JUMP WORLD"
            ],
            "video": [
                "Making"
            ]
        },
        "シングルメドレー Second act": {
            "name": "シングルメドレー Second act",
            "from": [
                "JUMP WORLD"
            ]
        },
        "～Prelude of smart～": {
            "name": "～Prelude of smart～",
            "from": [
                "smart"
            ]
        },
        "アルバム｢JUMPing CAR｣テント DE 座談会スペシャル": {
            "name": "アルバム｢JUMPing CAR｣テント DE 座談会スペシャル",
            "from": [
                "JUMPing CAR"
            ],
            "video": [
                "座談会"
            ]
        },
        "アルバム｢JUMPing CAR｣レコーディング映像": {
            "name": "アルバム｢JUMPing CAR｣レコーディング映像",
            "from": [
                "JUMPing CAR"
            ]
        },
        "Hey! Say! JUMP ｢勇気100%」全国ツアーより名古屋ガイシホール公演のライブ映像（数曲／約30分）を収録": {
            "name": "Hey! Say! JUMP ｢勇気100%」全国ツアーより名古屋ガイシホール公演のライブ映像（数曲／約30分）を収録",
            "from": [
                "Magic Power"
            ],
            "video": [
                "Live"
            ]
        },
        "interviews about “smart”": {
            "name": "interviews about “smart”",
            "from": [
                "smart"
            ],
            "video": [
                "interviews"
            ]
        },
        "Hey! Say! JUMP I/Oth Anniversary Special Individual Interview｣": {
            "name": "Hey! Say! JUMP I/Oth Anniversary Special Individual Interview｣",
            "from": [
                "White Love"
            ],
            "video": [
                "Special",
                "特典"
            ]
        },
        "JUMP de CAMP～光くんにコーヒーを作ってあげよう!!対決": {
            "name": "JUMP de CAMP～光くんにコーヒーを作ってあげよう!!対決",
            "from": [
                "Your Song"
            ],
            "video": [
                "Special"
            ]
        },
        "Your Song ～はじまりの冒険～": {
            "name": "Your Song ～はじまりの冒険～",
            "from": [
                "Your Song"
            ],
            "video": [
                "Promotion Video"
            ]
        },
        "Your Song ～ちぐはぐな僕らを繋ぐのは～": {
            "name": "Your Song ～ちぐはぐな僕らを繋ぐのは～",
            "from": [
                "Your Song"
            ],
            "video": [
                "Original Short Film"
            ]
        },
        "～JUMPのお部屋から～": {
            "name": "～JUMPのお部屋から～",
            "from": [
                "I am / Muah Muah"
            ],
            "video": [
                "Special"
            ]
        },
        "HSJ 2019ユニット打合せ": {
            "name": "HSJ 2019ユニット打合せ",
            "from": [
                "ファンファーレ！"
            ],
            "video": [
                "Special",
                "特典"
            ]
        },
        "Recording short documentary": {
            "name": "Recording short documentary",
            "from": [
                "Last Mermaid..."
            ],
            "video": [
                "Recording"
            ]
        }
    }
}