{
    "name": "Are You There?",
    "artist": [
        "有岡大貴",
        "八乙女光",
        "髙木雄也"
    ],
    "producer": [
        {
            "label": "作詞",
            "value": [
                "m piece",
                "aina"
            ]
        },
        {
            "label": "作曲",
            "value": [
                "Kazumi Mitome"
            ]
        }
    ],
    "lrc": [
        {
            "id": 0,
            "surface": "Are You There? 気がつけば週末が終わりを告げる",
            "words": [
                {
                    "base": "*",
                    "pos": "名詞,固有名詞,組織,*",
                    "pronunciation": "?",
                    "reading": "",
                    "surface": "Are",
                    "curPos": "n"
                },
                {
                    "base": "*",
                    "pos": "名詞,固有名詞,組織,*",
                    "pronunciation": "?",
                    "reading": "",
                    "surface": "You",
                    "curPos": "n"
                },
                {
                    "base": "*",
                    "pos": "名詞,固有名詞,組織,*",
                    "pronunciation": "?",
                    "reading": "",
                    "surface": "There",
                    "curPos": "n"
                },
                {
                    "base": "*",
                    "pos": "名詞,サ変接続,*,*",
                    "pronunciation": "?",
                    "reading": "",
                    "surface": "?",
                    "curPos": "n"
                },
                {
                    "base": "気",
                    "pos": "名詞,一般,*,*",
                    "pronunciation": "キ",
                    "reading": "き",
                    "surface": "気",
                    "curPos": "n"
                },
                {
                    "base": "が",
                    "pos": "助詞,格助詞,一般,*",
                    "pronunciation": "ガ",
                    "reading": "",
                    "surface": "が",
                    "curPos": "av"
                },
                {
                    "base": "つく",
                    "pos": "動詞,自立,*,*",
                    "pronunciation": "ツケ",
                    "reading": "",
                    "surface": "つけ",
                    "curPos": "v"
                },
                {
                    "base": "ば",
                    "pos": "助詞,接続助詞,*,*",
                    "pronunciation": "バ",
                    "reading": "",
                    "surface": "ば",
                    "curPos": "av"
                },
                {
                    "base": "週末",
                    "pos": "名詞,副詞可能,*,*",
                    "pronunciation": "シューマツ",
                    "reading": "しゅうまつ",
                    "surface": "週末",
                    "curPos": "n"
                },
                {
                    "base": "が",
                    "pos": "助詞,格助詞,一般,*",
                    "pronunciation": "ガ",
                    "reading": "",
                    "surface": "が",
                    "curPos": "av"
                },
                {
                    "base": "終わる",
                    "pos": "動詞,自立,*,*",
                    "pronunciation": "オワリ",
                    "reading": "おわり",
                    "surface": "終わり",
                    "curPos": "v"
                },
                {
                    "base": "を",
                    "pos": "助詞,格助詞,一般,*",
                    "pronunciation": "ヲ",
                    "reading": "",
                    "surface": "を",
                    "curPos": "av"
                },
                {
                    "base": "告げる",
                    "pos": "動詞,自立,*,*",
                    "pronunciation": "ツゲル",
                    "reading": "つげる",
                    "surface": "告げる",
                    "curPos": "v"
                }
            ]
        },
        {
            "id": 1,
            "surface": "明日から 始まるウィークデイ 憂鬱な夜を吹き飛ばして",
            "words": [
                {
                    "base": "明日",
                    "pos": "名詞,副詞可能,*,*",
                    "pronunciation": "アシタ",
                    "reading": "あした",
                    "surface": "明日",
                    "curPos": "n"
                },
                {
                    "base": "から",
                    "pos": "助詞,格助詞,一般,*",
                    "pronunciation": "カラ",
                    "reading": "",
                    "surface": "から",
                    "curPos": "av"
                },
                {
                    "base": "始まる",
                    "pos": "動詞,自立,*,*",
                    "pronunciation": "ハジマル",
                    "reading": "はじまる",
                    "surface": "始まる",
                    "curPos": "v"
                },
                {
                    "base": "*",
                    "pos": "名詞,一般,*,*",
                    "pronunciation": "?",
                    "reading": "",
                    "surface": "ウィークデイ",
                    "curPos": "n"
                },
                {
                    "base": "憂鬱",
                    "pos": "名詞,形容動詞語幹,*,*",
                    "pronunciation": "ユーウツ",
                    "reading": "ゆううつな",
                    "surface": "憂鬱な",
                    "curPos": "a"
                },
                {
                    "base": "夜",
                    "pos": "名詞,副詞可能,*,*",
                    "pronunciation": "ヨル",
                    "reading": "よる",
                    "surface": "夜",
                    "curPos": "n"
                },
                {
                    "base": "を",
                    "pos": "助詞,格助詞,一般,*",
                    "pronunciation": "ヲ",
                    "reading": "",
                    "surface": "を",
                    "curPos": "av"
                },
                {
                    "base": "吹き飛ばす",
                    "pos": "動詞,自立,*,*",
                    "pronunciation": "フキトバシ",
                    "reading": "ふきとばして",
                    "surface": "吹き飛ばして",
                    "curPos": "v"
                }
            ]
        },
        {
            "id": 2,
            "surface": "",
            "words": []
        },
        {
            "id": 3,
            "surface": "Stand by you 少しずつ 君の気持ちに寄り添えば",
            "words": [
                {
                    "base": "*",
                    "pos": "名詞,固有名詞,組織,*",
                    "pronunciation": "?",
                    "reading": "",
                    "surface": "Stand",
                    "curPos": "n"
                },
                {
                    "base": "*",
                    "pos": "名詞,固有名詞,組織,*",
                    "pronunciation": "?",
                    "reading": "",
                    "surface": "by",
                    "curPos": "n"
                },
                {
                    "base": "*",
                    "pos": "名詞,固有名詞,組織,*",
                    "pronunciation": "?",
                    "reading": "",
                    "surface": "you",
                    "curPos": "n"
                },
                {
                    "base": "少し",
                    "pos": "副詞,助詞類接続,*,*",
                    "pronunciation": "スコシ",
                    "reading": "すこし",
                    "surface": "少し",
                    "curPos": "adv"
                },
                {
                    "base": "ずつ",
                    "pos": "助詞,副助詞,*,*",
                    "pronunciation": "ズツ",
                    "reading": "",
                    "surface": "ずつ",
                    "curPos": "av"
                },
                {
                    "base": "君",
                    "pos": "名詞,代名詞,一般,*",
                    "pronunciation": "キミ",
                    "reading": "きみ",
                    "surface": "君",
                    "curPos": "/"
                },
                {
                    "base": "の",
                    "pos": "助詞,連体化,*,*",
                    "pronunciation": "ノ",
                    "reading": "",
                    "surface": "の",
                    "curPos": "av"
                },
                {
                    "base": "気持ち",
                    "pos": "名詞,一般,*,*",
                    "pronunciation": "キモチ",
                    "reading": "きもち",
                    "surface": "気持ち",
                    "curPos": "n"
                },
                {
                    "base": "に",
                    "pos": "助詞,格助詞,一般,*",
                    "pronunciation": "ニ",
                    "reading": "",
                    "surface": "に",
                    "curPos": "av"
                },
                {
                    "base": "寄り添う",
                    "pos": "動詞,自立,*,*",
                    "pronunciation": "ヨリソエ",
                    "reading": "よりそえ",
                    "surface": "寄り添え",
                    "curPos": "v"
                },
                {
                    "base": "ば",
                    "pos": "助詞,接続助詞,*,*",
                    "pronunciation": "バ",
                    "reading": "",
                    "surface": "ば",
                    "curPos": "av"
                }
            ]
        },
        {
            "id": 4,
            "surface": "いつだって 見つかるのさ 悩みなら聞かせて",
            "words": [
                {
                    "base": "いつ",
                    "pos": "名詞,代名詞,一般,*",
                    "pronunciation": "イツ",
                    "reading": "",
                    "surface": "いつ",
                    "curPos": "/"
                },
                {
                    "base": "だって",
                    "pos": "助詞,副助詞,*,*",
                    "pronunciation": "ダッテ",
                    "reading": "",
                    "surface": "だって",
                    "curPos": "av"
                },
                {
                    "base": "見つかる",
                    "pos": "動詞,自立,*,*",
                    "pronunciation": "ミツカル",
                    "reading": "みつかる",
                    "surface": "見つかる",
                    "curPos": "v"
                },
                {
                    "base": "の",
                    "pos": "名詞,非自立,一般,*",
                    "pronunciation": "ノ",
                    "reading": "",
                    "surface": "の",
                    "curPos": "n"
                },
                {
                    "base": "さ",
                    "pos": "助詞,終助詞,*,*",
                    "pronunciation": "サ",
                    "reading": "",
                    "surface": "さ",
                    "curPos": "av"
                },
                {
                    "base": "悩み",
                    "pos": "名詞,一般,*,*",
                    "pronunciation": "ナヤミ",
                    "reading": "なやみ",
                    "surface": "悩み",
                    "curPos": "n"
                },
                {
                    "base": "だ",
                    "pos": "助動詞,*,*,*",
                    "pronunciation": "ナラ",
                    "reading": "",
                    "surface": "なら",
                    "curPos": "mv"
                },
                {
                    "base": "聞く",
                    "pos": "動詞,自立,*,*",
                    "pronunciation": "キカ",
                    "reading": "きか",
                    "surface": "聞か",
                    "curPos": "v"
                },
                {
                    "base": "せる",
                    "pos": "動詞,接尾,*,*",
                    "pronunciation": "セ",
                    "reading": "",
                    "surface": "せて",
                    "curPos": "v"
                }
            ]
        },
        {
            "id": 5,
            "surface": "",
            "words": []
        },
        {
            "id": 6,
            "surface": "見上げれば どんな空でも 青空に繋がる",
            "words": [
                {
                    "base": "見上げる",
                    "pos": "動詞,自立,*,*",
                    "pronunciation": "ミアゲレ",
                    "reading": "みあげれ",
                    "surface": "見上げれ",
                    "curPos": "v"
                },
                {
                    "base": "ば",
                    "pos": "助詞,接続助詞,*,*",
                    "pronunciation": "バ",
                    "reading": "",
                    "surface": "ば",
                    "curPos": "av"
                },
                {
                    "base": "どんな",
                    "pos": "連体詞,*,*,*",
                    "pronunciation": "ドンナ",
                    "reading": "",
                    "surface": "どんな",
                    "curPos": "/"
                },
                {
                    "base": "空",
                    "pos": "名詞,一般,*,*",
                    "pronunciation": "ソラ",
                    "reading": "そら",
                    "surface": "空",
                    "curPos": "n"
                },
                {
                    "base": "でも",
                    "pos": "助詞,副助詞,*,*",
                    "pronunciation": "デモ",
                    "reading": "",
                    "surface": "でも",
                    "curPos": "av"
                },
                {
                    "base": "青空",
                    "pos": "名詞,一般,*,*",
                    "pronunciation": "アオゾラ",
                    "reading": "あおぞら",
                    "surface": "青空",
                    "curPos": "n"
                },
                {
                    "base": "に",
                    "pos": "助詞,格助詞,一般,*",
                    "pronunciation": "ニ",
                    "reading": "",
                    "surface": "に",
                    "curPos": "av"
                },
                {
                    "base": "繋がる",
                    "pos": "動詞,自立,*,*",
                    "pronunciation": "ツナガル",
                    "reading": "つながる",
                    "surface": "繋がる",
                    "curPos": "v"
                }
            ]
        },
        {
            "id": 7,
            "surface": "ほら 今日が始まるさ",
            "words": [
                {
                    "base": "ほら",
                    "pos": "感動詞,*,*,*",
                    "pronunciation": "ホラ",
                    "reading": "",
                    "surface": "ほら",
                    "curPos": "/"
                },
                {
                    "base": "今日",
                    "pos": "名詞,副詞可能,*,*",
                    "pronunciation": "キョー",
                    "reading": "きょう",
                    "surface": "今日",
                    "curPos": "n"
                },
                {
                    "base": "が",
                    "pos": "助詞,格助詞,一般,*",
                    "pronunciation": "ガ",
                    "reading": "",
                    "surface": "が",
                    "curPos": "av"
                },
                {
                    "base": "始まる",
                    "pos": "動詞,自立,*,*",
                    "pronunciation": "ハジマル",
                    "reading": "はじまる",
                    "surface": "始まる",
                    "curPos": "v"
                },
                {
                    "base": "さ",
                    "pos": "助詞,終助詞,*,*",
                    "pronunciation": "サ",
                    "reading": "",
                    "surface": "さ",
                    "curPos": "av"
                }
            ]
        },
        {
            "id": 8,
            "surface": "",
            "words": []
        },
        {
            "id": 9,
            "surface": "Oh my life 何度でも 最高の日々がやってくる",
            "words": [
                {
                    "base": "*",
                    "pos": "名詞,固有名詞,組織,*",
                    "pronunciation": "?",
                    "reading": "",
                    "surface": "Oh",
                    "curPos": "n"
                },
                {
                    "base": "*",
                    "pos": "名詞,固有名詞,組織,*",
                    "pronunciation": "?",
                    "reading": "",
                    "surface": "my",
                    "curPos": "n"
                },
                {
                    "base": "*",
                    "pos": "名詞,固有名詞,組織,*",
                    "pronunciation": "?",
                    "reading": "",
                    "surface": "life",
                    "curPos": "n"
                },
                {
                    "base": "何",
                    "pos": "名詞,数,*,*",
                    "pronunciation": "ナン",
                    "reading": "なんど",
                    "surface": "何度",
                    "curPos": "/"
                },
                {
                    "base": "でも",
                    "pos": "助詞,副助詞,*,*",
                    "pronunciation": "デモ",
                    "reading": "",
                    "surface": "でも",
                    "curPos": "av"
                },
                {
                    "base": "最高",
                    "pos": "名詞,一般,*,*",
                    "pronunciation": "サイコー",
                    "reading": "さいこう",
                    "surface": "最高",
                    "curPos": "n"
                },
                {
                    "base": "の",
                    "pos": "助詞,連体化,*,*",
                    "pronunciation": "ノ",
                    "reading": "",
                    "surface": "の",
                    "curPos": "av"
                },
                {
                    "base": "日々",
                    "pos": "名詞,副詞可能,*,*",
                    "pronunciation": "ヒビ",
                    "reading": "ひび",
                    "surface": "日々",
                    "curPos": "n"
                },
                {
                    "base": "が",
                    "pos": "助詞,格助詞,一般,*",
                    "pronunciation": "ガ",
                    "reading": "",
                    "surface": "が",
                    "curPos": "av"
                },
                {
                    "base": "やってくる",
                    "pos": "動詞,自立,*,*",
                    "pronunciation": "ヤッテクル",
                    "reading": "",
                    "surface": "やってくる",
                    "curPos": "v"
                }
            ]
        },
        {
            "id": 10,
            "surface": "さりげなく 鮮やかに 頑張って行きましょう",
            "words": [
                {
                    "base": "さりげ",
                    "pos": "名詞,ナイ形容詞語幹,*,*",
                    "pronunciation": "サリゲ",
                    "reading": "",
                    "surface": "さりげ",
                    "curPos": "n"
                },
                {
                    "base": "ない",
                    "pos": "助動詞,*,*,*",
                    "pronunciation": "ナク",
                    "reading": "",
                    "surface": "なく",
                    "curPos": "mv"
                },
                {
                    "base": "鮮やか",
                    "pos": "名詞,形容動詞語幹,*,*",
                    "pronunciation": "アザヤカ",
                    "reading": "あざやか",
                    "surface": "鮮やか",
                    "curPos": "n"
                },
                {
                    "base": "に",
                    "pos": "助詞,副詞化,*,*",
                    "pronunciation": "ニ",
                    "reading": "",
                    "surface": "に",
                    "curPos": "av"
                },
                {
                    "base": "頑張る",
                    "pos": "動詞,自立,*,*",
                    "pronunciation": "ガンバッ",
                    "reading": "がんばって",
                    "surface": "頑張って",
                    "curPos": "v"
                },
                {
                    "base": "行く",
                    "pos": "動詞,非自立,*,*",
                    "pronunciation": "イキ",
                    "reading": "いきましょう",
                    "surface": "行きましょう",
                    "curPos": "v"
                }
            ]
        },
        {
            "id": 11,
            "surface": "",
            "words": []
        },
        {
            "id": 12,
            "surface": "ライラ ライラ ライラ ライ  ただそばにいるよ",
            "words": [
                {
                    "base": "ライラ",
                    "pos": "名詞,固有名詞,人名,名",
                    "pronunciation": "ライラ",
                    "reading": "",
                    "surface": "ライラ",
                    "curPos": "/"
                },
                {
                    "base": "ライラ",
                    "pos": "名詞,固有名詞,人名,名",
                    "pronunciation": "ライラ",
                    "reading": "",
                    "surface": "ライラ",
                    "curPos": "/"
                },
                {
                    "base": "ライラ",
                    "pos": "名詞,固有名詞,人名,名",
                    "pronunciation": "ライラ",
                    "reading": "",
                    "surface": "ライラ",
                    "curPos": "/"
                },
                {
                    "base": "ライ",
                    "pos": "名詞,一般,*,*",
                    "pronunciation": "ライ",
                    "reading": "",
                    "surface": "ライ",
                    "curPos": "n"
                },
                {
                    "base": "ただ",
                    "pos": "接続詞,*,*,*",
                    "pronunciation": "タダ",
                    "reading": "",
                    "surface": "ただ",
                    "curPos": "/"
                },
                {
                    "base": "そば",
                    "pos": "名詞,一般,*,*",
                    "pronunciation": "ソバ",
                    "reading": "",
                    "surface": "そば",
                    "curPos": "n"
                },
                {
                    "base": "に",
                    "pos": "助詞,格助詞,一般,*",
                    "pronunciation": "ニ",
                    "reading": "",
                    "surface": "に",
                    "curPos": "av"
                },
                {
                    "base": "いる",
                    "pos": "動詞,自立,*,*",
                    "pronunciation": "イル",
                    "reading": "",
                    "surface": "いる",
                    "curPos": "v"
                },
                {
                    "base": "よ",
                    "pos": "助詞,終助詞,*,*",
                    "pronunciation": "ヨ",
                    "reading": "",
                    "surface": "よ",
                    "curPos": "av"
                }
            ]
        },
        {
            "id": 13,
            "surface": "ライラ ライラ ライラ ライ  Oh! となりにいるよ",
            "words": [
                {
                    "base": "ライラ",
                    "pos": "名詞,固有名詞,人名,名",
                    "pronunciation": "ライラ",
                    "reading": "",
                    "surface": "ライラ",
                    "curPos": "/"
                },
                {
                    "base": "ライラ",
                    "pos": "名詞,固有名詞,人名,名",
                    "pronunciation": "ライラ",
                    "reading": "",
                    "surface": "ライラ",
                    "curPos": "/"
                },
                {
                    "base": "ライラ",
                    "pos": "名詞,固有名詞,人名,名",
                    "pronunciation": "ライラ",
                    "reading": "",
                    "surface": "ライラ",
                    "curPos": "/"
                },
                {
                    "base": "ライ",
                    "pos": "名詞,一般,*,*",
                    "pronunciation": "ライ",
                    "reading": "",
                    "surface": "ライ",
                    "curPos": "n"
                },
                {
                    "base": "*",
                    "pos": "名詞,固有名詞,組織,*",
                    "pronunciation": "?",
                    "reading": "",
                    "surface": "Oh",
                    "curPos": "n"
                },
                {
                    "base": "*",
                    "pos": "名詞,サ変接続,*,*",
                    "pronunciation": "?",
                    "reading": "",
                    "surface": "!",
                    "curPos": "n"
                },
                {
                    "base": "となり",
                    "pos": "名詞,一般,*,*",
                    "pronunciation": "トナリ",
                    "reading": "",
                    "surface": "となり",
                    "curPos": "n"
                },
                {
                    "base": "に",
                    "pos": "助詞,格助詞,一般,*",
                    "pronunciation": "ニ",
                    "reading": "",
                    "surface": "に",
                    "curPos": "av"
                },
                {
                    "base": "いる",
                    "pos": "動詞,自立,*,*",
                    "pronunciation": "イル",
                    "reading": "",
                    "surface": "いる",
                    "curPos": "v"
                },
                {
                    "base": "よ",
                    "pos": "助詞,終助詞,*,*",
                    "pronunciation": "ヨ",
                    "reading": "",
                    "surface": "よ",
                    "curPos": "av"
                }
            ]
        },
        {
            "id": 14,
            "surface": "",
            "words": []
        },
        {
            "id": 15,
            "surface": "Day by day 幸せが 心と身体に満ちてく",
            "words": [
                {
                    "base": "*",
                    "pos": "名詞,固有名詞,組織,*",
                    "pronunciation": "?",
                    "reading": "",
                    "surface": "Day",
                    "curPos": "n"
                },
                {
                    "base": "*",
                    "pos": "名詞,固有名詞,組織,*",
                    "pronunciation": "?",
                    "reading": "",
                    "surface": "by",
                    "curPos": "n"
                },
                {
                    "base": "*",
                    "pos": "名詞,固有名詞,組織,*",
                    "pronunciation": "?",
                    "reading": "",
                    "surface": "day",
                    "curPos": "n"
                },
                {
                    "base": "幸せ",
                    "pos": "名詞,形容動詞語幹,*,*",
                    "pronunciation": "シアワセ",
                    "reading": "しあわせ",
                    "surface": "幸せ",
                    "curPos": "n"
                },
                {
                    "base": "が",
                    "pos": "助詞,格助詞,一般,*",
                    "pronunciation": "ガ",
                    "reading": "",
                    "surface": "が",
                    "curPos": "av"
                },
                {
                    "base": "心",
                    "pos": "名詞,一般,*,*",
                    "pronunciation": "ココロ",
                    "reading": "こころ",
                    "surface": "心",
                    "curPos": "n"
                },
                {
                    "base": "と",
                    "pos": "助詞,並立助詞,*,*",
                    "pronunciation": "ト",
                    "reading": "",
                    "surface": "と",
                    "curPos": "av"
                },
                {
                    "base": "身体",
                    "pos": "名詞,一般,*,*",
                    "pronunciation": "シンタイ",
                    "reading": "しんたい",
                    "surface": "身体",
                    "curPos": "n"
                },
                {
                    "base": "に",
                    "pos": "助詞,格助詞,一般,*",
                    "pronunciation": "ニ",
                    "reading": "",
                    "surface": "に",
                    "curPos": "av"
                },
                {
                    "base": "満ちる",
                    "pos": "動詞,自立,*,*",
                    "pronunciation": "ミチ",
                    "reading": "みちて",
                    "surface": "満ちて",
                    "curPos": "v"
                },
                {
                    "base": "く",
                    "pos": "動詞,非自立,*,*",
                    "pronunciation": "ク",
                    "reading": "",
                    "surface": "く",
                    "curPos": "v"
                }
            ]
        },
        {
            "id": 16,
            "surface": "ありふれた そう今こそが 何よりもステキさ",
            "words": [
                {
                    "base": "ありふれる",
                    "pos": "動詞,自立,*,*",
                    "pronunciation": "アリフレ",
                    "reading": "",
                    "surface": "ありふれた",
                    "curPos": "v"
                },
                {
                    "base": "そう",
                    "pos": "副詞,助詞類接続,*,*",
                    "pronunciation": "ソー",
                    "reading": "",
                    "surface": "そう",
                    "curPos": "adv"
                },
                {
                    "base": "今",
                    "pos": "名詞,副詞可能,*,*",
                    "pronunciation": "イマ",
                    "reading": "いま",
                    "surface": "今",
                    "curPos": "n"
                },
                {
                    "base": "こそ",
                    "pos": "助詞,係助詞,*,*",
                    "pronunciation": "コソ",
                    "reading": "",
                    "surface": "こそ",
                    "curPos": "av"
                },
                {
                    "base": "が",
                    "pos": "助詞,格助詞,一般,*",
                    "pronunciation": "ガ",
                    "reading": "",
                    "surface": "が",
                    "curPos": "av"
                },
                {
                    "base": "何",
                    "pos": "名詞,代名詞,一般,*",
                    "pronunciation": "ナニ",
                    "reading": "なに",
                    "surface": "何",
                    "curPos": "/"
                },
                {
                    "base": "より",
                    "pos": "助詞,格助詞,一般,*",
                    "pronunciation": "ヨリ",
                    "reading": "",
                    "surface": "より",
                    "curPos": "av"
                },
                {
                    "base": "も",
                    "pos": "助詞,係助詞,*,*",
                    "pronunciation": "モ",
                    "reading": "",
                    "surface": "も",
                    "curPos": "av"
                },
                {
                    "base": "ステキ",
                    "pos": "名詞,形容動詞語幹,*,*",
                    "pronunciation": "ステキ",
                    "reading": "",
                    "surface": "ステキ",
                    "curPos": "n"
                },
                {
                    "base": "さ",
                    "pos": "名詞,接尾,特殊,*",
                    "pronunciation": "サ",
                    "reading": "",
                    "surface": "さ",
                    "left": true,
                    "curPos": "n"
                }
            ]
        },
        {
            "id": 17,
            "surface": "",
            "words": []
        },
        {
            "id": 18,
            "surface": "踏み出せば 回り道でも 昨日より輝く",
            "words": [
                {
                    "base": "踏み出す",
                    "pos": "動詞,自立,*,*",
                    "pronunciation": "フミダセ",
                    "reading": "ふみだせ",
                    "surface": "踏み出せ",
                    "curPos": "v"
                },
                {
                    "base": "ば",
                    "pos": "助詞,接続助詞,*,*",
                    "pronunciation": "バ",
                    "reading": "",
                    "surface": "ば",
                    "curPos": "av"
                },
                {
                    "base": "回り道",
                    "pos": "名詞,サ変接続,*,*",
                    "pronunciation": "マワリミチ",
                    "reading": "まわりみち",
                    "surface": "回り道",
                    "curPos": "n"
                },
                {
                    "base": "で",
                    "pos": "助詞,格助詞,一般,*",
                    "pronunciation": "デ",
                    "reading": "",
                    "surface": "で",
                    "curPos": "av"
                },
                {
                    "base": "も",
                    "pos": "助詞,係助詞,*,*",
                    "pronunciation": "モ",
                    "reading": "",
                    "surface": "も",
                    "curPos": "av"
                },
                {
                    "base": "昨日",
                    "pos": "名詞,副詞可能,*,*",
                    "pronunciation": "キノー",
                    "reading": "きのう",
                    "surface": "昨日",
                    "curPos": "n"
                },
                {
                    "base": "より",
                    "pos": "助詞,格助詞,一般,*",
                    "pronunciation": "ヨリ",
                    "reading": "",
                    "surface": "より",
                    "curPos": "av"
                },
                {
                    "base": "輝く",
                    "pos": "動詞,自立,*,*",
                    "pronunciation": "カガヤク",
                    "reading": "かがやく",
                    "surface": "輝く",
                    "curPos": "v"
                }
            ]
        },
        {
            "id": 19,
            "surface": "そんな 今日にありがとう",
            "words": [
                {
                    "base": "そんな",
                    "pos": "連体詞,*,*,*",
                    "pronunciation": "ソンナ",
                    "reading": "",
                    "surface": "そんな",
                    "curPos": "/"
                },
                {
                    "base": "今日",
                    "pos": "名詞,副詞可能,*,*",
                    "pronunciation": "キョー",
                    "reading": "きょう",
                    "surface": "今日",
                    "curPos": "n"
                },
                {
                    "base": "に",
                    "pos": "助詞,格助詞,一般,*",
                    "pronunciation": "ニ",
                    "reading": "",
                    "surface": "に",
                    "curPos": "av"
                },
                {
                    "base": "ありがとう",
                    "pos": "感動詞,*,*,*",
                    "pronunciation": "アリガトー",
                    "reading": "",
                    "surface": "ありがとう",
                    "curPos": "/"
                }
            ]
        },
        {
            "id": 20,
            "surface": "",
            "words": []
        },
        {
            "id": 21,
            "surface": "Oh my life 明日また 最高の自分に出会える",
            "words": [
                {
                    "base": "*",
                    "pos": "名詞,固有名詞,組織,*",
                    "pronunciation": "?",
                    "reading": "",
                    "surface": "Oh",
                    "curPos": "n"
                },
                {
                    "base": "*",
                    "pos": "名詞,固有名詞,組織,*",
                    "pronunciation": "?",
                    "reading": "",
                    "surface": "my",
                    "curPos": "n"
                },
                {
                    "base": "*",
                    "pos": "名詞,固有名詞,組織,*",
                    "pronunciation": "?",
                    "reading": "",
                    "surface": "life",
                    "curPos": "n"
                },
                {
                    "base": "明日",
                    "pos": "名詞,副詞可能,*,*",
                    "pronunciation": "アシタ",
                    "reading": "あした",
                    "surface": "明日",
                    "curPos": "n"
                },
                {
                    "base": "また",
                    "pos": "接続詞,*,*,*",
                    "pronunciation": "マタ",
                    "reading": "",
                    "surface": "また",
                    "curPos": "/"
                },
                {
                    "base": "最高",
                    "pos": "名詞,一般,*,*",
                    "pronunciation": "サイコー",
                    "reading": "さいこう",
                    "surface": "最高",
                    "curPos": "n"
                },
                {
                    "base": "の",
                    "pos": "助詞,連体化,*,*",
                    "pronunciation": "ノ",
                    "reading": "",
                    "surface": "の",
                    "curPos": "av"
                },
                {
                    "base": "自分",
                    "pos": "名詞,一般,*,*",
                    "pronunciation": "ジブン",
                    "reading": "じぶん",
                    "surface": "自分",
                    "curPos": "n"
                },
                {
                    "base": "に",
                    "pos": "助詞,格助詞,一般,*",
                    "pronunciation": "ニ",
                    "reading": "",
                    "surface": "に",
                    "curPos": "av"
                },
                {
                    "base": "出会える",
                    "pos": "動詞,自立,*,*",
                    "pronunciation": "デアエル",
                    "reading": "であえる",
                    "surface": "出会える",
                    "curPos": "v"
                }
            ]
        },
        {
            "id": 22,
            "surface": "思いっきり 軽やかに 乗り越えて行きましよう",
            "words": [
                {
                    "base": "思いっきり",
                    "pos": "副詞,一般,*,*",
                    "pronunciation": "オモイッキリ",
                    "reading": "おもいっきり",
                    "surface": "思いっきり",
                    "curPos": "adv"
                },
                {
                    "base": "軽やか",
                    "pos": "名詞,形容動詞語幹,*,*",
                    "pronunciation": "カロヤカ",
                    "reading": "かろやか",
                    "surface": "軽やか",
                    "curPos": "n"
                },
                {
                    "base": "に",
                    "pos": "助詞,副詞化,*,*",
                    "pronunciation": "ニ",
                    "reading": "",
                    "surface": "に",
                    "curPos": "av"
                },
                {
                    "base": "乗り越える",
                    "pos": "動詞,自立,*,*",
                    "pronunciation": "ノリコエ",
                    "reading": "のりこえて",
                    "surface": "乗り越えて",
                    "curPos": "v"
                },
                {
                    "base": "行く",
                    "pos": "動詞,非自立,*,*",
                    "pronunciation": "イキ",
                    "reading": "いきましよう",
                    "surface": "行きましよう",
                    "curPos": "v"
                }
            ]
        },
        {
            "id": 23,
            "surface": "",
            "words": []
        },
        {
            "id": 24,
            "surface": "ライラ ライラ ライラ ライ  となりで歌うよ",
            "words": [
                {
                    "base": "ライラ",
                    "pos": "名詞,固有名詞,人名,名",
                    "pronunciation": "ライラ",
                    "reading": "",
                    "surface": "ライラ",
                    "curPos": "/"
                },
                {
                    "base": "ライラ",
                    "pos": "名詞,固有名詞,人名,名",
                    "pronunciation": "ライラ",
                    "reading": "",
                    "surface": "ライラ",
                    "curPos": "/"
                },
                {
                    "base": "ライラ",
                    "pos": "名詞,固有名詞,人名,名",
                    "pronunciation": "ライラ",
                    "reading": "",
                    "surface": "ライラ",
                    "curPos": "/"
                },
                {
                    "base": "ライ",
                    "pos": "名詞,一般,*,*",
                    "pronunciation": "ライ",
                    "reading": "",
                    "surface": "ライ",
                    "curPos": "n"
                },
                {
                    "base": "となり",
                    "pos": "名詞,一般,*,*",
                    "pronunciation": "トナリ",
                    "reading": "",
                    "surface": "となり",
                    "curPos": "n"
                },
                {
                    "base": "で",
                    "pos": "助詞,格助詞,一般,*",
                    "pronunciation": "デ",
                    "reading": "",
                    "surface": "で",
                    "curPos": "av"
                },
                {
                    "base": "歌う",
                    "pos": "動詞,自立,*,*",
                    "pronunciation": "ウタウ",
                    "reading": "うたう",
                    "surface": "歌う",
                    "curPos": "v"
                },
                {
                    "base": "よ",
                    "pos": "助詞,終助詞,*,*",
                    "pronunciation": "ヨ",
                    "reading": "",
                    "surface": "よ",
                    "curPos": "av"
                }
            ]
        },
        {
            "id": 25,
            "surface": "ライラ ライラ ライラ ライ  君のすぐとなり",
            "words": [
                {
                    "base": "ライラ",
                    "pos": "名詞,固有名詞,人名,名",
                    "pronunciation": "ライラ",
                    "reading": "",
                    "surface": "ライラ",
                    "curPos": "/"
                },
                {
                    "base": "ライラ",
                    "pos": "名詞,固有名詞,人名,名",
                    "pronunciation": "ライラ",
                    "reading": "",
                    "surface": "ライラ",
                    "curPos": "/"
                },
                {
                    "base": "ライラ",
                    "pos": "名詞,固有名詞,人名,名",
                    "pronunciation": "ライラ",
                    "reading": "",
                    "surface": "ライラ",
                    "curPos": "/"
                },
                {
                    "base": "ライ",
                    "pos": "名詞,一般,*,*",
                    "pronunciation": "ライ",
                    "reading": "",
                    "surface": "ライ",
                    "curPos": "n"
                },
                {
                    "base": "君",
                    "pos": "名詞,代名詞,一般,*",
                    "pronunciation": "キミ",
                    "reading": "きみ",
                    "surface": "君",
                    "curPos": "/"
                },
                {
                    "base": "の",
                    "pos": "助詞,連体化,*,*",
                    "pronunciation": "ノ",
                    "reading": "",
                    "surface": "の",
                    "curPos": "av"
                },
                {
                    "base": "すぐ",
                    "pos": "副詞,助詞類接続,*,*",
                    "pronunciation": "スグ",
                    "reading": "",
                    "surface": "すぐ",
                    "curPos": "adv"
                },
                {
                    "base": "と",
                    "pos": "助詞,副詞化,*,*",
                    "pronunciation": "ト",
                    "reading": "",
                    "surface": "と",
                    "curPos": "av"
                },
                {
                    "base": "なる",
                    "pos": "動詞,自立,*,*",
                    "pronunciation": "ナリ",
                    "reading": "",
                    "surface": "なり",
                    "curPos": "v"
                }
            ]
        },
        {
            "id": 26,
            "surface": "",
            "words": []
        },
        {
            "id": 27,
            "surface": "巡りゆく季節と 見慣れない景色",
            "words": [
                {
                    "base": "巡る",
                    "pos": "動詞,自立,*,*",
                    "pronunciation": "メグリ",
                    "reading": "めぐり",
                    "surface": "巡り",
                    "curPos": "v"
                },
                {
                    "base": "ゆく",
                    "pos": "動詞,非自立,*,*",
                    "pronunciation": "ユク",
                    "reading": "",
                    "surface": "ゆく",
                    "curPos": "v"
                },
                {
                    "base": "季節",
                    "pos": "名詞,一般,*,*",
                    "pronunciation": "キセツ",
                    "reading": "きせつ",
                    "surface": "季節",
                    "curPos": "n"
                },
                {
                    "base": "と",
                    "pos": "助詞,並立助詞,*,*",
                    "pronunciation": "ト",
                    "reading": "",
                    "surface": "と",
                    "curPos": "av"
                },
                {
                    "base": "見慣れる",
                    "pos": "動詞,自立,*,*",
                    "pronunciation": "ミナレ",
                    "reading": "みなれない",
                    "surface": "見慣れない",
                    "curPos": "v"
                },
                {
                    "base": "景色",
                    "pos": "名詞,一般,*,*",
                    "pronunciation": "ケシキ",
                    "reading": "けしき",
                    "surface": "景色",
                    "curPos": "n"
                }
            ]
        },
        {
            "id": 28,
            "surface": "ひるんだり 折れそうになってしまうけと",
            "words": [
                {
                    "base": "ひるむ",
                    "pos": "動詞,自立,*,*",
                    "pronunciation": "ヒルン",
                    "reading": "",
                    "surface": "ひるん",
                    "curPos": "v"
                },
                {
                    "base": "だり",
                    "pos": "助詞,並立助詞,*,*",
                    "pronunciation": "ダリ",
                    "reading": "",
                    "surface": "だり",
                    "curPos": "av"
                },
                {
                    "base": "折れる",
                    "pos": "動詞,自立,*,*",
                    "pronunciation": "オレ",
                    "reading": "おれそう",
                    "surface": "折れそう",
                    "curPos": "v"
                },
                {
                    "base": "に",
                    "pos": "助詞,格助詞,一般,*",
                    "pronunciation": "ニ",
                    "reading": "",
                    "surface": "に",
                    "curPos": "av"
                },
                {
                    "base": "なる",
                    "pos": "動詞,自立,*,*",
                    "pronunciation": "ナッ",
                    "reading": "",
                    "surface": "なって",
                    "curPos": "v"
                },
                {
                    "base": "しまう",
                    "pos": "動詞,非自立,*,*",
                    "pronunciation": "シマウ",
                    "reading": "",
                    "surface": "しまう",
                    "curPos": "v"
                },
                {
                    "base": "け",
                    "pos": "助詞,終助詞,*,*",
                    "pronunciation": "ケ",
                    "reading": "",
                    "surface": "け",
                    "curPos": "av"
                },
                {
                    "base": "と",
                    "pos": "助詞,格助詞,引用,*",
                    "pronunciation": "ト",
                    "reading": "",
                    "surface": "と",
                    "curPos": "av"
                }
            ]
        },
        {
            "id": 29,
            "surface": "そう君は 君が思っているよりずっと",
            "words": [
                {
                    "base": "そう",
                    "pos": "副詞,助詞類接続,*,*",
                    "pronunciation": "ソー",
                    "reading": "",
                    "surface": "そう",
                    "curPos": "adv"
                },
                {
                    "base": "君",
                    "pos": "名詞,代名詞,一般,*",
                    "pronunciation": "キミ",
                    "reading": "きみ",
                    "surface": "君",
                    "curPos": "/"
                },
                {
                    "base": "は",
                    "pos": "助詞,係助詞,*,*",
                    "pronunciation": "ワ",
                    "reading": "",
                    "surface": "は",
                    "curPos": "av"
                },
                {
                    "base": "君",
                    "pos": "名詞,代名詞,一般,*",
                    "pronunciation": "キミ",
                    "reading": "きみ",
                    "surface": "君",
                    "curPos": "/"
                },
                {
                    "base": "が",
                    "pos": "助詞,格助詞,一般,*",
                    "pronunciation": "ガ",
                    "reading": "",
                    "surface": "が",
                    "curPos": "av"
                },
                {
                    "base": "思う",
                    "pos": "動詞,自立,*,*",
                    "pronunciation": "オモッ",
                    "reading": "おもって",
                    "surface": "思って",
                    "curPos": "v"
                },
                {
                    "base": "いる",
                    "pos": "動詞,非自立,*,*",
                    "pronunciation": "イル",
                    "reading": "",
                    "surface": "いる",
                    "curPos": "v"
                },
                {
                    "base": "より",
                    "pos": "助詞,格助詞,一般,*",
                    "pronunciation": "ヨリ",
                    "reading": "",
                    "surface": "より",
                    "curPos": "av"
                },
                {
                    "base": "ずっと",
                    "pos": "副詞,一般,*,*",
                    "pronunciation": "ズット",
                    "reading": "",
                    "surface": "ずっと",
                    "curPos": "adv"
                }
            ]
        },
        {
            "id": 30,
            "surface": "強いはずさ 僕は知ってるよ",
            "words": [
                {
                    "base": "強い",
                    "pos": "形容詞,自立,*,*",
                    "pronunciation": "ツヨイ",
                    "reading": "つよい",
                    "surface": "強い",
                    "curPos": "a"
                },
                {
                    "base": "はず",
                    "pos": "名詞,非自立,一般,*",
                    "pronunciation": "ハズ",
                    "reading": "",
                    "surface": "はず",
                    "curPos": "n"
                },
                {
                    "base": "さ",
                    "pos": "助詞,終助詞,*,*",
                    "pronunciation": "サ",
                    "reading": "",
                    "surface": "さ",
                    "curPos": "av"
                },
                {
                    "base": "僕",
                    "pos": "名詞,代名詞,一般,*",
                    "pronunciation": "ボク",
                    "reading": "ぼく",
                    "surface": "僕",
                    "curPos": "/"
                },
                {
                    "base": "は",
                    "pos": "助詞,係助詞,*,*",
                    "pronunciation": "ワ",
                    "reading": "",
                    "surface": "は",
                    "curPos": "av"
                },
                {
                    "base": "知る",
                    "pos": "動詞,自立,*,*",
                    "pronunciation": "シッ",
                    "reading": "しっ",
                    "surface": "知っ",
                    "curPos": "v"
                },
                {
                    "base": "てる",
                    "pos": "動詞,非自立,*,*",
                    "pronunciation": "テル",
                    "reading": "",
                    "surface": "てる",
                    "curPos": "v"
                },
                {
                    "base": "よ",
                    "pos": "助詞,終助詞,*,*",
                    "pronunciation": "ヨ",
                    "reading": "",
                    "surface": "よ",
                    "curPos": "av"
                }
            ]
        },
        {
            "id": 31,
            "surface": "",
            "words": []
        },
        {
            "id": 32,
            "surface": "ライラ ライラ ライラ ライ  ただそばにいるよ",
            "words": [
                {
                    "base": "ライラ",
                    "pos": "名詞,固有名詞,人名,名",
                    "pronunciation": "ライラ",
                    "reading": "",
                    "surface": "ライラ",
                    "curPos": "/"
                },
                {
                    "base": "ライラ",
                    "pos": "名詞,固有名詞,人名,名",
                    "pronunciation": "ライラ",
                    "reading": "",
                    "surface": "ライラ",
                    "curPos": "/"
                },
                {
                    "base": "ライラ",
                    "pos": "名詞,固有名詞,人名,名",
                    "pronunciation": "ライラ",
                    "reading": "",
                    "surface": "ライラ",
                    "curPos": "/"
                },
                {
                    "base": "ライ",
                    "pos": "名詞,一般,*,*",
                    "pronunciation": "ライ",
                    "reading": "",
                    "surface": "ライ",
                    "curPos": "n"
                },
                {
                    "base": "ただ",
                    "pos": "接続詞,*,*,*",
                    "pronunciation": "タダ",
                    "reading": "",
                    "surface": "ただ",
                    "curPos": "/"
                },
                {
                    "base": "そば",
                    "pos": "名詞,一般,*,*",
                    "pronunciation": "ソバ",
                    "reading": "",
                    "surface": "そば",
                    "curPos": "n"
                },
                {
                    "base": "に",
                    "pos": "助詞,格助詞,一般,*",
                    "pronunciation": "ニ",
                    "reading": "",
                    "surface": "に",
                    "curPos": "av"
                },
                {
                    "base": "いる",
                    "pos": "動詞,自立,*,*",
                    "pronunciation": "イル",
                    "reading": "",
                    "surface": "いる",
                    "curPos": "v"
                },
                {
                    "base": "よ",
                    "pos": "助詞,終助詞,*,*",
                    "pronunciation": "ヨ",
                    "reading": "",
                    "surface": "よ",
                    "curPos": "av"
                }
            ]
        },
        {
            "id": 33,
            "surface": "ライラ ライラ ライラ ライ  Oh! となりにいるよ",
            "words": [
                {
                    "base": "ライラ",
                    "pos": "名詞,固有名詞,人名,名",
                    "pronunciation": "ライラ",
                    "reading": "",
                    "surface": "ライラ",
                    "curPos": "/"
                },
                {
                    "base": "ライラ",
                    "pos": "名詞,固有名詞,人名,名",
                    "pronunciation": "ライラ",
                    "reading": "",
                    "surface": "ライラ",
                    "curPos": "/"
                },
                {
                    "base": "ライラ",
                    "pos": "名詞,固有名詞,人名,名",
                    "pronunciation": "ライラ",
                    "reading": "",
                    "surface": "ライラ",
                    "curPos": "/"
                },
                {
                    "base": "ライ",
                    "pos": "名詞,一般,*,*",
                    "pronunciation": "ライ",
                    "reading": "",
                    "surface": "ライ",
                    "curPos": "n"
                },
                {
                    "base": "*",
                    "pos": "名詞,固有名詞,組織,*",
                    "pronunciation": "?",
                    "reading": "",
                    "surface": "Oh",
                    "curPos": "n"
                },
                {
                    "base": "*",
                    "pos": "名詞,サ変接続,*,*",
                    "pronunciation": "?",
                    "reading": "",
                    "surface": "!",
                    "curPos": "n"
                },
                {
                    "base": "となり",
                    "pos": "名詞,一般,*,*",
                    "pronunciation": "トナリ",
                    "reading": "",
                    "surface": "となり",
                    "curPos": "n"
                },
                {
                    "base": "に",
                    "pos": "助詞,格助詞,一般,*",
                    "pronunciation": "ニ",
                    "reading": "",
                    "surface": "に",
                    "curPos": "av"
                },
                {
                    "base": "いる",
                    "pos": "動詞,自立,*,*",
                    "pronunciation": "イル",
                    "reading": "",
                    "surface": "いる",
                    "curPos": "v"
                },
                {
                    "base": "よ",
                    "pos": "助詞,終助詞,*,*",
                    "pronunciation": "ヨ",
                    "reading": "",
                    "surface": "よ",
                    "curPos": "av"
                }
            ]
        },
        {
            "id": 34,
            "surface": "",
            "words": []
        }
    ],
    "pureLrc": [
        "Are You There? 気がつけば週末が終わりを告げる",
        "明日から 始まるウィークデイ 憂鬱な夜を吹き飛ばして",
        "",
        "Stand by you 少しずつ 君の気持ちに寄り添えば",
        "いつだって 見つかるのさ 悩みなら聞かせて",
        "",
        "見上げれば どんな空でも 青空に繋がる",
        "ほら 今日が始まるさ",
        "",
        "Oh my life 何度でも 最高の日々がやってくる",
        "さりげなく 鮮やかに 頑張って行きましょう",
        "",
        "ライラ ライラ ライラ ライ  ただそばにいるよ",
        "ライラ ライラ ライラ ライ  Oh! となりにいるよ",
        "",
        "Day by day 幸せが 心と身体に満ちてく",
        "ありふれた そう今こそが 何よりもステキさ",
        "",
        "踏み出せば 回り道でも 昨日より輝く",
        "そんな 今日にありがとう",
        "",
        "Oh my life 明日また 最高の自分に出会える",
        "思いっきり 軽やかに 乗り越えて行きましよう",
        "",
        "ライラ ライラ ライラ ライ  となりで歌うよ",
        "ライラ ライラ ライラ ライ  君のすぐとなり",
        "",
        "巡りゆく季節と 見慣れない景色",
        "ひるんだり 折れそうになってしまうけと",
        "そう君は 君が思っているよりずっと",
        "強いはずさ 僕は知ってるよ",
        "",
        "ライラ ライラ ライラ ライ  ただそばにいるよ",
        "ライラ ライラ ライラ ライ  Oh! となりにいるよ",
        ""
    ]
}