{
    "name": "BANGER NIGHT",
    "artist": [
        "Hey!Say!JUMP"
    ],
    "producer": [
        {
            "label": "作詞",
            "value": [
                "MiNE"
            ]
        },
        {
            "label": "作曲",
            "value": [
                "Tommy Clint",
                "坂室賢一"
            ]
        }
    ],
    "lrc": [
        {
            "id": 0,
            "surface": "Banger night",
            "words": [
                {
                    "base": "*",
                    "pos": "名詞,固有名詞,組織,*",
                    "pronunciation": "?",
                    "reading": "",
                    "surface": "Banger",
                    "curPos": "n"
                },
                {
                    "base": "*",
                    "pos": "名詞,固有名詞,組織,*",
                    "pronunciation": "?",
                    "reading": "",
                    "surface": "night",
                    "curPos": "n"
                }
            ]
        },
        {
            "id": 1,
            "surface": "",
            "words": []
        },
        {
            "id": 2,
            "surface": "虚像のMind 植え付けられた世界",
            "words": [
                {
                    "base": "虚像",
                    "pos": "名詞,一般,*,*",
                    "pronunciation": "キョゾー",
                    "reading": "きょぞう",
                    "surface": "虚像",
                    "curPos": "n"
                },
                {
                    "base": "の",
                    "pos": "助詞,連体化,*,*",
                    "pronunciation": "ノ",
                    "reading": "",
                    "surface": "の",
                    "curPos": "av"
                },
                {
                    "base": "*",
                    "pos": "名詞,一般,*,*",
                    "pronunciation": "?",
                    "reading": "",
                    "surface": "Mind",
                    "curPos": "n"
                },
                {
                    "base": "植え付ける",
                    "pos": "動詞,自立,*,*",
                    "pronunciation": "ウエツケ",
                    "reading": "うえつけ",
                    "surface": "植え付け",
                    "curPos": "v"
                },
                {
                    "base": "られる",
                    "pos": "動詞,接尾,*,*",
                    "pronunciation": "ラレ",
                    "reading": "",
                    "surface": "られた",
                    "curPos": "v"
                },
                {
                    "base": "世界",
                    "pos": "名詞,一般,*,*",
                    "pronunciation": "セカイ",
                    "reading": "せかい",
                    "surface": "世界",
                    "curPos": "n"
                }
            ]
        },
        {
            "id": 3,
            "surface": "Break it out 今 Break it out",
            "words": [
                {
                    "base": "*",
                    "pos": "名詞,固有名詞,組織,*",
                    "pronunciation": "?",
                    "reading": "",
                    "surface": "Break",
                    "curPos": "n"
                },
                {
                    "base": "*",
                    "pos": "名詞,固有名詞,組織,*",
                    "pronunciation": "?",
                    "reading": "",
                    "surface": "it",
                    "curPos": "n"
                },
                {
                    "base": "*",
                    "pos": "名詞,固有名詞,組織,*",
                    "pronunciation": "?",
                    "reading": "",
                    "surface": "out",
                    "curPos": "n"
                },
                {
                    "base": "今",
                    "pos": "名詞,副詞可能,*,*",
                    "pronunciation": "イマ",
                    "reading": "いま",
                    "surface": "今",
                    "curPos": "n"
                },
                {
                    "base": "*",
                    "pos": "名詞,固有名詞,組織,*",
                    "pronunciation": "?",
                    "reading": "",
                    "surface": "Break",
                    "curPos": "n"
                },
                {
                    "base": "*",
                    "pos": "名詞,固有名詞,組織,*",
                    "pronunciation": "?",
                    "reading": "",
                    "surface": "it",
                    "curPos": "n"
                },
                {
                    "base": "*",
                    "pos": "名詞,固有名詞,組織,*",
                    "pronunciation": "?",
                    "reading": "",
                    "surface": "out",
                    "curPos": "n"
                }
            ]
        },
        {
            "id": 4,
            "surface": "正しいChoice 出来なくなった人間",
            "words": [
                {
                    "base": "正しい",
                    "pos": "形容詞,自立,*,*",
                    "pronunciation": "タダシイ",
                    "reading": "ただしい",
                    "surface": "正しい",
                    "curPos": "a"
                },
                {
                    "base": "*",
                    "pos": "名詞,一般,*,*",
                    "pronunciation": "?",
                    "reading": "",
                    "surface": "Choice",
                    "curPos": "n"
                },
                {
                    "base": "出来る",
                    "pos": "動詞,自立,*,*",
                    "pronunciation": "デキ",
                    "reading": "できなく",
                    "surface": "出来なく",
                    "curPos": "v"
                },
                {
                    "base": "なる",
                    "pos": "動詞,自立,*,*",
                    "pronunciation": "ナッ",
                    "reading": "",
                    "surface": "なった",
                    "curPos": "v"
                },
                {
                    "base": "人間",
                    "pos": "名詞,一般,*,*",
                    "pronunciation": "ニンゲン",
                    "reading": "にんげん",
                    "surface": "人間",
                    "curPos": "n"
                }
            ]
        },
        {
            "id": 5,
            "surface": "Break it out 今 Break it out",
            "words": [
                {
                    "base": "*",
                    "pos": "名詞,固有名詞,組織,*",
                    "pronunciation": "?",
                    "reading": "",
                    "surface": "Break",
                    "curPos": "n"
                },
                {
                    "base": "*",
                    "pos": "名詞,固有名詞,組織,*",
                    "pronunciation": "?",
                    "reading": "",
                    "surface": "it",
                    "curPos": "n"
                },
                {
                    "base": "*",
                    "pos": "名詞,固有名詞,組織,*",
                    "pronunciation": "?",
                    "reading": "",
                    "surface": "out",
                    "curPos": "n"
                },
                {
                    "base": "今",
                    "pos": "名詞,副詞可能,*,*",
                    "pronunciation": "イマ",
                    "reading": "いま",
                    "surface": "今",
                    "curPos": "n"
                },
                {
                    "base": "*",
                    "pos": "名詞,固有名詞,組織,*",
                    "pronunciation": "?",
                    "reading": "",
                    "surface": "Break",
                    "curPos": "n"
                },
                {
                    "base": "*",
                    "pos": "名詞,固有名詞,組織,*",
                    "pronunciation": "?",
                    "reading": "",
                    "surface": "it",
                    "curPos": "n"
                },
                {
                    "base": "*",
                    "pos": "名詞,固有名詞,組織,*",
                    "pronunciation": "?",
                    "reading": "",
                    "surface": "out",
                    "curPos": "n"
                }
            ]
        },
        {
            "id": 6,
            "surface": "",
            "words": []
        },
        {
            "id": 7,
            "surface": "幻想をUp Up Up 真実はDown Down Down",
            "words": [
                {
                    "base": "幻想",
                    "pos": "名詞,サ変接続,*,*",
                    "pronunciation": "ゲンソー",
                    "reading": "げんそう",
                    "surface": "幻想",
                    "curPos": "n"
                },
                {
                    "base": "を",
                    "pos": "助詞,格助詞,一般,*",
                    "pronunciation": "ヲ",
                    "reading": "",
                    "surface": "を",
                    "curPos": "av"
                },
                {
                    "base": "*",
                    "pos": "名詞,固有名詞,組織,*",
                    "pronunciation": "?",
                    "reading": "",
                    "surface": "Up",
                    "curPos": "n"
                },
                {
                    "base": "*",
                    "pos": "名詞,固有名詞,組織,*",
                    "pronunciation": "?",
                    "reading": "",
                    "surface": "Up",
                    "curPos": "n"
                },
                {
                    "base": "*",
                    "pos": "名詞,固有名詞,組織,*",
                    "pronunciation": "?",
                    "reading": "",
                    "surface": "Up",
                    "curPos": "n"
                },
                {
                    "base": "真実",
                    "pos": "名詞,一般,*,*",
                    "pronunciation": "シンジツ",
                    "reading": "しんじつ",
                    "surface": "真実",
                    "curPos": "n"
                },
                {
                    "base": "は",
                    "pos": "助詞,係助詞,*,*",
                    "pronunciation": "ワ",
                    "reading": "",
                    "surface": "は",
                    "curPos": "av"
                },
                {
                    "base": "*",
                    "pos": "名詞,固有名詞,組織,*",
                    "pronunciation": "?",
                    "reading": "",
                    "surface": "Down",
                    "curPos": "n"
                },
                {
                    "base": "*",
                    "pos": "名詞,固有名詞,組織,*",
                    "pronunciation": "?",
                    "reading": "",
                    "surface": "Down",
                    "curPos": "n"
                },
                {
                    "base": "*",
                    "pos": "名詞,固有名詞,組織,*",
                    "pronunciation": "?",
                    "reading": "",
                    "surface": "Down",
                    "curPos": "n"
                }
            ]
        },
        {
            "id": 8,
            "surface": "画面越しじゃ測れない未来",
            "words": [
                {
                    "base": "画面",
                    "pos": "名詞,一般,*,*",
                    "pronunciation": "ガメン",
                    "reading": "がめん",
                    "surface": "画面",
                    "curPos": "n"
                },
                {
                    "base": "越し",
                    "pos": "名詞,接尾,一般,*",
                    "pronunciation": "ゴシ",
                    "reading": "ごし",
                    "surface": "越し",
                    "left": true,
                    "curPos": "n"
                },
                {
                    "base": "じゃ",
                    "pos": "助詞,副助詞,*,*",
                    "pronunciation": "ジャ",
                    "reading": "",
                    "surface": "じゃ",
                    "curPos": "av"
                },
                {
                    "base": "測れる",
                    "pos": "動詞,自立,*,*",
                    "pronunciation": "ハカレ",
                    "reading": "はかれない",
                    "surface": "測れない",
                    "curPos": "v"
                },
                {
                    "base": "未来",
                    "pos": "名詞,一般,*,*",
                    "pronunciation": "ミライ",
                    "reading": "みらい",
                    "surface": "未来",
                    "curPos": "n"
                }
            ]
        },
        {
            "id": 9,
            "surface": "壊せEmotion 燃やせImitation",
            "words": [
                {
                    "base": "壊せる",
                    "pos": "動詞,自立,*,*",
                    "pronunciation": "コワセ",
                    "reading": "こわせ",
                    "surface": "壊せ",
                    "curPos": "v"
                },
                {
                    "base": "*",
                    "pos": "名詞,一般,*,*",
                    "pronunciation": "?",
                    "reading": "",
                    "surface": "Emotion",
                    "curPos": "n"
                },
                {
                    "base": "燃やせる",
                    "pos": "動詞,自立,*,*",
                    "pronunciation": "モヤセ",
                    "reading": "もやせ",
                    "surface": "燃やせ",
                    "curPos": "v"
                },
                {
                    "base": "*",
                    "pos": "名詞,固有名詞,組織,*",
                    "pronunciation": "?",
                    "reading": "",
                    "surface": "Imitation",
                    "curPos": "n"
                }
            ]
        },
        {
            "id": 10,
            "surface": "答えは鼓動が知っている",
            "words": [
                {
                    "base": "答え",
                    "pos": "名詞,一般,*,*",
                    "pronunciation": "コタエ",
                    "reading": "こたえ",
                    "surface": "答え",
                    "curPos": "n"
                },
                {
                    "base": "は",
                    "pos": "助詞,係助詞,*,*",
                    "pronunciation": "ワ",
                    "reading": "",
                    "surface": "は",
                    "curPos": "av"
                },
                {
                    "base": "鼓動",
                    "pos": "名詞,サ変接続,*,*",
                    "pronunciation": "コドー",
                    "reading": "こどう",
                    "surface": "鼓動",
                    "curPos": "n"
                },
                {
                    "base": "が",
                    "pos": "助詞,格助詞,一般,*",
                    "pronunciation": "ガ",
                    "reading": "",
                    "surface": "が",
                    "curPos": "av"
                },
                {
                    "base": "知る",
                    "pos": "動詞,自立,*,*",
                    "pronunciation": "シッ",
                    "reading": "しって",
                    "surface": "知って",
                    "curPos": "v"
                },
                {
                    "base": "いる",
                    "pos": "動詞,非自立,*,*",
                    "pronunciation": "イル",
                    "reading": "",
                    "surface": "いる",
                    "curPos": "v"
                }
            ]
        },
        {
            "id": 11,
            "surface": "もう騙されないぜ",
            "words": [
                {
                    "base": "もう",
                    "pos": "副詞,一般,*,*",
                    "pronunciation": "モー",
                    "reading": "",
                    "surface": "もう",
                    "curPos": "adv"
                },
                {
                    "base": "騙す",
                    "pos": "動詞,自立,*,*",
                    "pronunciation": "ダマサ",
                    "reading": "だまさ",
                    "surface": "騙さ",
                    "curPos": "v"
                },
                {
                    "base": "れる",
                    "pos": "動詞,接尾,*,*",
                    "pronunciation": "レ",
                    "reading": "",
                    "surface": "れない",
                    "curPos": "v"
                },
                {
                    "base": "ぜ",
                    "pos": "助詞,終助詞,*,*",
                    "pronunciation": "ゼ",
                    "reading": "",
                    "surface": "ぜ",
                    "curPos": "av"
                }
            ]
        },
        {
            "id": 12,
            "surface": "正解は自分で決めるから",
            "words": [
                {
                    "base": "正解",
                    "pos": "名詞,サ変接続,*,*",
                    "pronunciation": "セイカイ",
                    "reading": "せいかい",
                    "surface": "正解",
                    "curPos": "n"
                },
                {
                    "base": "は",
                    "pos": "助詞,係助詞,*,*",
                    "pronunciation": "ワ",
                    "reading": "",
                    "surface": "は",
                    "curPos": "av"
                },
                {
                    "base": "自分",
                    "pos": "名詞,一般,*,*",
                    "pronunciation": "ジブン",
                    "reading": "じぶん",
                    "surface": "自分",
                    "curPos": "n"
                },
                {
                    "base": "で",
                    "pos": "助詞,格助詞,一般,*",
                    "pronunciation": "デ",
                    "reading": "",
                    "surface": "で",
                    "curPos": "av"
                },
                {
                    "base": "決める",
                    "pos": "動詞,自立,*,*",
                    "pronunciation": "キメル",
                    "reading": "きめる",
                    "surface": "決める",
                    "curPos": "v"
                },
                {
                    "base": "から",
                    "pos": "助詞,接続助詞,*,*",
                    "pronunciation": "カラ",
                    "reading": "",
                    "surface": "から",
                    "curPos": "av"
                }
            ]
        },
        {
            "id": 13,
            "surface": "全部をリセットしよう",
            "words": [
                {
                    "base": "全部",
                    "pos": "名詞,副詞可能,*,*",
                    "pronunciation": "ゼンブ",
                    "reading": "ぜんぶ",
                    "surface": "全部",
                    "curPos": "n"
                },
                {
                    "base": "を",
                    "pos": "助詞,格助詞,一般,*",
                    "pronunciation": "ヲ",
                    "reading": "",
                    "surface": "を",
                    "curPos": "av"
                },
                {
                    "base": "リセット",
                    "pos": "名詞,一般,*,*",
                    "pronunciation": "リセット",
                    "reading": "",
                    "surface": "リセット",
                    "curPos": "n"
                },
                {
                    "base": "する",
                    "pos": "動詞,自立,*,*",
                    "pronunciation": "シヨ",
                    "reading": "",
                    "surface": "しよう",
                    "curPos": "v"
                }
            ]
        },
        {
            "id": 14,
            "surface": "迷わず叩き潰すBanger night",
            "words": [
                {
                    "base": "迷う",
                    "pos": "動詞,自立,*,*",
                    "pronunciation": "マヨワ",
                    "reading": "まよわず",
                    "surface": "迷わず",
                    "curPos": "v"
                },
                {
                    "base": "叩く",
                    "pos": "動詞,自立,*,*",
                    "pronunciation": "ハタキ",
                    "reading": "はたき",
                    "surface": "叩き",
                    "curPos": "v"
                },
                {
                    "base": "潰す",
                    "pos": "動詞,自立,*,*",
                    "pronunciation": "ツブス",
                    "reading": "つぶす",
                    "surface": "潰す",
                    "curPos": "v"
                },
                {
                    "base": "*",
                    "pos": "名詞,固有名詞,組織,*",
                    "pronunciation": "?",
                    "reading": "",
                    "surface": "Banger",
                    "curPos": "n"
                },
                {
                    "base": "*",
                    "pos": "名詞,固有名詞,組織,*",
                    "pronunciation": "?",
                    "reading": "",
                    "surface": "night",
                    "curPos": "n"
                }
            ]
        },
        {
            "id": 15,
            "surface": "",
            "words": []
        },
        {
            "id": 16,
            "surface": "Banger Banger Banger night",
            "words": [
                {
                    "base": "*",
                    "pos": "名詞,固有名詞,組織,*",
                    "pronunciation": "?",
                    "reading": "",
                    "surface": "Banger",
                    "curPos": "n"
                },
                {
                    "base": "*",
                    "pos": "名詞,固有名詞,組織,*",
                    "pronunciation": "?",
                    "reading": "",
                    "surface": "Banger",
                    "curPos": "n"
                },
                {
                    "base": "*",
                    "pos": "名詞,固有名詞,組織,*",
                    "pronunciation": "?",
                    "reading": "",
                    "surface": "Banger",
                    "curPos": "n"
                },
                {
                    "base": "*",
                    "pos": "名詞,固有名詞,組織,*",
                    "pronunciation": "?",
                    "reading": "",
                    "surface": "night",
                    "curPos": "n"
                }
            ]
        },
        {
            "id": 17,
            "surface": "「0」にするBanger night",
            "words": [
                {
                    "base": "「",
                    "pos": "記号,括弧開,*,*",
                    "pronunciation": "「",
                    "reading": "",
                    "surface": "「",
                    "left": true,
                    "curPos": "/"
                },
                {
                    "base": "*",
                    "pos": "名詞,数,*,*",
                    "pronunciation": "?",
                    "reading": "",
                    "surface": "0",
                    "curPos": "/"
                },
                {
                    "base": "」",
                    "pos": "記号,括弧閉,*,*",
                    "pronunciation": "」",
                    "reading": "",
                    "surface": "」",
                    "left": true,
                    "curPos": "/"
                },
                {
                    "base": "に",
                    "pos": "助詞,格助詞,一般,*",
                    "pronunciation": "ニ",
                    "reading": "",
                    "surface": "に",
                    "curPos": "av"
                },
                {
                    "base": "する",
                    "pos": "動詞,自立,*,*",
                    "pronunciation": "スル",
                    "reading": "",
                    "surface": "する",
                    "curPos": "v"
                },
                {
                    "base": "*",
                    "pos": "名詞,固有名詞,組織,*",
                    "pronunciation": "?",
                    "reading": "",
                    "surface": "Banger",
                    "curPos": "n"
                },
                {
                    "base": "*",
                    "pos": "名詞,固有名詞,組織,*",
                    "pronunciation": "?",
                    "reading": "",
                    "surface": "night",
                    "curPos": "n"
                }
            ]
        },
        {
            "id": 18,
            "surface": "Banger Banger Banger night",
            "words": [
                {
                    "base": "*",
                    "pos": "名詞,固有名詞,組織,*",
                    "pronunciation": "?",
                    "reading": "",
                    "surface": "Banger",
                    "curPos": "n"
                },
                {
                    "base": "*",
                    "pos": "名詞,固有名詞,組織,*",
                    "pronunciation": "?",
                    "reading": "",
                    "surface": "Banger",
                    "curPos": "n"
                },
                {
                    "base": "*",
                    "pos": "名詞,固有名詞,組織,*",
                    "pronunciation": "?",
                    "reading": "",
                    "surface": "Banger",
                    "curPos": "n"
                },
                {
                    "base": "*",
                    "pos": "名詞,固有名詞,組織,*",
                    "pronunciation": "?",
                    "reading": "",
                    "surface": "night",
                    "curPos": "n"
                }
            ]
        },
        {
            "id": 19,
            "surface": "目撃せよTonight",
            "words": [
                {
                    "base": "目撃",
                    "pos": "名詞,サ変接続,*,*",
                    "pronunciation": "モクゲキ",
                    "reading": "もくげき",
                    "surface": "目撃",
                    "curPos": "n"
                },
                {
                    "base": "する",
                    "pos": "動詞,自立,*,*",
                    "pronunciation": "セヨ",
                    "reading": "",
                    "surface": "せよ",
                    "curPos": "v"
                },
                {
                    "base": "*",
                    "pos": "名詞,固有名詞,組織,*",
                    "pronunciation": "?",
                    "reading": "",
                    "surface": "Tonight",
                    "curPos": "n"
                }
            ]
        },
        {
            "id": 20,
            "surface": "",
            "words": []
        },
        {
            "id": 21,
            "surface": "未知へのDive 傷だらけになっても",
            "words": [
                {
                    "base": "未知",
                    "pos": "名詞,一般,*,*",
                    "pronunciation": "ミチ",
                    "reading": "みち",
                    "surface": "未知",
                    "curPos": "n"
                },
                {
                    "base": "へ",
                    "pos": "助詞,格助詞,一般,*",
                    "pronunciation": "エ",
                    "reading": "",
                    "surface": "へ",
                    "curPos": "av"
                },
                {
                    "base": "の",
                    "pos": "助詞,連体化,*,*",
                    "pronunciation": "ノ",
                    "reading": "",
                    "surface": "の",
                    "curPos": "av"
                },
                {
                    "base": "*",
                    "pos": "名詞,一般,*,*",
                    "pronunciation": "?",
                    "reading": "",
                    "surface": "Dive",
                    "curPos": "n"
                },
                {
                    "base": "傷",
                    "pos": "名詞,一般,*,*",
                    "pronunciation": "キズ",
                    "reading": "きず",
                    "surface": "傷",
                    "curPos": "n"
                },
                {
                    "base": "だらけ",
                    "pos": "名詞,接尾,一般,*",
                    "pronunciation": "ダラケ",
                    "reading": "",
                    "surface": "だらけ",
                    "left": true,
                    "curPos": "n"
                },
                {
                    "base": "に",
                    "pos": "助詞,格助詞,一般,*",
                    "pronunciation": "ニ",
                    "reading": "",
                    "surface": "に",
                    "curPos": "av"
                },
                {
                    "base": "なる",
                    "pos": "動詞,自立,*,*",
                    "pronunciation": "ナッ",
                    "reading": "",
                    "surface": "なって",
                    "curPos": "v"
                },
                {
                    "base": "も",
                    "pos": "助詞,係助詞,*,*",
                    "pronunciation": "モ",
                    "reading": "",
                    "surface": "も",
                    "curPos": "av"
                }
            ]
        },
        {
            "id": 22,
            "surface": "Bring it on 今 Bring it on",
            "words": [
                {
                    "base": "*",
                    "pos": "名詞,固有名詞,組織,*",
                    "pronunciation": "?",
                    "reading": "",
                    "surface": "Bring",
                    "curPos": "n"
                },
                {
                    "base": "*",
                    "pos": "名詞,固有名詞,組織,*",
                    "pronunciation": "?",
                    "reading": "",
                    "surface": "it",
                    "curPos": "n"
                },
                {
                    "base": "*",
                    "pos": "名詞,固有名詞,組織,*",
                    "pronunciation": "?",
                    "reading": "",
                    "surface": "on",
                    "curPos": "n"
                },
                {
                    "base": "今",
                    "pos": "名詞,副詞可能,*,*",
                    "pronunciation": "イマ",
                    "reading": "いま",
                    "surface": "今",
                    "curPos": "n"
                },
                {
                    "base": "*",
                    "pos": "名詞,固有名詞,組織,*",
                    "pronunciation": "?",
                    "reading": "",
                    "surface": "Bring",
                    "curPos": "n"
                },
                {
                    "base": "*",
                    "pos": "名詞,固有名詞,組織,*",
                    "pronunciation": "?",
                    "reading": "",
                    "surface": "it",
                    "curPos": "n"
                },
                {
                    "base": "*",
                    "pos": "名詞,固有名詞,組織,*",
                    "pronunciation": "?",
                    "reading": "",
                    "surface": "on",
                    "curPos": "n"
                }
            ]
        },
        {
            "id": 23,
            "surface": "安物なPride かなぐり捨てるんだ",
            "words": [
                {
                    "base": "安物",
                    "pos": "名詞,一般,*,*",
                    "pronunciation": "ヤスモノ",
                    "reading": "やすもの",
                    "surface": "安物",
                    "curPos": "n"
                },
                {
                    "base": "だ",
                    "pos": "助動詞,*,*,*",
                    "pronunciation": "ナ",
                    "reading": "",
                    "surface": "な",
                    "curPos": "mv"
                },
                {
                    "base": "*",
                    "pos": "名詞,一般,*,*",
                    "pronunciation": "?",
                    "reading": "",
                    "surface": "Pride",
                    "curPos": "n"
                },
                {
                    "base": "かなぐり捨てる",
                    "pos": "動詞,自立,*,*",
                    "pronunciation": "カナグリステル",
                    "reading": "かなぐりすてる",
                    "surface": "かなぐり捨てる",
                    "curPos": "v"
                },
                {
                    "base": "ん",
                    "pos": "名詞,非自立,一般,*",
                    "pronunciation": "ン",
                    "reading": "",
                    "surface": "ん",
                    "curPos": "n"
                },
                {
                    "base": "だ",
                    "pos": "助動詞,*,*,*",
                    "pronunciation": "ダ",
                    "reading": "",
                    "surface": "だ",
                    "curPos": "mv"
                }
            ]
        },
        {
            "id": 24,
            "surface": "Bring it on 今 Bring it on",
            "words": [
                {
                    "base": "*",
                    "pos": "名詞,固有名詞,組織,*",
                    "pronunciation": "?",
                    "reading": "",
                    "surface": "Bring",
                    "curPos": "n"
                },
                {
                    "base": "*",
                    "pos": "名詞,固有名詞,組織,*",
                    "pronunciation": "?",
                    "reading": "",
                    "surface": "it",
                    "curPos": "n"
                },
                {
                    "base": "*",
                    "pos": "名詞,固有名詞,組織,*",
                    "pronunciation": "?",
                    "reading": "",
                    "surface": "on",
                    "curPos": "n"
                },
                {
                    "base": "今",
                    "pos": "名詞,副詞可能,*,*",
                    "pronunciation": "イマ",
                    "reading": "いま",
                    "surface": "今",
                    "curPos": "n"
                },
                {
                    "base": "*",
                    "pos": "名詞,固有名詞,組織,*",
                    "pronunciation": "?",
                    "reading": "",
                    "surface": "Bring",
                    "curPos": "n"
                },
                {
                    "base": "*",
                    "pos": "名詞,固有名詞,組織,*",
                    "pronunciation": "?",
                    "reading": "",
                    "surface": "it",
                    "curPos": "n"
                },
                {
                    "base": "*",
                    "pos": "名詞,固有名詞,組織,*",
                    "pronunciation": "?",
                    "reading": "",
                    "surface": "on",
                    "curPos": "n"
                }
            ]
        },
        {
            "id": 25,
            "surface": "",
            "words": []
        },
        {
            "id": 26,
            "surface": "信念をUp Up Up 恐怖はDown Down Down",
            "words": [
                {
                    "base": "信念",
                    "pos": "名詞,一般,*,*",
                    "pronunciation": "シンネン",
                    "reading": "しんねん",
                    "surface": "信念",
                    "curPos": "n"
                },
                {
                    "base": "を",
                    "pos": "助詞,格助詞,一般,*",
                    "pronunciation": "ヲ",
                    "reading": "",
                    "surface": "を",
                    "curPos": "av"
                },
                {
                    "base": "*",
                    "pos": "名詞,固有名詞,組織,*",
                    "pronunciation": "?",
                    "reading": "",
                    "surface": "Up",
                    "curPos": "n"
                },
                {
                    "base": "*",
                    "pos": "名詞,固有名詞,組織,*",
                    "pronunciation": "?",
                    "reading": "",
                    "surface": "Up",
                    "curPos": "n"
                },
                {
                    "base": "*",
                    "pos": "名詞,固有名詞,組織,*",
                    "pronunciation": "?",
                    "reading": "",
                    "surface": "Up",
                    "curPos": "n"
                },
                {
                    "base": "恐怖",
                    "pos": "名詞,サ変接続,*,*",
                    "pronunciation": "キョーフ",
                    "reading": "きょうふ",
                    "surface": "恐怖",
                    "curPos": "n"
                },
                {
                    "base": "は",
                    "pos": "助詞,係助詞,*,*",
                    "pronunciation": "ワ",
                    "reading": "",
                    "surface": "は",
                    "curPos": "av"
                },
                {
                    "base": "*",
                    "pos": "名詞,固有名詞,組織,*",
                    "pronunciation": "?",
                    "reading": "",
                    "surface": "Down",
                    "curPos": "n"
                },
                {
                    "base": "*",
                    "pos": "名詞,固有名詞,組織,*",
                    "pronunciation": "?",
                    "reading": "",
                    "surface": "Down",
                    "curPos": "n"
                },
                {
                    "base": "*",
                    "pos": "名詞,固有名詞,組織,*",
                    "pronunciation": "?",
                    "reading": "",
                    "surface": "Down",
                    "curPos": "n"
                }
            ]
        },
        {
            "id": 27,
            "surface": "ググっても手に出来ぬ勇気",
            "words": [
                {
                    "base": "*",
                    "pos": "名詞,固有名詞,組織,*",
                    "pronunciation": "?",
                    "reading": "",
                    "surface": "ググ",
                    "curPos": "n"
                },
                {
                    "base": "って",
                    "pos": "助詞,格助詞,連語,*",
                    "pronunciation": "ッテ",
                    "reading": "",
                    "surface": "って",
                    "curPos": "av"
                },
                {
                    "base": "も",
                    "pos": "助詞,係助詞,*,*",
                    "pronunciation": "モ",
                    "reading": "",
                    "surface": "も",
                    "curPos": "av"
                },
                {
                    "base": "手",
                    "pos": "名詞,一般,*,*",
                    "pronunciation": "テ",
                    "reading": "て",
                    "surface": "手",
                    "curPos": "n"
                },
                {
                    "base": "に",
                    "pos": "助詞,格助詞,一般,*",
                    "pronunciation": "ニ",
                    "reading": "",
                    "surface": "に",
                    "curPos": "av"
                },
                {
                    "base": "出来る",
                    "pos": "動詞,自立,*,*",
                    "pronunciation": "デキ",
                    "reading": "できぬ",
                    "surface": "出来ぬ",
                    "curPos": "v"
                },
                {
                    "base": "勇気",
                    "pos": "名詞,一般,*,*",
                    "pronunciation": "ユーキ",
                    "reading": "ゆうき",
                    "surface": "勇気",
                    "curPos": "n"
                }
            ]
        },
        {
            "id": 28,
            "surface": "起こすSensation 描くNonfiction",
            "words": [
                {
                    "base": "起こす",
                    "pos": "動詞,自立,*,*",
                    "pronunciation": "オコス",
                    "reading": "おこす",
                    "surface": "起こす",
                    "curPos": "v"
                },
                {
                    "base": "*",
                    "pos": "名詞,固有名詞,組織,*",
                    "pronunciation": "?",
                    "reading": "",
                    "surface": "Sensation",
                    "curPos": "n"
                },
                {
                    "base": "描く",
                    "pos": "動詞,自立,*,*",
                    "pronunciation": "エガク",
                    "reading": "えがく",
                    "surface": "描く",
                    "curPos": "v"
                },
                {
                    "base": "*",
                    "pos": "名詞,固有名詞,組織,*",
                    "pronunciation": "?",
                    "reading": "",
                    "surface": "Nonfiction",
                    "curPos": "n"
                }
            ]
        },
        {
            "id": 29,
            "surface": "誰にも邪魔はさせないさ",
            "words": [
                {
                    "base": "誰",
                    "pos": "名詞,代名詞,一般,*",
                    "pronunciation": "ダレ",
                    "reading": "だれ",
                    "surface": "誰",
                    "curPos": "/"
                },
                {
                    "base": "に",
                    "pos": "助詞,格助詞,一般,*",
                    "pronunciation": "ニ",
                    "reading": "",
                    "surface": "に",
                    "curPos": "av"
                },
                {
                    "base": "も",
                    "pos": "助詞,係助詞,*,*",
                    "pronunciation": "モ",
                    "reading": "",
                    "surface": "も",
                    "curPos": "av"
                },
                {
                    "base": "邪魔",
                    "pos": "名詞,形容動詞語幹,*,*",
                    "pronunciation": "ジャマ",
                    "reading": "じゃま",
                    "surface": "邪魔",
                    "curPos": "n"
                },
                {
                    "base": "は",
                    "pos": "助詞,係助詞,*,*",
                    "pronunciation": "ワ",
                    "reading": "",
                    "surface": "は",
                    "curPos": "av"
                },
                {
                    "base": "する",
                    "pos": "動詞,自立,*,*",
                    "pronunciation": "サ",
                    "reading": "",
                    "surface": "さ",
                    "curPos": "v"
                },
                {
                    "base": "せる",
                    "pos": "動詞,接尾,*,*",
                    "pronunciation": "セ",
                    "reading": "",
                    "surface": "せない",
                    "curPos": "v"
                },
                {
                    "base": "さ",
                    "pos": "助詞,終助詞,*,*",
                    "pronunciation": "サ",
                    "reading": "",
                    "surface": "さ",
                    "curPos": "av"
                }
            ]
        },
        {
            "id": 30,
            "surface": "白黒つけよう",
            "words": [
                {
                    "base": "白黒",
                    "pos": "名詞,サ変接続,*,*",
                    "pronunciation": "シロクロ",
                    "reading": "しろくろ",
                    "surface": "白黒",
                    "curPos": "n"
                },
                {
                    "base": "つける",
                    "pos": "動詞,自立,*,*",
                    "pronunciation": "ツケヨ",
                    "reading": "",
                    "surface": "つけよう",
                    "curPos": "v"
                }
            ]
        },
        {
            "id": 31,
            "surface": "“限界”はただの言葉だろう",
            "words": [
                {
                    "base": "“",
                    "pos": "記号,括弧開,*,*",
                    "pronunciation": "“",
                    "reading": "",
                    "surface": "“",
                    "left": true,
                    "curPos": "/"
                },
                {
                    "base": "限界",
                    "pos": "名詞,一般,*,*",
                    "pronunciation": "ゲンカイ",
                    "reading": "げんかい",
                    "surface": "限界",
                    "curPos": "n"
                },
                {
                    "base": "”",
                    "pos": "記号,括弧閉,*,*",
                    "pronunciation": "”",
                    "reading": "",
                    "surface": "”",
                    "left": true,
                    "curPos": "/"
                },
                {
                    "base": "は",
                    "pos": "助詞,係助詞,*,*",
                    "pronunciation": "ワ",
                    "reading": "",
                    "surface": "は",
                    "curPos": "av"
                },
                {
                    "base": "ただ",
                    "pos": "名詞,一般,*,*",
                    "pronunciation": "タダ",
                    "reading": "",
                    "surface": "ただ",
                    "curPos": "n"
                },
                {
                    "base": "の",
                    "pos": "助詞,連体化,*,*",
                    "pronunciation": "ノ",
                    "reading": "",
                    "surface": "の",
                    "curPos": "av"
                },
                {
                    "base": "言葉",
                    "pos": "名詞,一般,*,*",
                    "pronunciation": "コトバ",
                    "reading": "ことば",
                    "surface": "言葉",
                    "curPos": "n"
                },
                {
                    "base": "だ",
                    "pos": "助動詞,*,*,*",
                    "pronunciation": "ダロ",
                    "reading": "",
                    "surface": "だろ",
                    "curPos": "mv"
                },
                {
                    "base": "う",
                    "pos": "助動詞,*,*,*",
                    "pronunciation": "ウ",
                    "reading": "",
                    "surface": "う",
                    "curPos": "mv"
                }
            ]
        },
        {
            "id": 32,
            "surface": "リミッターを解除して",
            "words": [
                {
                    "base": "*",
                    "pos": "名詞,一般,*,*",
                    "pronunciation": "?",
                    "reading": "",
                    "surface": "リミッター",
                    "curPos": "n"
                },
                {
                    "base": "を",
                    "pos": "助詞,格助詞,一般,*",
                    "pronunciation": "ヲ",
                    "reading": "",
                    "surface": "を",
                    "curPos": "av"
                },
                {
                    "base": "解除",
                    "pos": "名詞,サ変接続,*,*",
                    "pronunciation": "カイジョ",
                    "reading": "かいじょ",
                    "surface": "解除",
                    "curPos": "n"
                },
                {
                    "base": "する",
                    "pos": "動詞,自立,*,*",
                    "pronunciation": "シ",
                    "reading": "",
                    "surface": "して",
                    "curPos": "v"
                }
            ]
        },
        {
            "id": 33,
            "surface": "全開ぶち抜いてくBanger night",
            "words": [
                {
                    "base": "全開",
                    "pos": "名詞,サ変接続,*,*",
                    "pronunciation": "ゼンカイ",
                    "reading": "ぜんかい",
                    "surface": "全開",
                    "curPos": "n"
                },
                {
                    "base": "ぶち",
                    "pos": "接頭詞,動詞接続,*,*",
                    "pronunciation": "ブチ",
                    "reading": "",
                    "surface": "ぶち",
                    "curPos": "/"
                },
                {
                    "base": "抜く",
                    "pos": "動詞,自立,*,*",
                    "pronunciation": "ヌイ",
                    "reading": "ぬいて",
                    "surface": "抜いて",
                    "curPos": "v"
                },
                {
                    "base": "く",
                    "pos": "動詞,非自立,*,*",
                    "pronunciation": "ク",
                    "reading": "",
                    "surface": "く",
                    "curPos": "v"
                },
                {
                    "base": "*",
                    "pos": "名詞,一般,*,*",
                    "pronunciation": "?",
                    "reading": "",
                    "surface": "Banger",
                    "curPos": "n"
                },
                {
                    "base": "*",
                    "pos": "名詞,固有名詞,組織,*",
                    "pronunciation": "?",
                    "reading": "",
                    "surface": "night",
                    "curPos": "n"
                }
            ]
        },
        {
            "id": 34,
            "surface": "",
            "words": []
        },
        {
            "id": 35,
            "surface": "Banger Banger Banger night",
            "words": [
                {
                    "base": "*",
                    "pos": "名詞,固有名詞,組織,*",
                    "pronunciation": "?",
                    "reading": "",
                    "surface": "Banger",
                    "curPos": "n"
                },
                {
                    "base": "*",
                    "pos": "名詞,固有名詞,組織,*",
                    "pronunciation": "?",
                    "reading": "",
                    "surface": "Banger",
                    "curPos": "n"
                },
                {
                    "base": "*",
                    "pos": "名詞,固有名詞,組織,*",
                    "pronunciation": "?",
                    "reading": "",
                    "surface": "Banger",
                    "curPos": "n"
                },
                {
                    "base": "*",
                    "pos": "名詞,固有名詞,組織,*",
                    "pronunciation": "?",
                    "reading": "",
                    "surface": "night",
                    "curPos": "n"
                }
            ]
        },
        {
            "id": 36,
            "surface": "目撃せよTonight",
            "words": [
                {
                    "base": "目撃",
                    "pos": "名詞,サ変接続,*,*",
                    "pronunciation": "モクゲキ",
                    "reading": "もくげき",
                    "surface": "目撃",
                    "curPos": "n"
                },
                {
                    "base": "する",
                    "pos": "動詞,自立,*,*",
                    "pronunciation": "セヨ",
                    "reading": "",
                    "surface": "せよ",
                    "curPos": "v"
                },
                {
                    "base": "*",
                    "pos": "名詞,固有名詞,組織,*",
                    "pronunciation": "?",
                    "reading": "",
                    "surface": "Tonight",
                    "curPos": "n"
                }
            ]
        },
        {
            "id": 37,
            "surface": "Night",
            "words": [
                {
                    "base": "*",
                    "pos": "名詞,固有名詞,組織,*",
                    "pronunciation": "?",
                    "reading": "",
                    "surface": "Night",
                    "curPos": "n"
                }
            ]
        },
        {
            "id": 38,
            "surface": "覚悟しとけAll night",
            "words": [
                {
                    "base": "覚悟",
                    "pos": "名詞,サ変接続,*,*",
                    "pronunciation": "カクゴ",
                    "reading": "かくご",
                    "surface": "覚悟",
                    "curPos": "n"
                },
                {
                    "base": "する",
                    "pos": "動詞,自立,*,*",
                    "pronunciation": "シ",
                    "reading": "",
                    "surface": "し",
                    "curPos": "v"
                },
                {
                    "base": "とく",
                    "pos": "動詞,非自立,*,*",
                    "pronunciation": "トケ",
                    "reading": "",
                    "surface": "とけ",
                    "curPos": "v"
                },
                {
                    "base": "*",
                    "pos": "名詞,固有名詞,組織,*",
                    "pronunciation": "?",
                    "reading": "",
                    "surface": "All",
                    "curPos": "n"
                },
                {
                    "base": "*",
                    "pos": "名詞,固有名詞,組織,*",
                    "pronunciation": "?",
                    "reading": "",
                    "surface": "night",
                    "curPos": "n"
                }
            ]
        },
        {
            "id": 39,
            "surface": "",
            "words": []
        },
        {
            "id": 40,
            "surface": "1秒さえも油断できない Yeah",
            "words": [
                {
                    "base": "*",
                    "pos": "名詞,数,*,*",
                    "pronunciation": "?",
                    "reading": "1秒びょう",
                    "surface": "1秒",
                    "curPos": "/"
                },
                {
                    "base": "さえ",
                    "pos": "助詞,係助詞,*,*",
                    "pronunciation": "サエ",
                    "reading": "",
                    "surface": "さえ",
                    "curPos": "av"
                },
                {
                    "base": "も",
                    "pos": "助詞,係助詞,*,*",
                    "pronunciation": "モ",
                    "reading": "",
                    "surface": "も",
                    "curPos": "av"
                },
                {
                    "base": "油断",
                    "pos": "名詞,サ変接続,*,*",
                    "pronunciation": "ユダン",
                    "reading": "ゆだん",
                    "surface": "油断",
                    "curPos": "n"
                },
                {
                    "base": "できる",
                    "pos": "動詞,自立,*,*",
                    "pronunciation": "デキ",
                    "reading": "",
                    "surface": "できない",
                    "curPos": "v"
                },
                {
                    "base": "*",
                    "pos": "名詞,固有名詞,組織,*",
                    "pronunciation": "?",
                    "reading": "",
                    "surface": "Yeah",
                    "curPos": "n"
                }
            ]
        },
        {
            "id": 41,
            "surface": "溢れているFake news 何を信じる?Me and you",
            "words": [
                {
                    "base": "溢れる",
                    "pos": "動詞,自立,*,*",
                    "pronunciation": "アフレ",
                    "reading": "あふれて",
                    "surface": "溢れて",
                    "curPos": "v"
                },
                {
                    "base": "いる",
                    "pos": "動詞,非自立,*,*",
                    "pronunciation": "イル",
                    "reading": "",
                    "surface": "いる",
                    "curPos": "v"
                },
                {
                    "base": "*",
                    "pos": "名詞,固有名詞,組織,*",
                    "pronunciation": "?",
                    "reading": "",
                    "surface": "Fake",
                    "curPos": "n"
                },
                {
                    "base": "*",
                    "pos": "名詞,固有名詞,組織,*",
                    "pronunciation": "?",
                    "reading": "",
                    "surface": "news",
                    "curPos": "n"
                },
                {
                    "base": "何",
                    "pos": "名詞,代名詞,一般,*",
                    "pronunciation": "ナニ",
                    "reading": "なに",
                    "surface": "何",
                    "curPos": "/"
                },
                {
                    "base": "を",
                    "pos": "助詞,格助詞,一般,*",
                    "pronunciation": "ヲ",
                    "reading": "",
                    "surface": "を",
                    "curPos": "av"
                },
                {
                    "base": "信じる",
                    "pos": "動詞,自立,*,*",
                    "pronunciation": "シンジル",
                    "reading": "しんじる",
                    "surface": "信じる",
                    "curPos": "v"
                },
                {
                    "base": "*",
                    "pos": "名詞,サ変接続,*,*",
                    "pronunciation": "?",
                    "reading": "",
                    "surface": "?",
                    "curPos": "n"
                },
                {
                    "base": "*",
                    "pos": "名詞,固有名詞,組織,*",
                    "pronunciation": "?",
                    "reading": "",
                    "surface": "Me",
                    "curPos": "n"
                },
                {
                    "base": "*",
                    "pos": "名詞,固有名詞,組織,*",
                    "pronunciation": "?",
                    "reading": "",
                    "surface": "and",
                    "curPos": "n"
                },
                {
                    "base": "*",
                    "pos": "名詞,固有名詞,組織,*",
                    "pronunciation": "?",
                    "reading": "",
                    "surface": "you",
                    "curPos": "n"
                }
            ]
        },
        {
            "id": 42,
            "surface": "こんな時代をどう生きてやろう Yeah",
            "words": [
                {
                    "base": "こんな",
                    "pos": "連体詞,*,*,*",
                    "pronunciation": "コンナ",
                    "reading": "",
                    "surface": "こんな",
                    "curPos": "/"
                },
                {
                    "base": "時代",
                    "pos": "名詞,一般,*,*",
                    "pronunciation": "ジダイ",
                    "reading": "じだい",
                    "surface": "時代",
                    "curPos": "n"
                },
                {
                    "base": "を",
                    "pos": "助詞,格助詞,一般,*",
                    "pronunciation": "ヲ",
                    "reading": "",
                    "surface": "を",
                    "curPos": "av"
                },
                {
                    "base": "どう",
                    "pos": "副詞,助詞類接続,*,*",
                    "pronunciation": "ドー",
                    "reading": "",
                    "surface": "どう",
                    "curPos": "adv"
                },
                {
                    "base": "生きる",
                    "pos": "動詞,自立,*,*",
                    "pronunciation": "イキ",
                    "reading": "いきて",
                    "surface": "生きて",
                    "curPos": "v"
                },
                {
                    "base": "やる",
                    "pos": "動詞,非自立,*,*",
                    "pronunciation": "ヤロ",
                    "reading": "",
                    "surface": "やろう",
                    "curPos": "v"
                },
                {
                    "base": "*",
                    "pos": "名詞,固有名詞,組織,*",
                    "pronunciation": "?",
                    "reading": "",
                    "surface": "Yeah",
                    "curPos": "n"
                }
            ]
        },
        {
            "id": 43,
            "surface": "他人の評価なんてI don't care",
            "words": [
                {
                    "base": "他人",
                    "pos": "名詞,一般,*,*",
                    "pronunciation": "タニン",
                    "reading": "たにん",
                    "surface": "他人",
                    "curPos": "n"
                },
                {
                    "base": "の",
                    "pos": "助詞,連体化,*,*",
                    "pronunciation": "ノ",
                    "reading": "",
                    "surface": "の",
                    "curPos": "av"
                },
                {
                    "base": "評価",
                    "pos": "名詞,サ変接続,*,*",
                    "pronunciation": "ヒョーカ",
                    "reading": "ひょうか",
                    "surface": "評価",
                    "curPos": "n"
                },
                {
                    "base": "なんて",
                    "pos": "助詞,副助詞,*,*",
                    "pronunciation": "ナンテ",
                    "reading": "",
                    "surface": "なんて",
                    "curPos": "av"
                },
                {
                    "base": "*",
                    "pos": "名詞,一般,*,*",
                    "pronunciation": "?",
                    "reading": "",
                    "surface": "I",
                    "curPos": "n"
                },
                {
                    "base": "*",
                    "pos": "名詞,固有名詞,組織,*",
                    "pronunciation": "?",
                    "reading": "",
                    "surface": "don",
                    "curPos": "n"
                },
                {
                    "base": "*",
                    "pos": "名詞,サ変接続,*,*",
                    "pronunciation": "?",
                    "reading": "",
                    "surface": "'",
                    "curPos": "n"
                },
                {
                    "base": "*",
                    "pos": "名詞,固有名詞,組織,*",
                    "pronunciation": "?",
                    "reading": "",
                    "surface": "t",
                    "curPos": "n"
                },
                {
                    "base": "*",
                    "pos": "名詞,固有名詞,組織,*",
                    "pronunciation": "?",
                    "reading": "",
                    "surface": "care",
                    "curPos": "n"
                }
            ]
        },
        {
            "id": 44,
            "surface": "",
            "words": []
        },
        {
            "id": 45,
            "surface": "退屈な世界 書き換えてく",
            "words": [
                {
                    "base": "退屈",
                    "pos": "名詞,形容動詞語幹,*,*",
                    "pronunciation": "タイクツ",
                    "reading": "たいくつな",
                    "surface": "退屈な",
                    "curPos": "a"
                },
                {
                    "base": "世界",
                    "pos": "名詞,一般,*,*",
                    "pronunciation": "セカイ",
                    "reading": "せかい",
                    "surface": "世界",
                    "curPos": "n"
                },
                {
                    "base": "書き換える",
                    "pos": "動詞,自立,*,*",
                    "pronunciation": "カキカエ",
                    "reading": "かきかえて",
                    "surface": "書き換えて",
                    "curPos": "v"
                },
                {
                    "base": "く",
                    "pos": "動詞,非自立,*,*",
                    "pronunciation": "ク",
                    "reading": "",
                    "surface": "く",
                    "curPos": "v"
                }
            ]
        },
        {
            "id": 46,
            "surface": "一度きりの物語 後悔しない",
            "words": [
                {
                    "base": "一度",
                    "pos": "副詞,一般,*,*",
                    "pronunciation": "イチド",
                    "reading": "いちど",
                    "surface": "一度",
                    "curPos": "adv"
                },
                {
                    "base": "きり",
                    "pos": "名詞,一般,*,*",
                    "pronunciation": "キリ",
                    "reading": "",
                    "surface": "きり",
                    "curPos": "n"
                },
                {
                    "base": "の",
                    "pos": "助詞,連体化,*,*",
                    "pronunciation": "ノ",
                    "reading": "",
                    "surface": "の",
                    "curPos": "av"
                },
                {
                    "base": "物語",
                    "pos": "名詞,一般,*,*",
                    "pronunciation": "モノガタリ",
                    "reading": "ものがたり",
                    "surface": "物語",
                    "curPos": "n"
                },
                {
                    "base": "後悔",
                    "pos": "名詞,サ変接続,*,*",
                    "pronunciation": "コーカイ",
                    "reading": "こうかい",
                    "surface": "後悔",
                    "curPos": "n"
                },
                {
                    "base": "する",
                    "pos": "動詞,自立,*,*",
                    "pronunciation": "シ",
                    "reading": "",
                    "surface": "しない",
                    "curPos": "v"
                }
            ]
        },
        {
            "id": 47,
            "surface": "常識など破り棄て",
            "words": [
                {
                    "base": "常識",
                    "pos": "名詞,一般,*,*",
                    "pronunciation": "ジョーシキ",
                    "reading": "じょうしき",
                    "surface": "常識",
                    "curPos": "n"
                },
                {
                    "base": "など",
                    "pos": "助詞,副助詞,*,*",
                    "pronunciation": "ナド",
                    "reading": "",
                    "surface": "など",
                    "curPos": "av"
                },
                {
                    "base": "破る",
                    "pos": "動詞,自立,*,*",
                    "pronunciation": "ヤブリ",
                    "reading": "やぶり",
                    "surface": "破り",
                    "curPos": "v"
                },
                {
                    "base": "棄てる",
                    "pos": "動詞,自立,*,*",
                    "pronunciation": "ステ",
                    "reading": "すて",
                    "surface": "棄て",
                    "curPos": "v"
                }
            ]
        },
        {
            "id": 48,
            "surface": "迷わず叩き潰すBanger night",
            "words": [
                {
                    "base": "迷う",
                    "pos": "動詞,自立,*,*",
                    "pronunciation": "マヨワ",
                    "reading": "まよわず",
                    "surface": "迷わず",
                    "curPos": "v"
                },
                {
                    "base": "叩く",
                    "pos": "動詞,自立,*,*",
                    "pronunciation": "ハタキ",
                    "reading": "はたき",
                    "surface": "叩き",
                    "curPos": "v"
                },
                {
                    "base": "潰す",
                    "pos": "動詞,自立,*,*",
                    "pronunciation": "ツブス",
                    "reading": "つぶす",
                    "surface": "潰す",
                    "curPos": "v"
                },
                {
                    "base": "*",
                    "pos": "名詞,固有名詞,組織,*",
                    "pronunciation": "?",
                    "reading": "",
                    "surface": "Banger",
                    "curPos": "n"
                },
                {
                    "base": "*",
                    "pos": "名詞,固有名詞,組織,*",
                    "pronunciation": "?",
                    "reading": "",
                    "surface": "night",
                    "curPos": "n"
                }
            ]
        },
        {
            "id": 49,
            "surface": "",
            "words": []
        },
        {
            "id": 50,
            "surface": "Banger Banger Banger night",
            "words": [
                {
                    "base": "*",
                    "pos": "名詞,固有名詞,組織,*",
                    "pronunciation": "?",
                    "reading": "",
                    "surface": "Banger",
                    "curPos": "n"
                },
                {
                    "base": "*",
                    "pos": "名詞,固有名詞,組織,*",
                    "pronunciation": "?",
                    "reading": "",
                    "surface": "Banger",
                    "curPos": "n"
                },
                {
                    "base": "*",
                    "pos": "名詞,固有名詞,組織,*",
                    "pronunciation": "?",
                    "reading": "",
                    "surface": "Banger",
                    "curPos": "n"
                },
                {
                    "base": "*",
                    "pos": "名詞,固有名詞,組織,*",
                    "pronunciation": "?",
                    "reading": "",
                    "surface": "night",
                    "curPos": "n"
                }
            ]
        },
        {
            "id": 51,
            "surface": "「0」にするBanger night",
            "words": [
                {
                    "base": "「",
                    "pos": "記号,括弧開,*,*",
                    "pronunciation": "「",
                    "reading": "",
                    "surface": "「",
                    "left": true,
                    "curPos": "/"
                },
                {
                    "base": "*",
                    "pos": "名詞,数,*,*",
                    "pronunciation": "?",
                    "reading": "",
                    "surface": "0",
                    "curPos": "/"
                },
                {
                    "base": "」",
                    "pos": "記号,括弧閉,*,*",
                    "pronunciation": "」",
                    "reading": "",
                    "surface": "」",
                    "left": true,
                    "curPos": "/"
                },
                {
                    "base": "に",
                    "pos": "助詞,格助詞,一般,*",
                    "pronunciation": "ニ",
                    "reading": "",
                    "surface": "に",
                    "curPos": "av"
                },
                {
                    "base": "する",
                    "pos": "動詞,自立,*,*",
                    "pronunciation": "スル",
                    "reading": "",
                    "surface": "する",
                    "curPos": "v"
                },
                {
                    "base": "*",
                    "pos": "名詞,固有名詞,組織,*",
                    "pronunciation": "?",
                    "reading": "",
                    "surface": "Banger",
                    "curPos": "n"
                },
                {
                    "base": "*",
                    "pos": "名詞,固有名詞,組織,*",
                    "pronunciation": "?",
                    "reading": "",
                    "surface": "night",
                    "curPos": "n"
                }
            ]
        },
        {
            "id": 52,
            "surface": "Banger Banger Banger night",
            "words": [
                {
                    "base": "*",
                    "pos": "名詞,固有名詞,組織,*",
                    "pronunciation": "?",
                    "reading": "",
                    "surface": "Banger",
                    "curPos": "n"
                },
                {
                    "base": "*",
                    "pos": "名詞,固有名詞,組織,*",
                    "pronunciation": "?",
                    "reading": "",
                    "surface": "Banger",
                    "curPos": "n"
                },
                {
                    "base": "*",
                    "pos": "名詞,固有名詞,組織,*",
                    "pronunciation": "?",
                    "reading": "",
                    "surface": "Banger",
                    "curPos": "n"
                },
                {
                    "base": "*",
                    "pos": "名詞,固有名詞,組織,*",
                    "pronunciation": "?",
                    "reading": "",
                    "surface": "night",
                    "curPos": "n"
                }
            ]
        },
        {
            "id": 53,
            "surface": "目撃せよTonight",
            "words": [
                {
                    "base": "目撃",
                    "pos": "名詞,サ変接続,*,*",
                    "pronunciation": "モクゲキ",
                    "reading": "もくげき",
                    "surface": "目撃",
                    "curPos": "n"
                },
                {
                    "base": "する",
                    "pos": "動詞,自立,*,*",
                    "pronunciation": "セヨ",
                    "reading": "",
                    "surface": "せよ",
                    "curPos": "v"
                },
                {
                    "base": "*",
                    "pos": "名詞,固有名詞,組織,*",
                    "pronunciation": "?",
                    "reading": "",
                    "surface": "Tonight",
                    "curPos": "n"
                }
            ]
        },
        {
            "id": 54,
            "surface": "",
            "words": []
        }
    ],
    "pureLrc": [
        "Banger night",
        "",
        "虚像のMind 植え付けられた世界",
        "Break it out 今 Break it out",
        "正しいChoice 出来なくなった人間",
        "Break it out 今 Break it out",
        "",
        "幻想をUp Up Up 真実はDown Down Down",
        "画面越しじゃ測れない未来",
        "壊せEmotion 燃やせImitation",
        "答えは鼓動が知っている",
        "もう騙されないぜ",
        "正解は自分で決めるから",
        "全部をリセットしよう",
        "迷わず叩き潰すBanger night",
        "",
        "Banger Banger Banger night",
        "「0」にするBanger night",
        "Banger Banger Banger night",
        "目撃せよTonight",
        "",
        "未知へのDive 傷だらけになっても",
        "Bring it on 今 Bring it on",
        "安物なPride かなぐり捨てるんだ",
        "Bring it on 今 Bring it on",
        "",
        "信念をUp Up Up 恐怖はDown Down Down",
        "ググっても手に出来ぬ勇気",
        "起こすSensation 描くNonfiction",
        "誰にも邪魔はさせないさ",
        "白黒つけよう",
        "“限界”はただの言葉だろう",
        "リミッターを解除して",
        "全開ぶち抜いてくBanger night",
        "",
        "Banger Banger Banger night",
        "目撃せよTonight",
        "Night",
        "覚悟しとけAll night",
        "",
        "1秒さえも油断できない Yeah",
        "溢れているFake news 何を信じる?Me and you",
        "こんな時代をどう生きてやろう Yeah",
        "他人の評価なんてI don't care",
        "",
        "退屈な世界 書き換えてく",
        "一度きりの物語 後悔しない",
        "常識など破り棄て",
        "迷わず叩き潰すBanger night",
        "",
        "Banger Banger Banger night",
        "「0」にするBanger night",
        "Banger Banger Banger night",
        "目撃せよTonight",
        ""
    ]
}