{
    "name": "DREAMER",
    "artist": [
        "Hey!Say!JUMP"
    ],
    "producer": [
        {
            "label": "作詞",
            "value": [
                "薮宏太"
            ]
        },
        {
            "label": "作曲",
            "value": [
                "BOUNCEBACK"
            ]
        }
    ],
    "lrc": [
        {
            "id": 0,
            "surface": "Smile 笑顔でいれる",
            "words": [
                {
                    "base": "*",
                    "pos": "名詞,固有名詞,組織,*",
                    "pronunciation": "?",
                    "reading": "",
                    "surface": "Smile",
                    "curPos": "n"
                },
                {
                    "base": "笑顔",
                    "pos": "名詞,一般,*,*",
                    "pronunciation": "エガオ",
                    "reading": "えがお",
                    "surface": "笑顔",
                    "curPos": "n"
                },
                {
                    "base": "で",
                    "pos": "助詞,格助詞,一般,*",
                    "pronunciation": "デ",
                    "reading": "",
                    "surface": "で",
                    "curPos": "av"
                },
                {
                    "base": "いれる",
                    "pos": "動詞,自立,*,*",
                    "pronunciation": "イレル",
                    "reading": "",
                    "surface": "いれる",
                    "curPos": "v"
                }
            ]
        },
        {
            "id": 1,
            "surface": "あの日流した 涙があるから",
            "words": [
                {
                    "base": "あの",
                    "pos": "連体詞,*,*,*",
                    "pronunciation": "アノ",
                    "reading": "",
                    "surface": "あの",
                    "curPos": "/"
                },
                {
                    "base": "日",
                    "pos": "名詞,非自立,副詞可能,*",
                    "pronunciation": "ヒ",
                    "reading": "ひ",
                    "surface": "日",
                    "curPos": "n"
                },
                {
                    "base": "流す",
                    "pos": "動詞,自立,*,*",
                    "pronunciation": "ナガシ",
                    "reading": "ながした",
                    "surface": "流した",
                    "curPos": "v"
                },
                {
                    "base": "涙",
                    "pos": "名詞,一般,*,*",
                    "pronunciation": "ナミダ",
                    "reading": "なみだ",
                    "surface": "涙",
                    "curPos": "n"
                },
                {
                    "base": "が",
                    "pos": "助詞,格助詞,一般,*",
                    "pronunciation": "ガ",
                    "reading": "",
                    "surface": "が",
                    "curPos": "av"
                },
                {
                    "base": "ある",
                    "pos": "動詞,自立,*,*",
                    "pronunciation": "アル",
                    "reading": "",
                    "surface": "ある",
                    "curPos": "v"
                },
                {
                    "base": "から",
                    "pos": "助詞,接続助詞,*,*",
                    "pronunciation": "カラ",
                    "reading": "",
                    "surface": "から",
                    "curPos": "av"
                }
            ]
        },
        {
            "id": 2,
            "surface": "遠くに聞こえてる 夢が僕を呼んでる",
            "words": [
                {
                    "base": "遠く",
                    "pos": "名詞,副詞可能,*,*",
                    "pronunciation": "トーク",
                    "reading": "とおく",
                    "surface": "遠く",
                    "curPos": "n"
                },
                {
                    "base": "に",
                    "pos": "助詞,格助詞,一般,*",
                    "pronunciation": "ニ",
                    "reading": "",
                    "surface": "に",
                    "curPos": "av"
                },
                {
                    "base": "聞こえる",
                    "pos": "動詞,自立,*,*",
                    "pronunciation": "キコエ",
                    "reading": "きこえ",
                    "surface": "聞こえ",
                    "curPos": "v"
                },
                {
                    "base": "てる",
                    "pos": "動詞,非自立,*,*",
                    "pronunciation": "テル",
                    "reading": "",
                    "surface": "てる",
                    "curPos": "v"
                },
                {
                    "base": "夢",
                    "pos": "名詞,一般,*,*",
                    "pronunciation": "ユメ",
                    "reading": "ゆめ",
                    "surface": "夢",
                    "curPos": "n"
                },
                {
                    "base": "が",
                    "pos": "助詞,格助詞,一般,*",
                    "pronunciation": "ガ",
                    "reading": "",
                    "surface": "が",
                    "curPos": "av"
                },
                {
                    "base": "僕",
                    "pos": "名詞,代名詞,一般,*",
                    "pronunciation": "ボク",
                    "reading": "ぼく",
                    "surface": "僕",
                    "curPos": "/"
                },
                {
                    "base": "を",
                    "pos": "助詞,格助詞,一般,*",
                    "pronunciation": "ヲ",
                    "reading": "",
                    "surface": "を",
                    "curPos": "av"
                },
                {
                    "base": "呼ぶ",
                    "pos": "動詞,自立,*,*",
                    "pronunciation": "ヨン",
                    "reading": "よん",
                    "surface": "呼ん",
                    "curPos": "v"
                },
                {
                    "base": "でる",
                    "pos": "動詞,非自立,*,*",
                    "pronunciation": "デル",
                    "reading": "",
                    "surface": "でる",
                    "curPos": "v"
                }
            ]
        },
        {
            "id": 3,
            "surface": "",
            "words": []
        },
        {
            "id": 4,
            "surface": "Time 時が流れて",
            "words": [
                {
                    "base": "*",
                    "pos": "名詞,固有名詞,組織,*",
                    "pronunciation": "?",
                    "reading": "",
                    "surface": "Time",
                    "curPos": "n"
                },
                {
                    "base": "時",
                    "pos": "名詞,一般,*,*",
                    "pronunciation": "トキ",
                    "reading": "とき",
                    "surface": "時",
                    "curPos": "n"
                },
                {
                    "base": "が",
                    "pos": "助詞,格助詞,一般,*",
                    "pronunciation": "ガ",
                    "reading": "",
                    "surface": "が",
                    "curPos": "av"
                },
                {
                    "base": "流れる",
                    "pos": "動詞,自立,*,*",
                    "pronunciation": "ナガレ",
                    "reading": "ながれて",
                    "surface": "流れて",
                    "curPos": "v"
                }
            ]
        },
        {
            "id": 5,
            "surface": "景色が変わり 大人になる前に",
            "words": [
                {
                    "base": "景色",
                    "pos": "名詞,一般,*,*",
                    "pronunciation": "ケシキ",
                    "reading": "けしき",
                    "surface": "景色",
                    "curPos": "n"
                },
                {
                    "base": "が",
                    "pos": "助詞,格助詞,一般,*",
                    "pronunciation": "ガ",
                    "reading": "",
                    "surface": "が",
                    "curPos": "av"
                },
                {
                    "base": "変わる",
                    "pos": "動詞,自立,*,*",
                    "pronunciation": "カワリ",
                    "reading": "かわり",
                    "surface": "変わり",
                    "curPos": "v"
                },
                {
                    "base": "大人",
                    "pos": "名詞,一般,*,*",
                    "pronunciation": "オトナ",
                    "reading": "おとな",
                    "surface": "大人",
                    "curPos": "n"
                },
                {
                    "base": "に",
                    "pos": "助詞,格助詞,一般,*",
                    "pronunciation": "ニ",
                    "reading": "",
                    "surface": "に",
                    "curPos": "av"
                },
                {
                    "base": "なる",
                    "pos": "動詞,自立,*,*",
                    "pronunciation": "ナル",
                    "reading": "",
                    "surface": "なる",
                    "curPos": "v"
                },
                {
                    "base": "前",
                    "pos": "名詞,副詞可能,*,*",
                    "pronunciation": "マエ",
                    "reading": "まえ",
                    "surface": "前",
                    "curPos": "n"
                },
                {
                    "base": "に",
                    "pos": "助詞,格助詞,一般,*",
                    "pronunciation": "ニ",
                    "reading": "",
                    "surface": "に",
                    "curPos": "av"
                }
            ]
        },
        {
            "id": 6,
            "surface": "ここにいる証 僕と刻んで行こう",
            "words": [
                {
                    "base": "ここ",
                    "pos": "名詞,代名詞,一般,*",
                    "pronunciation": "ココ",
                    "reading": "",
                    "surface": "ここ",
                    "curPos": "/"
                },
                {
                    "base": "に",
                    "pos": "助詞,格助詞,一般,*",
                    "pronunciation": "ニ",
                    "reading": "",
                    "surface": "に",
                    "curPos": "av"
                },
                {
                    "base": "いる",
                    "pos": "動詞,自立,*,*",
                    "pronunciation": "イル",
                    "reading": "",
                    "surface": "いる",
                    "curPos": "v"
                },
                {
                    "base": "証",
                    "pos": "名詞,一般,*,*",
                    "pronunciation": "アカシ",
                    "reading": "あかし",
                    "surface": "証",
                    "curPos": "n"
                },
                {
                    "base": "僕",
                    "pos": "名詞,代名詞,一般,*",
                    "pronunciation": "ボク",
                    "reading": "ぼく",
                    "surface": "僕",
                    "curPos": "/"
                },
                {
                    "base": "と",
                    "pos": "助詞,格助詞,引用,*",
                    "pronunciation": "ト",
                    "reading": "",
                    "surface": "と",
                    "curPos": "av"
                },
                {
                    "base": "刻む",
                    "pos": "動詞,自立,*,*",
                    "pronunciation": "キザン",
                    "reading": "きざん",
                    "surface": "刻ん",
                    "curPos": "v"
                },
                {
                    "base": "で",
                    "pos": "助詞,接続助詞,*,*",
                    "pronunciation": "デ",
                    "reading": "",
                    "surface": "で",
                    "curPos": "av"
                },
                {
                    "base": "行く",
                    "pos": "動詞,非自立,*,*",
                    "pronunciation": "イコ",
                    "reading": "いこう",
                    "surface": "行こう",
                    "curPos": "v"
                }
            ]
        },
        {
            "id": 7,
            "surface": "",
            "words": []
        },
        {
            "id": 8,
            "surface": "一人で抱え込んだ 持ちきれない不安も",
            "words": [
                {
                    "base": "一",
                    "pos": "名詞,数,*,*",
                    "pronunciation": "イチ",
                    "reading": "いちにん",
                    "surface": "一人",
                    "curPos": "/"
                },
                {
                    "base": "で",
                    "pos": "助詞,格助詞,一般,*",
                    "pronunciation": "デ",
                    "reading": "",
                    "surface": "で",
                    "curPos": "av"
                },
                {
                    "base": "抱え込む",
                    "pos": "動詞,自立,*,*",
                    "pronunciation": "カカエコン",
                    "reading": "かかえこんだ",
                    "surface": "抱え込んだ",
                    "curPos": "v"
                },
                {
                    "base": "持つ",
                    "pos": "動詞,自立,*,*",
                    "pronunciation": "モチ",
                    "reading": "もち",
                    "surface": "持ち",
                    "curPos": "v"
                },
                {
                    "base": "きれる",
                    "pos": "動詞,非自立,*,*",
                    "pronunciation": "キレ",
                    "reading": "",
                    "surface": "きれない",
                    "curPos": "v"
                },
                {
                    "base": "不安",
                    "pos": "名詞,形容動詞語幹,*,*",
                    "pronunciation": "フアン",
                    "reading": "ふあん",
                    "surface": "不安",
                    "curPos": "n"
                },
                {
                    "base": "も",
                    "pos": "助詞,係助詞,*,*",
                    "pronunciation": "モ",
                    "reading": "",
                    "surface": "も",
                    "curPos": "av"
                }
            ]
        },
        {
            "id": 9,
            "surface": "見てごらん 君の力になりたい僕達が そばにいるよ",
            "words": [
                {
                    "base": "見る",
                    "pos": "動詞,自立,*,*",
                    "pronunciation": "ミ",
                    "reading": "みて",
                    "surface": "見て",
                    "curPos": "v"
                },
                {
                    "base": "ごらん",
                    "pos": "名詞,動詞非自立的,*,*",
                    "pronunciation": "ゴラン",
                    "reading": "",
                    "surface": "ごらん",
                    "curPos": "n"
                },
                {
                    "base": "君",
                    "pos": "名詞,代名詞,一般,*",
                    "pronunciation": "キミ",
                    "reading": "きみ",
                    "surface": "君",
                    "curPos": "/"
                },
                {
                    "base": "の",
                    "pos": "助詞,連体化,*,*",
                    "pronunciation": "ノ",
                    "reading": "",
                    "surface": "の",
                    "curPos": "av"
                },
                {
                    "base": "力",
                    "pos": "名詞,一般,*,*",
                    "pronunciation": "チカラ",
                    "reading": "ちから",
                    "surface": "力",
                    "curPos": "n"
                },
                {
                    "base": "に",
                    "pos": "助詞,格助詞,一般,*",
                    "pronunciation": "ニ",
                    "reading": "",
                    "surface": "に",
                    "curPos": "av"
                },
                {
                    "base": "なる",
                    "pos": "動詞,自立,*,*",
                    "pronunciation": "ナリ",
                    "reading": "",
                    "surface": "なりたい",
                    "curPos": "v"
                },
                {
                    "base": "僕達",
                    "pos": "名詞,代名詞,一般,*",
                    "pronunciation": "ボクタチ",
                    "reading": "ぼくたち",
                    "surface": "僕達",
                    "curPos": "/"
                },
                {
                    "base": "が",
                    "pos": "助詞,格助詞,一般,*",
                    "pronunciation": "ガ",
                    "reading": "",
                    "surface": "が",
                    "curPos": "av"
                },
                {
                    "base": "そば",
                    "pos": "名詞,一般,*,*",
                    "pronunciation": "ソバ",
                    "reading": "",
                    "surface": "そば",
                    "curPos": "n"
                },
                {
                    "base": "に",
                    "pos": "助詞,格助詞,一般,*",
                    "pronunciation": "ニ",
                    "reading": "",
                    "surface": "に",
                    "curPos": "av"
                },
                {
                    "base": "いる",
                    "pos": "動詞,自立,*,*",
                    "pronunciation": "イル",
                    "reading": "",
                    "surface": "いる",
                    "curPos": "v"
                },
                {
                    "base": "よ",
                    "pos": "助詞,終助詞,*,*",
                    "pronunciation": "ヨ",
                    "reading": "",
                    "surface": "よ",
                    "curPos": "av"
                }
            ]
        },
        {
            "id": 10,
            "surface": "",
            "words": []
        },
        {
            "id": 11,
            "surface": "目の前の",
            "words": [
                {
                    "base": "目",
                    "pos": "名詞,一般,*,*",
                    "pronunciation": "メ",
                    "reading": "め",
                    "surface": "目",
                    "curPos": "n"
                },
                {
                    "base": "の",
                    "pos": "助詞,連体化,*,*",
                    "pronunciation": "ノ",
                    "reading": "",
                    "surface": "の",
                    "curPos": "av"
                },
                {
                    "base": "前",
                    "pos": "名詞,副詞可能,*,*",
                    "pronunciation": "マエ",
                    "reading": "まえ",
                    "surface": "前",
                    "curPos": "n"
                },
                {
                    "base": "の",
                    "pos": "助詞,連体化,*,*",
                    "pronunciation": "ノ",
                    "reading": "",
                    "surface": "の",
                    "curPos": "av"
                }
            ]
        },
        {
            "id": 12,
            "surface": "扉開こう 新しい世界に今 会いに行こう",
            "words": [
                {
                    "base": "扉",
                    "pos": "名詞,一般,*,*",
                    "pronunciation": "トビラ",
                    "reading": "とびら",
                    "surface": "扉",
                    "curPos": "n"
                },
                {
                    "base": "開く",
                    "pos": "動詞,自立,*,*",
                    "pronunciation": "ヒラコ",
                    "reading": "ひらこう",
                    "surface": "開こう",
                    "curPos": "v"
                },
                {
                    "base": "新しい",
                    "pos": "形容詞,自立,*,*",
                    "pronunciation": "アタラシイ",
                    "reading": "あたらしい",
                    "surface": "新しい",
                    "curPos": "a"
                },
                {
                    "base": "世界",
                    "pos": "名詞,一般,*,*",
                    "pronunciation": "セカイ",
                    "reading": "せかい",
                    "surface": "世界",
                    "curPos": "n"
                },
                {
                    "base": "に",
                    "pos": "助詞,格助詞,一般,*",
                    "pronunciation": "ニ",
                    "reading": "",
                    "surface": "に",
                    "curPos": "av"
                },
                {
                    "base": "今",
                    "pos": "名詞,副詞可能,*,*",
                    "pronunciation": "イマ",
                    "reading": "いま",
                    "surface": "今",
                    "curPos": "n"
                },
                {
                    "base": "会う",
                    "pos": "動詞,自立,*,*",
                    "pronunciation": "アイ",
                    "reading": "あい",
                    "surface": "会い",
                    "curPos": "v"
                },
                {
                    "base": "に",
                    "pos": "助詞,格助詞,一般,*",
                    "pronunciation": "ニ",
                    "reading": "",
                    "surface": "に",
                    "curPos": "av"
                },
                {
                    "base": "行く",
                    "pos": "動詞,自立,*,*",
                    "pronunciation": "イコ",
                    "reading": "いこう",
                    "surface": "行こう",
                    "curPos": "v"
                }
            ]
        },
        {
            "id": 13,
            "surface": "君と僕で夢をつかみ取ろう",
            "words": [
                {
                    "base": "君",
                    "pos": "名詞,代名詞,一般,*",
                    "pronunciation": "キミ",
                    "reading": "きみ",
                    "surface": "君",
                    "curPos": "/"
                },
                {
                    "base": "と",
                    "pos": "助詞,格助詞,一般,*",
                    "pronunciation": "ト",
                    "reading": "",
                    "surface": "と",
                    "curPos": "av"
                },
                {
                    "base": "僕",
                    "pos": "名詞,代名詞,一般,*",
                    "pronunciation": "ボク",
                    "reading": "ぼく",
                    "surface": "僕",
                    "curPos": "/"
                },
                {
                    "base": "で",
                    "pos": "助詞,格助詞,一般,*",
                    "pronunciation": "デ",
                    "reading": "",
                    "surface": "で",
                    "curPos": "av"
                },
                {
                    "base": "夢",
                    "pos": "名詞,一般,*,*",
                    "pronunciation": "ユメ",
                    "reading": "ゆめ",
                    "surface": "夢",
                    "curPos": "n"
                },
                {
                    "base": "を",
                    "pos": "助詞,格助詞,一般,*",
                    "pronunciation": "ヲ",
                    "reading": "",
                    "surface": "を",
                    "curPos": "av"
                },
                {
                    "base": "つかむ",
                    "pos": "動詞,自立,*,*",
                    "pronunciation": "ツカミ",
                    "reading": "",
                    "surface": "つかみ",
                    "curPos": "v"
                },
                {
                    "base": "取る",
                    "pos": "動詞,自立,*,*",
                    "pronunciation": "トロ",
                    "reading": "とろう",
                    "surface": "取ろう",
                    "curPos": "v"
                }
            ]
        },
        {
            "id": 14,
            "surface": "心 泣き笑い 同じ時 一緒に過ごした君がいる",
            "words": [
                {
                    "base": "心",
                    "pos": "名詞,一般,*,*",
                    "pronunciation": "ココロ",
                    "reading": "こころ",
                    "surface": "心",
                    "curPos": "n"
                },
                {
                    "base": "泣き笑い",
                    "pos": "名詞,一般,*,*",
                    "pronunciation": "ナキワライ",
                    "reading": "なきわらい",
                    "surface": "泣き笑い",
                    "curPos": "n"
                },
                {
                    "base": "同じ",
                    "pos": "連体詞,*,*,*",
                    "pronunciation": "オナジ",
                    "reading": "おなじ",
                    "surface": "同じ",
                    "curPos": "/"
                },
                {
                    "base": "時",
                    "pos": "名詞,非自立,副詞可能,*",
                    "pronunciation": "トキ",
                    "reading": "とき",
                    "surface": "時",
                    "curPos": "n"
                },
                {
                    "base": "一緒",
                    "pos": "名詞,サ変接続,*,*",
                    "pronunciation": "イッショ",
                    "reading": "いっしょ",
                    "surface": "一緒",
                    "curPos": "n"
                },
                {
                    "base": "に",
                    "pos": "助詞,格助詞,一般,*",
                    "pronunciation": "ニ",
                    "reading": "",
                    "surface": "に",
                    "curPos": "av"
                },
                {
                    "base": "過ごす",
                    "pos": "動詞,自立,*,*",
                    "pronunciation": "スゴシ",
                    "reading": "すごした",
                    "surface": "過ごした",
                    "curPos": "v"
                },
                {
                    "base": "君",
                    "pos": "名詞,代名詞,一般,*",
                    "pronunciation": "キミ",
                    "reading": "きみ",
                    "surface": "君",
                    "curPos": "/"
                },
                {
                    "base": "が",
                    "pos": "助詞,格助詞,一般,*",
                    "pronunciation": "ガ",
                    "reading": "",
                    "surface": "が",
                    "curPos": "av"
                },
                {
                    "base": "いる",
                    "pos": "動詞,自立,*,*",
                    "pronunciation": "イル",
                    "reading": "",
                    "surface": "いる",
                    "curPos": "v"
                }
            ]
        },
        {
            "id": 15,
            "surface": "希望のpiece集まれば 光り 笑顔 ほらpieceになるよ",
            "words": [
                {
                    "base": "希望",
                    "pos": "名詞,サ変接続,*,*",
                    "pronunciation": "キボー",
                    "reading": "きぼう",
                    "surface": "希望",
                    "curPos": "n"
                },
                {
                    "base": "の",
                    "pos": "助詞,連体化,*,*",
                    "pronunciation": "ノ",
                    "reading": "",
                    "surface": "の",
                    "curPos": "av"
                },
                {
                    "base": "*",
                    "pos": "名詞,一般,*,*",
                    "pronunciation": "?",
                    "reading": "",
                    "surface": "piece",
                    "curPos": "n"
                },
                {
                    "base": "集まる",
                    "pos": "動詞,自立,*,*",
                    "pronunciation": "アツマレ",
                    "reading": "あつまれ",
                    "surface": "集まれ",
                    "curPos": "v"
                },
                {
                    "base": "ば",
                    "pos": "助詞,接続助詞,*,*",
                    "pronunciation": "バ",
                    "reading": "",
                    "surface": "ば",
                    "curPos": "av"
                },
                {
                    "base": "光る",
                    "pos": "動詞,自立,*,*",
                    "pronunciation": "ヒカリ",
                    "reading": "ひかり",
                    "surface": "光り",
                    "curPos": "v"
                },
                {
                    "base": "笑顔",
                    "pos": "名詞,一般,*,*",
                    "pronunciation": "エガオ",
                    "reading": "えがお",
                    "surface": "笑顔",
                    "curPos": "n"
                },
                {
                    "base": "ほら",
                    "pos": "感動詞,*,*,*",
                    "pronunciation": "ホラ",
                    "reading": "",
                    "surface": "ほら",
                    "curPos": "/"
                },
                {
                    "base": "*",
                    "pos": "名詞,一般,*,*",
                    "pronunciation": "?",
                    "reading": "",
                    "surface": "piece",
                    "curPos": "n"
                },
                {
                    "base": "に",
                    "pos": "助詞,格助詞,一般,*",
                    "pronunciation": "ニ",
                    "reading": "",
                    "surface": "に",
                    "curPos": "av"
                },
                {
                    "base": "なる",
                    "pos": "動詞,自立,*,*",
                    "pronunciation": "ナル",
                    "reading": "",
                    "surface": "なる",
                    "curPos": "v"
                },
                {
                    "base": "よ",
                    "pos": "助詞,終助詞,*,*",
                    "pronunciation": "ヨ",
                    "reading": "",
                    "surface": "よ",
                    "curPos": "av"
                }
            ]
        },
        {
            "id": 16,
            "surface": "",
            "words": []
        },
        {
            "id": 17,
            "surface": "泣き顔の帰り道 夜空に浮かぶ月のように",
            "words": [
                {
                    "base": "泣き顔",
                    "pos": "名詞,一般,*,*",
                    "pronunciation": "ナキガオ",
                    "reading": "なきがお",
                    "surface": "泣き顔",
                    "curPos": "n"
                },
                {
                    "base": "の",
                    "pos": "助詞,連体化,*,*",
                    "pronunciation": "ノ",
                    "reading": "",
                    "surface": "の",
                    "curPos": "av"
                },
                {
                    "base": "帰り道",
                    "pos": "名詞,一般,*,*",
                    "pronunciation": "カエリミチ",
                    "reading": "かえりみち",
                    "surface": "帰り道",
                    "curPos": "n"
                },
                {
                    "base": "夜空",
                    "pos": "名詞,一般,*,*",
                    "pronunciation": "ヨゾラ",
                    "reading": "よぞら",
                    "surface": "夜空",
                    "curPos": "n"
                },
                {
                    "base": "に",
                    "pos": "助詞,格助詞,一般,*",
                    "pronunciation": "ニ",
                    "reading": "",
                    "surface": "に",
                    "curPos": "av"
                },
                {
                    "base": "浮かぶ",
                    "pos": "動詞,自立,*,*",
                    "pronunciation": "ウカブ",
                    "reading": "うかぶ",
                    "surface": "浮かぶ",
                    "curPos": "v"
                },
                {
                    "base": "月",
                    "pos": "名詞,一般,*,*",
                    "pronunciation": "ツキ",
                    "reading": "つき",
                    "surface": "月",
                    "curPos": "n"
                },
                {
                    "base": "の",
                    "pos": "助詞,連体化,*,*",
                    "pronunciation": "ノ",
                    "reading": "",
                    "surface": "の",
                    "curPos": "av"
                },
                {
                    "base": "よう",
                    "pos": "名詞,非自立,助動詞語幹,*",
                    "pronunciation": "ヨー",
                    "reading": "",
                    "surface": "よう",
                    "curPos": "n"
                },
                {
                    "base": "に",
                    "pos": "助詞,副詞化,*,*",
                    "pronunciation": "ニ",
                    "reading": "",
                    "surface": "に",
                    "curPos": "av"
                }
            ]
        },
        {
            "id": 18,
            "surface": "見上げれば 君にエールを送ってる僕達が そばにいるよ",
            "words": [
                {
                    "base": "見上げる",
                    "pos": "動詞,自立,*,*",
                    "pronunciation": "ミアゲレ",
                    "reading": "みあげれ",
                    "surface": "見上げれ",
                    "curPos": "v"
                },
                {
                    "base": "ば",
                    "pos": "助詞,接続助詞,*,*",
                    "pronunciation": "バ",
                    "reading": "",
                    "surface": "ば",
                    "curPos": "av"
                },
                {
                    "base": "君",
                    "pos": "名詞,接尾,人名,*",
                    "pronunciation": "クン",
                    "reading": "くん",
                    "surface": "君",
                    "left": true,
                    "curPos": "/"
                },
                {
                    "base": "に",
                    "pos": "助詞,格助詞,一般,*",
                    "pronunciation": "ニ",
                    "reading": "",
                    "surface": "に",
                    "curPos": "av"
                },
                {
                    "base": "エール",
                    "pos": "名詞,一般,*,*",
                    "pronunciation": "エール",
                    "reading": "",
                    "surface": "エール",
                    "curPos": "n"
                },
                {
                    "base": "を",
                    "pos": "助詞,格助詞,一般,*",
                    "pronunciation": "ヲ",
                    "reading": "",
                    "surface": "を",
                    "curPos": "av"
                },
                {
                    "base": "送る",
                    "pos": "動詞,自立,*,*",
                    "pronunciation": "オクッ",
                    "reading": "おくっ",
                    "surface": "送っ",
                    "curPos": "v"
                },
                {
                    "base": "てる",
                    "pos": "動詞,非自立,*,*",
                    "pronunciation": "テル",
                    "reading": "",
                    "surface": "てる",
                    "curPos": "v"
                },
                {
                    "base": "僕達",
                    "pos": "名詞,代名詞,一般,*",
                    "pronunciation": "ボクタチ",
                    "reading": "ぼくたち",
                    "surface": "僕達",
                    "curPos": "/"
                },
                {
                    "base": "が",
                    "pos": "助詞,格助詞,一般,*",
                    "pronunciation": "ガ",
                    "reading": "",
                    "surface": "が",
                    "curPos": "av"
                },
                {
                    "base": "そば",
                    "pos": "名詞,一般,*,*",
                    "pronunciation": "ソバ",
                    "reading": "",
                    "surface": "そば",
                    "curPos": "n"
                },
                {
                    "base": "に",
                    "pos": "助詞,格助詞,一般,*",
                    "pronunciation": "ニ",
                    "reading": "",
                    "surface": "に",
                    "curPos": "av"
                },
                {
                    "base": "いる",
                    "pos": "動詞,自立,*,*",
                    "pronunciation": "イル",
                    "reading": "",
                    "surface": "いる",
                    "curPos": "v"
                },
                {
                    "base": "よ",
                    "pos": "助詞,終助詞,*,*",
                    "pronunciation": "ヨ",
                    "reading": "",
                    "surface": "よ",
                    "curPos": "av"
                }
            ]
        },
        {
            "id": 19,
            "surface": "",
            "words": []
        },
        {
            "id": 20,
            "surface": "目の前の",
            "words": [
                {
                    "base": "目",
                    "pos": "名詞,一般,*,*",
                    "pronunciation": "メ",
                    "reading": "め",
                    "surface": "目",
                    "curPos": "n"
                },
                {
                    "base": "の",
                    "pos": "助詞,連体化,*,*",
                    "pronunciation": "ノ",
                    "reading": "",
                    "surface": "の",
                    "curPos": "av"
                },
                {
                    "base": "前",
                    "pos": "名詞,副詞可能,*,*",
                    "pronunciation": "マエ",
                    "reading": "まえ",
                    "surface": "前",
                    "curPos": "n"
                },
                {
                    "base": "の",
                    "pos": "助詞,連体化,*,*",
                    "pronunciation": "ノ",
                    "reading": "",
                    "surface": "の",
                    "curPos": "av"
                }
            ]
        },
        {
            "id": 21,
            "surface": "扉開こう 新しい世界に今 会いに行こう",
            "words": [
                {
                    "base": "扉",
                    "pos": "名詞,一般,*,*",
                    "pronunciation": "トビラ",
                    "reading": "とびら",
                    "surface": "扉",
                    "curPos": "n"
                },
                {
                    "base": "開く",
                    "pos": "動詞,自立,*,*",
                    "pronunciation": "ヒラコ",
                    "reading": "ひらこう",
                    "surface": "開こう",
                    "curPos": "v"
                },
                {
                    "base": "新しい",
                    "pos": "形容詞,自立,*,*",
                    "pronunciation": "アタラシイ",
                    "reading": "あたらしい",
                    "surface": "新しい",
                    "curPos": "a"
                },
                {
                    "base": "世界",
                    "pos": "名詞,一般,*,*",
                    "pronunciation": "セカイ",
                    "reading": "せかい",
                    "surface": "世界",
                    "curPos": "n"
                },
                {
                    "base": "に",
                    "pos": "助詞,格助詞,一般,*",
                    "pronunciation": "ニ",
                    "reading": "",
                    "surface": "に",
                    "curPos": "av"
                },
                {
                    "base": "今",
                    "pos": "名詞,副詞可能,*,*",
                    "pronunciation": "イマ",
                    "reading": "いま",
                    "surface": "今",
                    "curPos": "n"
                },
                {
                    "base": "会う",
                    "pos": "動詞,自立,*,*",
                    "pronunciation": "アイ",
                    "reading": "あい",
                    "surface": "会い",
                    "curPos": "v"
                },
                {
                    "base": "に",
                    "pos": "助詞,格助詞,一般,*",
                    "pronunciation": "ニ",
                    "reading": "",
                    "surface": "に",
                    "curPos": "av"
                },
                {
                    "base": "行く",
                    "pos": "動詞,自立,*,*",
                    "pronunciation": "イコ",
                    "reading": "いこう",
                    "surface": "行こう",
                    "curPos": "v"
                }
            ]
        },
        {
            "id": 22,
            "surface": "君と僕で夢をつかみ取ろう",
            "words": [
                {
                    "base": "君",
                    "pos": "名詞,代名詞,一般,*",
                    "pronunciation": "キミ",
                    "reading": "きみ",
                    "surface": "君",
                    "curPos": "/"
                },
                {
                    "base": "と",
                    "pos": "助詞,格助詞,一般,*",
                    "pronunciation": "ト",
                    "reading": "",
                    "surface": "と",
                    "curPos": "av"
                },
                {
                    "base": "僕",
                    "pos": "名詞,代名詞,一般,*",
                    "pronunciation": "ボク",
                    "reading": "ぼく",
                    "surface": "僕",
                    "curPos": "/"
                },
                {
                    "base": "で",
                    "pos": "助詞,格助詞,一般,*",
                    "pronunciation": "デ",
                    "reading": "",
                    "surface": "で",
                    "curPos": "av"
                },
                {
                    "base": "夢",
                    "pos": "名詞,一般,*,*",
                    "pronunciation": "ユメ",
                    "reading": "ゆめ",
                    "surface": "夢",
                    "curPos": "n"
                },
                {
                    "base": "を",
                    "pos": "助詞,格助詞,一般,*",
                    "pronunciation": "ヲ",
                    "reading": "",
                    "surface": "を",
                    "curPos": "av"
                },
                {
                    "base": "つかむ",
                    "pos": "動詞,自立,*,*",
                    "pronunciation": "ツカミ",
                    "reading": "",
                    "surface": "つかみ",
                    "curPos": "v"
                },
                {
                    "base": "取る",
                    "pos": "動詞,自立,*,*",
                    "pronunciation": "トロ",
                    "reading": "とろう",
                    "surface": "取ろう",
                    "curPos": "v"
                }
            ]
        },
        {
            "id": 23,
            "surface": "心 泣き笑い 同じ時 一緒に過ごした君がいる",
            "words": [
                {
                    "base": "心",
                    "pos": "名詞,一般,*,*",
                    "pronunciation": "ココロ",
                    "reading": "こころ",
                    "surface": "心",
                    "curPos": "n"
                },
                {
                    "base": "泣き笑い",
                    "pos": "名詞,一般,*,*",
                    "pronunciation": "ナキワライ",
                    "reading": "なきわらい",
                    "surface": "泣き笑い",
                    "curPos": "n"
                },
                {
                    "base": "同じ",
                    "pos": "連体詞,*,*,*",
                    "pronunciation": "オナジ",
                    "reading": "おなじ",
                    "surface": "同じ",
                    "curPos": "/"
                },
                {
                    "base": "時",
                    "pos": "名詞,非自立,副詞可能,*",
                    "pronunciation": "トキ",
                    "reading": "とき",
                    "surface": "時",
                    "curPos": "n"
                },
                {
                    "base": "一緒",
                    "pos": "名詞,サ変接続,*,*",
                    "pronunciation": "イッショ",
                    "reading": "いっしょ",
                    "surface": "一緒",
                    "curPos": "n"
                },
                {
                    "base": "に",
                    "pos": "助詞,格助詞,一般,*",
                    "pronunciation": "ニ",
                    "reading": "",
                    "surface": "に",
                    "curPos": "av"
                },
                {
                    "base": "過ごす",
                    "pos": "動詞,自立,*,*",
                    "pronunciation": "スゴシ",
                    "reading": "すごした",
                    "surface": "過ごした",
                    "curPos": "v"
                },
                {
                    "base": "君",
                    "pos": "名詞,代名詞,一般,*",
                    "pronunciation": "キミ",
                    "reading": "きみ",
                    "surface": "君",
                    "curPos": "/"
                },
                {
                    "base": "が",
                    "pos": "助詞,格助詞,一般,*",
                    "pronunciation": "ガ",
                    "reading": "",
                    "surface": "が",
                    "curPos": "av"
                },
                {
                    "base": "いる",
                    "pos": "動詞,自立,*,*",
                    "pronunciation": "イル",
                    "reading": "",
                    "surface": "いる",
                    "curPos": "v"
                }
            ]
        },
        {
            "id": 24,
            "surface": "希望のpiece集まれば 光り 笑顔 ほらpieceになるよ",
            "words": [
                {
                    "base": "希望",
                    "pos": "名詞,サ変接続,*,*",
                    "pronunciation": "キボー",
                    "reading": "きぼう",
                    "surface": "希望",
                    "curPos": "n"
                },
                {
                    "base": "の",
                    "pos": "助詞,連体化,*,*",
                    "pronunciation": "ノ",
                    "reading": "",
                    "surface": "の",
                    "curPos": "av"
                },
                {
                    "base": "*",
                    "pos": "名詞,一般,*,*",
                    "pronunciation": "?",
                    "reading": "",
                    "surface": "piece",
                    "curPos": "n"
                },
                {
                    "base": "集まる",
                    "pos": "動詞,自立,*,*",
                    "pronunciation": "アツマレ",
                    "reading": "あつまれ",
                    "surface": "集まれ",
                    "curPos": "v"
                },
                {
                    "base": "ば",
                    "pos": "助詞,接続助詞,*,*",
                    "pronunciation": "バ",
                    "reading": "",
                    "surface": "ば",
                    "curPos": "av"
                },
                {
                    "base": "光る",
                    "pos": "動詞,自立,*,*",
                    "pronunciation": "ヒカリ",
                    "reading": "ひかり",
                    "surface": "光り",
                    "curPos": "v"
                },
                {
                    "base": "笑顔",
                    "pos": "名詞,一般,*,*",
                    "pronunciation": "エガオ",
                    "reading": "えがお",
                    "surface": "笑顔",
                    "curPos": "n"
                },
                {
                    "base": "ほら",
                    "pos": "感動詞,*,*,*",
                    "pronunciation": "ホラ",
                    "reading": "",
                    "surface": "ほら",
                    "curPos": "/"
                },
                {
                    "base": "*",
                    "pos": "名詞,一般,*,*",
                    "pronunciation": "?",
                    "reading": "",
                    "surface": "piece",
                    "curPos": "n"
                },
                {
                    "base": "に",
                    "pos": "助詞,格助詞,一般,*",
                    "pronunciation": "ニ",
                    "reading": "",
                    "surface": "に",
                    "curPos": "av"
                },
                {
                    "base": "なる",
                    "pos": "動詞,自立,*,*",
                    "pronunciation": "ナル",
                    "reading": "",
                    "surface": "なる",
                    "curPos": "v"
                },
                {
                    "base": "よ",
                    "pos": "助詞,終助詞,*,*",
                    "pronunciation": "ヨ",
                    "reading": "",
                    "surface": "よ",
                    "curPos": "av"
                }
            ]
        },
        {
            "id": 25,
            "surface": "",
            "words": []
        },
        {
            "id": 26,
            "surface": "夢を見る気持ちで (Believe my way)",
            "words": [
                {
                    "base": "夢",
                    "pos": "名詞,一般,*,*",
                    "pronunciation": "ユメ",
                    "reading": "ゆめ",
                    "surface": "夢",
                    "curPos": "n"
                },
                {
                    "base": "を",
                    "pos": "助詞,格助詞,一般,*",
                    "pronunciation": "ヲ",
                    "reading": "",
                    "surface": "を",
                    "curPos": "av"
                },
                {
                    "base": "見る",
                    "pos": "動詞,自立,*,*",
                    "pronunciation": "ミル",
                    "reading": "みる",
                    "surface": "見る",
                    "curPos": "v"
                },
                {
                    "base": "気持ち",
                    "pos": "名詞,一般,*,*",
                    "pronunciation": "キモチ",
                    "reading": "きもち",
                    "surface": "気持ち",
                    "curPos": "n"
                },
                {
                    "base": "で",
                    "pos": "助詞,格助詞,一般,*",
                    "pronunciation": "デ",
                    "reading": "",
                    "surface": "で",
                    "curPos": "av"
                },
                {
                    "base": "*",
                    "pos": "名詞,サ変接続,*,*",
                    "pronunciation": "?",
                    "reading": "",
                    "surface": "(",
                    "curPos": "/",
                    "left": true
                },
                {
                    "base": "*",
                    "pos": "名詞,固有名詞,組織,*",
                    "pronunciation": "?",
                    "reading": "",
                    "surface": "Believe",
                    "curPos": "n"
                },
                {
                    "base": "*",
                    "pos": "名詞,固有名詞,組織,*",
                    "pronunciation": "?",
                    "reading": "",
                    "surface": "my",
                    "curPos": "n"
                },
                {
                    "base": "*",
                    "pos": "名詞,固有名詞,組織,*",
                    "pronunciation": "?",
                    "reading": "",
                    "surface": "way",
                    "curPos": "n"
                },
                {
                    "base": "*",
                    "pos": "名詞,サ変接続,*,*",
                    "pronunciation": "?",
                    "reading": "",
                    "surface": ")",
                    "curPos": "/",
                    "left": true
                }
            ]
        },
        {
            "id": 27,
            "surface": "君は輝く (Don't stop shiny dream)",
            "words": [
                {
                    "base": "君",
                    "pos": "名詞,代名詞,一般,*",
                    "pronunciation": "キミ",
                    "reading": "きみ",
                    "surface": "君",
                    "curPos": "/"
                },
                {
                    "base": "は",
                    "pos": "助詞,係助詞,*,*",
                    "pronunciation": "ワ",
                    "reading": "",
                    "surface": "は",
                    "curPos": "av"
                },
                {
                    "base": "輝く",
                    "pos": "動詞,自立,*,*",
                    "pronunciation": "カガヤク",
                    "reading": "かがやく",
                    "surface": "輝く",
                    "curPos": "v"
                },
                {
                    "base": "*",
                    "pos": "名詞,サ変接続,*,*",
                    "pronunciation": "?",
                    "reading": "",
                    "surface": "(",
                    "curPos": "/",
                    "left": true
                },
                {
                    "base": "*",
                    "pos": "名詞,一般,*,*",
                    "pronunciation": "?",
                    "reading": "",
                    "surface": "Don",
                    "curPos": "n"
                },
                {
                    "base": "*",
                    "pos": "名詞,サ変接続,*,*",
                    "pronunciation": "?",
                    "reading": "",
                    "surface": "'",
                    "curPos": "n"
                },
                {
                    "base": "*",
                    "pos": "名詞,固有名詞,組織,*",
                    "pronunciation": "?",
                    "reading": "",
                    "surface": "t",
                    "curPos": "n"
                },
                {
                    "base": "*",
                    "pos": "名詞,固有名詞,組織,*",
                    "pronunciation": "?",
                    "reading": "",
                    "surface": "stop",
                    "curPos": "n"
                },
                {
                    "base": "*",
                    "pos": "名詞,固有名詞,組織,*",
                    "pronunciation": "?",
                    "reading": "",
                    "surface": "shiny",
                    "curPos": "n"
                },
                {
                    "base": "*",
                    "pos": "名詞,固有名詞,組織,*",
                    "pronunciation": "?",
                    "reading": "",
                    "surface": "dream",
                    "curPos": "n"
                },
                {
                    "base": "*",
                    "pos": "名詞,サ変接続,*,*",
                    "pronunciation": "?",
                    "reading": "",
                    "surface": ")",
                    "curPos": "/",
                    "left": true
                }
            ]
        },
        {
            "id": 28,
            "surface": "いつだって僕らも (yeah yeah yeah)",
            "words": [
                {
                    "base": "いつ",
                    "pos": "名詞,代名詞,一般,*",
                    "pronunciation": "イツ",
                    "reading": "",
                    "surface": "いつ",
                    "curPos": "/"
                },
                {
                    "base": "だって",
                    "pos": "助詞,副助詞,*,*",
                    "pronunciation": "ダッテ",
                    "reading": "",
                    "surface": "だって",
                    "curPos": "av"
                },
                {
                    "base": "僕ら",
                    "pos": "名詞,代名詞,一般,*",
                    "pronunciation": "ボクラ",
                    "reading": "ぼくら",
                    "surface": "僕ら",
                    "curPos": "/"
                },
                {
                    "base": "も",
                    "pos": "助詞,係助詞,*,*",
                    "pronunciation": "モ",
                    "reading": "",
                    "surface": "も",
                    "curPos": "av"
                },
                {
                    "base": "*",
                    "pos": "名詞,サ変接続,*,*",
                    "pronunciation": "?",
                    "reading": "",
                    "surface": "(",
                    "curPos": "/",
                    "left": true
                },
                {
                    "base": "*",
                    "pos": "名詞,固有名詞,組織,*",
                    "pronunciation": "?",
                    "reading": "",
                    "surface": "yeah",
                    "curPos": "n"
                },
                {
                    "base": "*",
                    "pos": "名詞,固有名詞,組織,*",
                    "pronunciation": "?",
                    "reading": "",
                    "surface": "yeah",
                    "curPos": "n"
                },
                {
                    "base": "*",
                    "pos": "名詞,固有名詞,組織,*",
                    "pronunciation": "?",
                    "reading": "",
                    "surface": "yeah",
                    "curPos": "n"
                },
                {
                    "base": "*",
                    "pos": "名詞,サ変接続,*,*",
                    "pronunciation": "?",
                    "reading": "",
                    "surface": ")",
                    "curPos": "/",
                    "left": true
                }
            ]
        },
        {
            "id": 29,
            "surface": "夢で輝くよ",
            "words": [
                {
                    "base": "夢",
                    "pos": "名詞,一般,*,*",
                    "pronunciation": "ユメ",
                    "reading": "ゆめ",
                    "surface": "夢",
                    "curPos": "n"
                },
                {
                    "base": "で",
                    "pos": "助詞,格助詞,一般,*",
                    "pronunciation": "デ",
                    "reading": "",
                    "surface": "で",
                    "curPos": "av"
                },
                {
                    "base": "輝く",
                    "pos": "動詞,自立,*,*",
                    "pronunciation": "カガヤク",
                    "reading": "かがやく",
                    "surface": "輝く",
                    "curPos": "v"
                },
                {
                    "base": "よ",
                    "pos": "助詞,終助詞,*,*",
                    "pronunciation": "ヨ",
                    "reading": "",
                    "surface": "よ",
                    "curPos": "av"
                }
            ]
        },
        {
            "id": 30,
            "surface": "",
            "words": []
        }
    ],
    "pureLrc": [
        "Smile 笑顔でいれる",
        "あの日流した 涙があるから",
        "遠くに聞こえてる 夢が僕を呼んでる",
        "",
        "Time 時が流れて",
        "景色が変わり 大人になる前に",
        "ここにいる証 僕と刻んで行こう",
        "",
        "一人で抱え込んだ 持ちきれない不安も",
        "見てごらん 君の力になりたい僕達が そばにいるよ",
        "",
        "目の前の",
        "扉開こう 新しい世界に今 会いに行こう",
        "君と僕で夢をつかみ取ろう",
        "心 泣き笑い 同じ時 一緒に過ごした君がいる",
        "希望のpiece集まれば 光り 笑顔 ほらpieceになるよ",
        "",
        "泣き顔の帰り道 夜空に浮かぶ月のように",
        "見上げれば 君にエールを送ってる僕達が そばにいるよ",
        "",
        "目の前の",
        "扉開こう 新しい世界に今 会いに行こう",
        "君と僕で夢をつかみ取ろう",
        "心 泣き笑い 同じ時 一緒に過ごした君がいる",
        "希望のpiece集まれば 光り 笑顔 ほらpieceになるよ",
        "",
        "夢を見る気持ちで (Believe my way)",
        "君は輝く (Don't stop shiny dream)",
        "いつだって僕らも (yeah yeah yeah)",
        "夢で輝くよ",
        ""
    ]
}