{
    "name": "Farewell",
    "artist": [
        "Hey!Say!JUMP"
    ],
    "producer": [
        {
            "label": "作詞",
            "value": [
                "ma-saya"
            ]
        },
        {
            "label": "作曲",
            "value": [
                "ma-saya"
            ]
        }
    ],
    "lrc": [
        {
            "id": 0,
            "surface": "土砂降りの世界を抜けて",
            "words": [
                {
                    "base": "土砂降り",
                    "pos": "名詞,一般,*,*",
                    "pronunciation": "ドシャブリ",
                    "reading": "どしゃぶり",
                    "surface": "土砂降り",
                    "curPos": "n"
                },
                {
                    "base": "の",
                    "pos": "助詞,連体化,*,*",
                    "pronunciation": "ノ",
                    "reading": "",
                    "surface": "の",
                    "curPos": "av"
                },
                {
                    "base": "世界",
                    "pos": "名詞,一般,*,*",
                    "pronunciation": "セカイ",
                    "reading": "せかい",
                    "surface": "世界",
                    "curPos": "n"
                },
                {
                    "base": "を",
                    "pos": "助詞,格助詞,一般,*",
                    "pronunciation": "ヲ",
                    "reading": "",
                    "surface": "を",
                    "curPos": "av"
                },
                {
                    "base": "抜ける",
                    "pos": "動詞,自立,*,*",
                    "pronunciation": "ヌケ",
                    "reading": "ぬけて",
                    "surface": "抜けて",
                    "curPos": "v"
                }
            ]
        },
        {
            "id": 1,
            "surface": "（Oh Oh 退屈をBreak down）",
            "words": [
                {
                    "base": "（",
                    "pos": "記号,括弧開,*,*",
                    "pronunciation": "（",
                    "reading": "",
                    "surface": "（",
                    "left": true,
                    "curPos": "/"
                },
                {
                    "base": "*",
                    "pos": "名詞,固有名詞,組織,*",
                    "pronunciation": "?",
                    "reading": "",
                    "surface": "Oh",
                    "curPos": "n"
                },
                {
                    "base": "*",
                    "pos": "名詞,固有名詞,組織,*",
                    "pronunciation": "?",
                    "reading": "",
                    "surface": "Oh",
                    "curPos": "n"
                },
                {
                    "base": "退屈",
                    "pos": "名詞,サ変接続,*,*",
                    "pronunciation": "タイクツ",
                    "reading": "たいくつ",
                    "surface": "退屈",
                    "curPos": "n"
                },
                {
                    "base": "を",
                    "pos": "助詞,格助詞,一般,*",
                    "pronunciation": "ヲ",
                    "reading": "",
                    "surface": "を",
                    "curPos": "av"
                },
                {
                    "base": "*",
                    "pos": "名詞,固有名詞,組織,*",
                    "pronunciation": "?",
                    "reading": "",
                    "surface": "Break",
                    "curPos": "n"
                },
                {
                    "base": "*",
                    "pos": "名詞,固有名詞,組織,*",
                    "pronunciation": "?",
                    "reading": "",
                    "surface": "down",
                    "curPos": "n"
                },
                {
                    "base": "）",
                    "pos": "記号,括弧閉,*,*",
                    "pronunciation": "）",
                    "reading": "",
                    "surface": "）",
                    "left": true,
                    "curPos": "/"
                }
            ]
        },
        {
            "id": 2,
            "surface": "火のついた衝動 確かめるなら（飛ばせHeartbeat)",
            "words": [
                {
                    "base": "火",
                    "pos": "名詞,一般,*,*",
                    "pronunciation": "ヒ",
                    "reading": "ひ",
                    "surface": "火",
                    "curPos": "n"
                },
                {
                    "base": "の",
                    "pos": "助詞,格助詞,一般,*",
                    "pronunciation": "ノ",
                    "reading": "",
                    "surface": "の",
                    "curPos": "av"
                },
                {
                    "base": "つく",
                    "pos": "動詞,自立,*,*",
                    "pronunciation": "ツイ",
                    "reading": "",
                    "surface": "ついた",
                    "curPos": "v"
                },
                {
                    "base": "衝動",
                    "pos": "名詞,サ変接続,*,*",
                    "pronunciation": "ショードー",
                    "reading": "しょうどう",
                    "surface": "衝動",
                    "curPos": "n"
                },
                {
                    "base": "確かめる",
                    "pos": "動詞,自立,*,*",
                    "pronunciation": "タシカメル",
                    "reading": "たしかめるなら",
                    "surface": "確かめるなら",
                    "curPos": "v"
                },
                {
                    "base": "（",
                    "pos": "記号,括弧開,*,*",
                    "pronunciation": "（",
                    "reading": "",
                    "surface": "（",
                    "left": true,
                    "curPos": "/"
                },
                {
                    "base": "飛ぶ",
                    "pos": "動詞,自立,*,*",
                    "pronunciation": "トバ",
                    "reading": "とば",
                    "surface": "飛ば",
                    "curPos": "v"
                },
                {
                    "base": "せる",
                    "pos": "動詞,接尾,*,*",
                    "pronunciation": "セ",
                    "reading": "",
                    "surface": "せ",
                    "curPos": "v"
                },
                {
                    "base": "*",
                    "pos": "名詞,固有名詞,組織,*",
                    "pronunciation": "?",
                    "reading": "",
                    "surface": "Heartbeat",
                    "curPos": "n"
                },
                {
                    "base": "*",
                    "pos": "名詞,サ変接続,*,*",
                    "pronunciation": "?",
                    "reading": "",
                    "surface": ")",
                    "curPos": "/",
                    "left": true
                }
            ]
        },
        {
            "id": 3,
            "surface": "辻褄の合わない感情",
            "words": [
                {
                    "base": "辻褄",
                    "pos": "名詞,一般,*,*",
                    "pronunciation": "ツジツマ",
                    "reading": "つじつま",
                    "surface": "辻褄",
                    "curPos": "n"
                },
                {
                    "base": "の",
                    "pos": "助詞,格助詞,一般,*",
                    "pronunciation": "ノ",
                    "reading": "",
                    "surface": "の",
                    "curPos": "av"
                },
                {
                    "base": "合う",
                    "pos": "動詞,自立,*,*",
                    "pronunciation": "アワ",
                    "reading": "あわない",
                    "surface": "合わない",
                    "curPos": "v"
                },
                {
                    "base": "感情",
                    "pos": "名詞,一般,*,*",
                    "pronunciation": "カンジョー",
                    "reading": "かんじょう",
                    "surface": "感情",
                    "curPos": "n"
                }
            ]
        },
        {
            "id": 4,
            "surface": "（Oh Oh 曖昧なFeeling)",
            "words": [
                {
                    "base": "（",
                    "pos": "記号,括弧開,*,*",
                    "pronunciation": "（",
                    "reading": "",
                    "surface": "（",
                    "left": true,
                    "curPos": "/"
                },
                {
                    "base": "*",
                    "pos": "名詞,固有名詞,組織,*",
                    "pronunciation": "?",
                    "reading": "",
                    "surface": "Oh",
                    "curPos": "n"
                },
                {
                    "base": "*",
                    "pos": "名詞,固有名詞,組織,*",
                    "pronunciation": "?",
                    "reading": "",
                    "surface": "Oh",
                    "curPos": "n"
                },
                {
                    "base": "曖昧",
                    "pos": "名詞,形容動詞語幹,*,*",
                    "pronunciation": "アイマイ",
                    "reading": "あいまいな",
                    "surface": "曖昧な",
                    "curPos": "a"
                },
                {
                    "base": "*",
                    "pos": "名詞,一般,*,*",
                    "pronunciation": "?",
                    "reading": "",
                    "surface": "Feeling",
                    "curPos": "n"
                },
                {
                    "base": "*",
                    "pos": "名詞,サ変接続,*,*",
                    "pronunciation": "?",
                    "reading": "",
                    "surface": ")",
                    "curPos": "/",
                    "left": true
                }
            ]
        },
        {
            "id": 5,
            "surface": "容赦ない現実 戦うしかない",
            "words": [
                {
                    "base": "容赦",
                    "pos": "名詞,ナイ形容詞語幹,*,*",
                    "pronunciation": "ヨーシャ",
                    "reading": "ようしゃ",
                    "surface": "容赦",
                    "curPos": "n"
                },
                {
                    "base": "ない",
                    "pos": "助動詞,*,*,*",
                    "pronunciation": "ナイ",
                    "reading": "",
                    "surface": "ない",
                    "curPos": "mv"
                },
                {
                    "base": "現実",
                    "pos": "名詞,一般,*,*",
                    "pronunciation": "ゲンジツ",
                    "reading": "げんじつ",
                    "surface": "現実",
                    "curPos": "n"
                },
                {
                    "base": "戦う",
                    "pos": "動詞,自立,*,*",
                    "pronunciation": "タタカウ",
                    "reading": "たたかう",
                    "surface": "戦う",
                    "curPos": "v"
                },
                {
                    "base": "しか",
                    "pos": "助詞,係助詞,*,*",
                    "pronunciation": "シカ",
                    "reading": "",
                    "surface": "しか",
                    "curPos": "av"
                },
                {
                    "base": "ない",
                    "pos": "形容詞,自立,*,*",
                    "pronunciation": "ナイ",
                    "reading": "",
                    "surface": "ない",
                    "curPos": "a"
                }
            ]
        },
        {
            "id": 6,
            "surface": "",
            "words": []
        },
        {
            "id": 7,
            "surface": "変わらない日々の中で 変えようとしない",
            "words": [
                {
                    "base": "変わる",
                    "pos": "動詞,自立,*,*",
                    "pronunciation": "カワラ",
                    "reading": "かわらない",
                    "surface": "変わらない",
                    "curPos": "v"
                },
                {
                    "base": "日々",
                    "pos": "名詞,副詞可能,*,*",
                    "pronunciation": "ヒビ",
                    "reading": "ひび",
                    "surface": "日々",
                    "curPos": "n"
                },
                {
                    "base": "の",
                    "pos": "助詞,連体化,*,*",
                    "pronunciation": "ノ",
                    "reading": "",
                    "surface": "の",
                    "curPos": "av"
                },
                {
                    "base": "中",
                    "pos": "名詞,非自立,副詞可能,*",
                    "pronunciation": "ナカ",
                    "reading": "なか",
                    "surface": "中",
                    "curPos": "n"
                },
                {
                    "base": "で",
                    "pos": "助詞,格助詞,一般,*",
                    "pronunciation": "デ",
                    "reading": "",
                    "surface": "で",
                    "curPos": "av"
                },
                {
                    "base": "変える",
                    "pos": "動詞,自立,*,*",
                    "pronunciation": "カエヨ",
                    "reading": "かえよう",
                    "surface": "変えよう",
                    "curPos": "v"
                },
                {
                    "base": "と",
                    "pos": "助詞,格助詞,一般,*",
                    "pronunciation": "ト",
                    "reading": "",
                    "surface": "と",
                    "curPos": "av"
                },
                {
                    "base": "する",
                    "pos": "動詞,自立,*,*",
                    "pronunciation": "シ",
                    "reading": "",
                    "surface": "しない",
                    "curPos": "v"
                }
            ]
        },
        {
            "id": 8,
            "surface": "自分にFarewell 背を向け今すぐ",
            "words": [
                {
                    "base": "自分",
                    "pos": "名詞,一般,*,*",
                    "pronunciation": "ジブン",
                    "reading": "じぶん",
                    "surface": "自分",
                    "curPos": "n"
                },
                {
                    "base": "に",
                    "pos": "助詞,格助詞,一般,*",
                    "pronunciation": "ニ",
                    "reading": "",
                    "surface": "に",
                    "curPos": "av"
                },
                {
                    "base": "*",
                    "pos": "名詞,一般,*,*",
                    "pronunciation": "?",
                    "reading": "",
                    "surface": "Farewell",
                    "curPos": "n"
                },
                {
                    "base": "背",
                    "pos": "名詞,一般,*,*",
                    "pronunciation": "セ",
                    "reading": "せ",
                    "surface": "背",
                    "curPos": "n"
                },
                {
                    "base": "を",
                    "pos": "助詞,格助詞,一般,*",
                    "pronunciation": "ヲ",
                    "reading": "",
                    "surface": "を",
                    "curPos": "av"
                },
                {
                    "base": "向ける",
                    "pos": "動詞,自立,*,*",
                    "pronunciation": "ムケ",
                    "reading": "むけ",
                    "surface": "向け",
                    "curPos": "v"
                },
                {
                    "base": "今",
                    "pos": "名詞,副詞可能,*,*",
                    "pronunciation": "イマ",
                    "reading": "いま",
                    "surface": "今",
                    "curPos": "n"
                },
                {
                    "base": "すぐ",
                    "pos": "副詞,助詞類接続,*,*",
                    "pronunciation": "スグ",
                    "reading": "",
                    "surface": "すぐ",
                    "curPos": "adv"
                }
            ]
        },
        {
            "id": 9,
            "surface": "",
            "words": []
        },
        {
            "id": 10,
            "surface": "思い切りJumpin'up 叫んで",
            "words": [
                {
                    "base": "思い切り",
                    "pos": "副詞,一般,*,*",
                    "pronunciation": "オモイキリ",
                    "reading": "おもいきり",
                    "surface": "思い切り",
                    "curPos": "adv"
                },
                {
                    "base": "*",
                    "pos": "名詞,一般,*,*",
                    "pronunciation": "?",
                    "reading": "",
                    "surface": "Jumpin",
                    "curPos": "n"
                },
                {
                    "base": "*",
                    "pos": "名詞,サ変接続,*,*",
                    "pronunciation": "?",
                    "reading": "",
                    "surface": "'",
                    "curPos": "n"
                },
                {
                    "base": "*",
                    "pos": "名詞,固有名詞,組織,*",
                    "pronunciation": "?",
                    "reading": "",
                    "surface": "up",
                    "curPos": "n"
                },
                {
                    "base": "叫ぶ",
                    "pos": "動詞,自立,*,*",
                    "pronunciation": "サケン",
                    "reading": "さけん",
                    "surface": "叫ん",
                    "curPos": "v"
                },
                {
                    "base": "で",
                    "pos": "助詞,接続助詞,*,*",
                    "pronunciation": "デ",
                    "reading": "",
                    "surface": "で",
                    "curPos": "av"
                }
            ]
        },
        {
            "id": 11,
            "surface": "大胆にChase your chance はじけよう",
            "words": [
                {
                    "base": "大胆",
                    "pos": "名詞,形容動詞語幹,*,*",
                    "pronunciation": "ダイタン",
                    "reading": "だいたん",
                    "surface": "大胆",
                    "curPos": "n"
                },
                {
                    "base": "に",
                    "pos": "助詞,副詞化,*,*",
                    "pronunciation": "ニ",
                    "reading": "",
                    "surface": "に",
                    "curPos": "av"
                },
                {
                    "base": "*",
                    "pos": "名詞,固有名詞,組織,*",
                    "pronunciation": "?",
                    "reading": "",
                    "surface": "Chase",
                    "curPos": "n"
                },
                {
                    "base": "*",
                    "pos": "名詞,固有名詞,組織,*",
                    "pronunciation": "?",
                    "reading": "",
                    "surface": "your",
                    "curPos": "n"
                },
                {
                    "base": "*",
                    "pos": "名詞,固有名詞,組織,*",
                    "pronunciation": "?",
                    "reading": "",
                    "surface": "chance",
                    "curPos": "n"
                },
                {
                    "base": "はじける",
                    "pos": "動詞,自立,*,*",
                    "pronunciation": "ハジケヨ",
                    "reading": "",
                    "surface": "はじけよう",
                    "curPos": "v"
                }
            ]
        },
        {
            "id": 12,
            "surface": "理屈なんてどうでもいいから",
            "words": [
                {
                    "base": "理屈",
                    "pos": "名詞,一般,*,*",
                    "pronunciation": "リクツ",
                    "reading": "りくつ",
                    "surface": "理屈",
                    "curPos": "n"
                },
                {
                    "base": "なんて",
                    "pos": "助詞,副助詞,*,*",
                    "pronunciation": "ナンテ",
                    "reading": "",
                    "surface": "なんて",
                    "curPos": "av"
                },
                {
                    "base": "どう",
                    "pos": "副詞,助詞類接続,*,*",
                    "pronunciation": "ドー",
                    "reading": "",
                    "surface": "どう",
                    "curPos": "adv"
                },
                {
                    "base": "でも",
                    "pos": "助詞,副助詞,*,*",
                    "pronunciation": "デモ",
                    "reading": "",
                    "surface": "でも",
                    "curPos": "av"
                },
                {
                    "base": "いい",
                    "pos": "形容詞,自立,*,*",
                    "pronunciation": "イイ",
                    "reading": "",
                    "surface": "いい",
                    "curPos": "a"
                },
                {
                    "base": "から",
                    "pos": "助詞,接続助詞,*,*",
                    "pronunciation": "カラ",
                    "reading": "",
                    "surface": "から",
                    "curPos": "av"
                }
            ]
        },
        {
            "id": 13,
            "surface": "走れ走れ どんなときも",
            "words": [
                {
                    "base": "走れる",
                    "pos": "動詞,自立,*,*",
                    "pronunciation": "ハシレ",
                    "reading": "はしれ",
                    "surface": "走れ",
                    "curPos": "v"
                },
                {
                    "base": "走る",
                    "pos": "動詞,自立,*,*",
                    "pronunciation": "ハシレ",
                    "reading": "はしれ",
                    "surface": "走れ",
                    "curPos": "v"
                },
                {
                    "base": "どんな",
                    "pos": "連体詞,*,*,*",
                    "pronunciation": "ドンナ",
                    "reading": "",
                    "surface": "どんな",
                    "curPos": "/"
                },
                {
                    "base": "とき",
                    "pos": "名詞,非自立,副詞可能,*",
                    "pronunciation": "トキ",
                    "reading": "",
                    "surface": "とき",
                    "curPos": "n"
                },
                {
                    "base": "も",
                    "pos": "助詞,係助詞,*,*",
                    "pronunciation": "モ",
                    "reading": "",
                    "surface": "も",
                    "curPos": "av"
                }
            ]
        },
        {
            "id": 14,
            "surface": "ありえない向う側へ 光信じて",
            "words": [
                {
                    "base": "ある",
                    "pos": "動詞,自立,*,*",
                    "pronunciation": "アリ",
                    "reading": "",
                    "surface": "あり",
                    "curPos": "v"
                },
                {
                    "base": "える",
                    "pos": "動詞,非自立,*,*",
                    "pronunciation": "エ",
                    "reading": "",
                    "surface": "えない",
                    "curPos": "v"
                },
                {
                    "base": "向う側",
                    "pos": "名詞,一般,*,*",
                    "pronunciation": "ムコーガワ",
                    "reading": "むこうがわ",
                    "surface": "向う側",
                    "curPos": "n"
                },
                {
                    "base": "へ",
                    "pos": "助詞,格助詞,一般,*",
                    "pronunciation": "エ",
                    "reading": "",
                    "surface": "へ",
                    "curPos": "av"
                },
                {
                    "base": "光",
                    "pos": "名詞,一般,*,*",
                    "pronunciation": "ヒカリ",
                    "reading": "ひかり",
                    "surface": "光",
                    "curPos": "n"
                },
                {
                    "base": "信じる",
                    "pos": "動詞,自立,*,*",
                    "pronunciation": "シンジ",
                    "reading": "しんじて",
                    "surface": "信じて",
                    "curPos": "v"
                }
            ]
        },
        {
            "id": 15,
            "surface": "Try now!",
            "words": [
                {
                    "base": "*",
                    "pos": "名詞,固有名詞,組織,*",
                    "pronunciation": "?",
                    "reading": "",
                    "surface": "Try",
                    "curPos": "n"
                },
                {
                    "base": "*",
                    "pos": "名詞,固有名詞,組織,*",
                    "pronunciation": "?",
                    "reading": "",
                    "surface": "now",
                    "curPos": "n"
                },
                {
                    "base": "*",
                    "pos": "名詞,サ変接続,*,*",
                    "pronunciation": "?",
                    "reading": "",
                    "surface": "!",
                    "curPos": "n"
                }
            ]
        },
        {
            "id": 16,
            "surface": "",
            "words": []
        },
        {
            "id": 17,
            "surface": "灼熱の風に吹かれて",
            "words": [
                {
                    "base": "灼熱",
                    "pos": "名詞,サ変接続,*,*",
                    "pronunciation": "シャクネツ",
                    "reading": "しゃくねつ",
                    "surface": "灼熱",
                    "curPos": "n"
                },
                {
                    "base": "の",
                    "pos": "助詞,連体化,*,*",
                    "pronunciation": "ノ",
                    "reading": "",
                    "surface": "の",
                    "curPos": "av"
                },
                {
                    "base": "風",
                    "pos": "名詞,一般,*,*",
                    "pronunciation": "カゼ",
                    "reading": "かぜ",
                    "surface": "風",
                    "curPos": "n"
                },
                {
                    "base": "に",
                    "pos": "助詞,格助詞,一般,*",
                    "pronunciation": "ニ",
                    "reading": "",
                    "surface": "に",
                    "curPos": "av"
                },
                {
                    "base": "吹く",
                    "pos": "動詞,自立,*,*",
                    "pronunciation": "フカ",
                    "reading": "ふか",
                    "surface": "吹か",
                    "curPos": "v"
                },
                {
                    "base": "れる",
                    "pos": "動詞,接尾,*,*",
                    "pronunciation": "レ",
                    "reading": "",
                    "surface": "れて",
                    "curPos": "v"
                }
            ]
        },
        {
            "id": 18,
            "surface": "（Oh Oh 憧れたBreak away)",
            "words": [
                {
                    "base": "（",
                    "pos": "記号,括弧開,*,*",
                    "pronunciation": "（",
                    "reading": "",
                    "surface": "（",
                    "left": true,
                    "curPos": "/"
                },
                {
                    "base": "*",
                    "pos": "名詞,固有名詞,組織,*",
                    "pronunciation": "?",
                    "reading": "",
                    "surface": "Oh",
                    "curPos": "n"
                },
                {
                    "base": "*",
                    "pos": "名詞,固有名詞,組織,*",
                    "pronunciation": "?",
                    "reading": "",
                    "surface": "Oh",
                    "curPos": "n"
                },
                {
                    "base": "憧れる",
                    "pos": "動詞,自立,*,*",
                    "pronunciation": "アコガレ",
                    "reading": "あこがれた",
                    "surface": "憧れた",
                    "curPos": "v"
                },
                {
                    "base": "*",
                    "pos": "名詞,一般,*,*",
                    "pronunciation": "?",
                    "reading": "",
                    "surface": "Break",
                    "curPos": "n"
                },
                {
                    "base": "*",
                    "pos": "名詞,固有名詞,組織,*",
                    "pronunciation": "?",
                    "reading": "",
                    "surface": "away",
                    "curPos": "n"
                },
                {
                    "base": "*",
                    "pos": "名詞,サ変接続,*,*",
                    "pronunciation": "?",
                    "reading": "",
                    "surface": ")",
                    "curPos": "/",
                    "left": true
                }
            ]
        },
        {
            "id": 19,
            "surface": "燃え上がる感動 求めてるなら（叫べTrue voice)",
            "words": [
                {
                    "base": "燃え上がる",
                    "pos": "動詞,自立,*,*",
                    "pronunciation": "モエアガル",
                    "reading": "もえあがる",
                    "surface": "燃え上がる",
                    "curPos": "v"
                },
                {
                    "base": "感動",
                    "pos": "名詞,サ変接続,*,*",
                    "pronunciation": "カンドー",
                    "reading": "かんどう",
                    "surface": "感動",
                    "curPos": "n"
                },
                {
                    "base": "求める",
                    "pos": "動詞,自立,*,*",
                    "pronunciation": "モトメ",
                    "reading": "もとめ",
                    "surface": "求め",
                    "curPos": "v"
                },
                {
                    "base": "てる",
                    "pos": "動詞,非自立,*,*",
                    "pronunciation": "テル",
                    "reading": "",
                    "surface": "てるなら",
                    "curPos": "v"
                },
                {
                    "base": "（",
                    "pos": "記号,括弧開,*,*",
                    "pronunciation": "（",
                    "reading": "",
                    "surface": "（",
                    "left": true,
                    "curPos": "/"
                },
                {
                    "base": "叫べる",
                    "pos": "動詞,自立,*,*",
                    "pronunciation": "サケベ",
                    "reading": "さけべ",
                    "surface": "叫べ",
                    "curPos": "v"
                },
                {
                    "base": "*",
                    "pos": "名詞,一般,*,*",
                    "pronunciation": "?",
                    "reading": "",
                    "surface": "True",
                    "curPos": "n"
                },
                {
                    "base": "*",
                    "pos": "名詞,固有名詞,組織,*",
                    "pronunciation": "?",
                    "reading": "",
                    "surface": "voice",
                    "curPos": "n"
                },
                {
                    "base": "*",
                    "pos": "名詞,サ変接続,*,*",
                    "pronunciation": "?",
                    "reading": "",
                    "surface": ")",
                    "curPos": "/",
                    "left": true
                }
            ]
        },
        {
            "id": 20,
            "surface": "溜め息で膨らむ時代",
            "words": [
                {
                    "base": "溜め息",
                    "pos": "名詞,一般,*,*",
                    "pronunciation": "タメイキ",
                    "reading": "ためいき",
                    "surface": "溜め息",
                    "curPos": "n"
                },
                {
                    "base": "で",
                    "pos": "助詞,格助詞,一般,*",
                    "pronunciation": "デ",
                    "reading": "",
                    "surface": "で",
                    "curPos": "av"
                },
                {
                    "base": "膨らむ",
                    "pos": "動詞,自立,*,*",
                    "pronunciation": "フクラム",
                    "reading": "ふくらむ",
                    "surface": "膨らむ",
                    "curPos": "v"
                },
                {
                    "base": "時代",
                    "pos": "名詞,一般,*,*",
                    "pronunciation": "ジダイ",
                    "reading": "じだい",
                    "surface": "時代",
                    "curPos": "n"
                }
            ]
        },
        {
            "id": 21,
            "surface": "（Oh Oh 破裂するDaydream)",
            "words": [
                {
                    "base": "（",
                    "pos": "記号,括弧開,*,*",
                    "pronunciation": "（",
                    "reading": "",
                    "surface": "（",
                    "left": true,
                    "curPos": "/"
                },
                {
                    "base": "*",
                    "pos": "名詞,固有名詞,組織,*",
                    "pronunciation": "?",
                    "reading": "",
                    "surface": "Oh",
                    "curPos": "n"
                },
                {
                    "base": "*",
                    "pos": "名詞,固有名詞,組織,*",
                    "pronunciation": "?",
                    "reading": "",
                    "surface": "Oh",
                    "curPos": "n"
                },
                {
                    "base": "破裂",
                    "pos": "名詞,サ変接続,*,*",
                    "pronunciation": "ハレツ",
                    "reading": "はれつ",
                    "surface": "破裂",
                    "curPos": "n"
                },
                {
                    "base": "する",
                    "pos": "動詞,自立,*,*",
                    "pronunciation": "スル",
                    "reading": "",
                    "surface": "する",
                    "curPos": "v"
                },
                {
                    "base": "*",
                    "pos": "名詞,固有名詞,組織,*",
                    "pronunciation": "?",
                    "reading": "",
                    "surface": "Daydream",
                    "curPos": "n"
                },
                {
                    "base": "*",
                    "pos": "名詞,サ変接続,*,*",
                    "pronunciation": "?",
                    "reading": "",
                    "surface": ")",
                    "curPos": "/",
                    "left": true
                }
            ]
        },
        {
            "id": 22,
            "surface": "しぼんでく情熱 守るしかない",
            "words": [
                {
                    "base": "しぼむ",
                    "pos": "動詞,自立,*,*",
                    "pronunciation": "シボン",
                    "reading": "",
                    "surface": "しぼん",
                    "curPos": "v"
                },
                {
                    "base": "で",
                    "pos": "助詞,接続助詞,*,*",
                    "pronunciation": "デ",
                    "reading": "",
                    "surface": "で",
                    "curPos": "av"
                },
                {
                    "base": "く",
                    "pos": "動詞,非自立,*,*",
                    "pronunciation": "ク",
                    "reading": "",
                    "surface": "く",
                    "curPos": "v"
                },
                {
                    "base": "情熱",
                    "pos": "名詞,一般,*,*",
                    "pronunciation": "ジョーネツ",
                    "reading": "じょうねつ",
                    "surface": "情熱",
                    "curPos": "n"
                },
                {
                    "base": "守る",
                    "pos": "動詞,自立,*,*",
                    "pronunciation": "マモル",
                    "reading": "まもる",
                    "surface": "守る",
                    "curPos": "v"
                },
                {
                    "base": "しか",
                    "pos": "助詞,係助詞,*,*",
                    "pronunciation": "シカ",
                    "reading": "",
                    "surface": "しか",
                    "curPos": "av"
                },
                {
                    "base": "ない",
                    "pos": "形容詞,自立,*,*",
                    "pronunciation": "ナイ",
                    "reading": "",
                    "surface": "ない",
                    "curPos": "a"
                }
            ]
        },
        {
            "id": 23,
            "surface": "",
            "words": []
        },
        {
            "id": 24,
            "surface": "大切な人を前に",
            "words": [
                {
                    "base": "大切",
                    "pos": "名詞,形容動詞語幹,*,*",
                    "pronunciation": "タイセツ",
                    "reading": "たいせつな",
                    "surface": "大切な",
                    "curPos": "a"
                },
                {
                    "base": "人",
                    "pos": "名詞,一般,*,*",
                    "pronunciation": "ヒト",
                    "reading": "ひと",
                    "surface": "人",
                    "curPos": "n"
                },
                {
                    "base": "を",
                    "pos": "助詞,格助詞,一般,*",
                    "pronunciation": "ヲ",
                    "reading": "",
                    "surface": "を",
                    "curPos": "av"
                },
                {
                    "base": "前",
                    "pos": "名詞,副詞可能,*,*",
                    "pronunciation": "マエ",
                    "reading": "まえ",
                    "surface": "前",
                    "curPos": "n"
                },
                {
                    "base": "に",
                    "pos": "助詞,格助詞,一般,*",
                    "pronunciation": "ニ",
                    "reading": "",
                    "surface": "に",
                    "curPos": "av"
                }
            ]
        },
        {
            "id": 25,
            "surface": "逃げ出した弱い自分にFarewell",
            "words": [
                {
                    "base": "逃げ出す",
                    "pos": "動詞,自立,*,*",
                    "pronunciation": "ニゲダシ",
                    "reading": "にげだした",
                    "surface": "逃げ出した",
                    "curPos": "v"
                },
                {
                    "base": "弱い",
                    "pos": "形容詞,自立,*,*",
                    "pronunciation": "ヨワイ",
                    "reading": "よわい",
                    "surface": "弱い",
                    "curPos": "a"
                },
                {
                    "base": "自分",
                    "pos": "名詞,一般,*,*",
                    "pronunciation": "ジブン",
                    "reading": "じぶん",
                    "surface": "自分",
                    "curPos": "n"
                },
                {
                    "base": "に",
                    "pos": "助詞,格助詞,一般,*",
                    "pronunciation": "ニ",
                    "reading": "",
                    "surface": "に",
                    "curPos": "av"
                },
                {
                    "base": "*",
                    "pos": "名詞,固有名詞,組織,*",
                    "pronunciation": "?",
                    "reading": "",
                    "surface": "Farewell",
                    "curPos": "n"
                }
            ]
        },
        {
            "id": 26,
            "surface": "戻らないよ もう",
            "words": [
                {
                    "base": "戻る",
                    "pos": "動詞,自立,*,*",
                    "pronunciation": "モドラ",
                    "reading": "もどらない",
                    "surface": "戻らない",
                    "curPos": "v"
                },
                {
                    "base": "よ",
                    "pos": "助詞,終助詞,*,*",
                    "pronunciation": "ヨ",
                    "reading": "",
                    "surface": "よ",
                    "curPos": "av"
                },
                {
                    "base": "もう",
                    "pos": "副詞,一般,*,*",
                    "pronunciation": "モー",
                    "reading": "",
                    "surface": "もう",
                    "curPos": "adv"
                }
            ]
        },
        {
            "id": 27,
            "surface": "",
            "words": []
        },
        {
            "id": 28,
            "surface": "思い切りJumpin'up 叫んで",
            "words": [
                {
                    "base": "思い切り",
                    "pos": "副詞,一般,*,*",
                    "pronunciation": "オモイキリ",
                    "reading": "おもいきり",
                    "surface": "思い切り",
                    "curPos": "adv"
                },
                {
                    "base": "*",
                    "pos": "名詞,一般,*,*",
                    "pronunciation": "?",
                    "reading": "",
                    "surface": "Jumpin",
                    "curPos": "n"
                },
                {
                    "base": "*",
                    "pos": "名詞,サ変接続,*,*",
                    "pronunciation": "?",
                    "reading": "",
                    "surface": "'",
                    "curPos": "n"
                },
                {
                    "base": "*",
                    "pos": "名詞,固有名詞,組織,*",
                    "pronunciation": "?",
                    "reading": "",
                    "surface": "up",
                    "curPos": "n"
                },
                {
                    "base": "叫ぶ",
                    "pos": "動詞,自立,*,*",
                    "pronunciation": "サケン",
                    "reading": "さけん",
                    "surface": "叫ん",
                    "curPos": "v"
                },
                {
                    "base": "で",
                    "pos": "助詞,接続助詞,*,*",
                    "pronunciation": "デ",
                    "reading": "",
                    "surface": "で",
                    "curPos": "av"
                }
            ]
        },
        {
            "id": 29,
            "surface": "大胆にChase your chance はじけよう",
            "words": [
                {
                    "base": "大胆",
                    "pos": "名詞,形容動詞語幹,*,*",
                    "pronunciation": "ダイタン",
                    "reading": "だいたん",
                    "surface": "大胆",
                    "curPos": "n"
                },
                {
                    "base": "に",
                    "pos": "助詞,副詞化,*,*",
                    "pronunciation": "ニ",
                    "reading": "",
                    "surface": "に",
                    "curPos": "av"
                },
                {
                    "base": "*",
                    "pos": "名詞,固有名詞,組織,*",
                    "pronunciation": "?",
                    "reading": "",
                    "surface": "Chase",
                    "curPos": "n"
                },
                {
                    "base": "*",
                    "pos": "名詞,固有名詞,組織,*",
                    "pronunciation": "?",
                    "reading": "",
                    "surface": "your",
                    "curPos": "n"
                },
                {
                    "base": "*",
                    "pos": "名詞,固有名詞,組織,*",
                    "pronunciation": "?",
                    "reading": "",
                    "surface": "chance",
                    "curPos": "n"
                },
                {
                    "base": "はじける",
                    "pos": "動詞,自立,*,*",
                    "pronunciation": "ハジケヨ",
                    "reading": "",
                    "surface": "はじけよう",
                    "curPos": "v"
                }
            ]
        },
        {
            "id": 30,
            "surface": "笑ってられる自分がいるなら",
            "words": [
                {
                    "base": "笑う",
                    "pos": "動詞,自立,*,*",
                    "pronunciation": "ワラッ",
                    "reading": "わらって",
                    "surface": "笑って",
                    "curPos": "v"
                },
                {
                    "base": "られる",
                    "pos": "動詞,接尾,*,*",
                    "pronunciation": "ラレル",
                    "reading": "",
                    "surface": "られる",
                    "curPos": "v"
                },
                {
                    "base": "自分",
                    "pos": "名詞,一般,*,*",
                    "pronunciation": "ジブン",
                    "reading": "じぶん",
                    "surface": "自分",
                    "curPos": "n"
                },
                {
                    "base": "が",
                    "pos": "助詞,格助詞,一般,*",
                    "pronunciation": "ガ",
                    "reading": "",
                    "surface": "が",
                    "curPos": "av"
                },
                {
                    "base": "いる",
                    "pos": "動詞,自立,*,*",
                    "pronunciation": "イル",
                    "reading": "",
                    "surface": "いるなら",
                    "curPos": "v"
                }
            ]
        },
        {
            "id": 31,
            "surface": "急げ急げ どんなことも",
            "words": [
                {
                    "base": "急げる",
                    "pos": "動詞,自立,*,*",
                    "pronunciation": "イソゲ",
                    "reading": "いそげ",
                    "surface": "急げ",
                    "curPos": "v"
                },
                {
                    "base": "急ぐ",
                    "pos": "動詞,自立,*,*",
                    "pronunciation": "イソゲ",
                    "reading": "いそげ",
                    "surface": "急げ",
                    "curPos": "v"
                },
                {
                    "base": "どんな",
                    "pos": "連体詞,*,*,*",
                    "pronunciation": "ドンナ",
                    "reading": "",
                    "surface": "どんな",
                    "curPos": "/"
                },
                {
                    "base": "こと",
                    "pos": "名詞,非自立,一般,*",
                    "pronunciation": "コト",
                    "reading": "",
                    "surface": "こと",
                    "curPos": "n"
                },
                {
                    "base": "も",
                    "pos": "助詞,係助詞,*,*",
                    "pronunciation": "モ",
                    "reading": "",
                    "surface": "も",
                    "curPos": "av"
                }
            ]
        },
        {
            "id": 32,
            "surface": "思い出に変えるくらい 強くなるのさ",
            "words": [
                {
                    "base": "思い出",
                    "pos": "名詞,一般,*,*",
                    "pronunciation": "オモイデ",
                    "reading": "おもいで",
                    "surface": "思い出",
                    "curPos": "n"
                },
                {
                    "base": "に",
                    "pos": "助詞,格助詞,一般,*",
                    "pronunciation": "ニ",
                    "reading": "",
                    "surface": "に",
                    "curPos": "av"
                },
                {
                    "base": "変える",
                    "pos": "動詞,自立,*,*",
                    "pronunciation": "カエル",
                    "reading": "かえる",
                    "surface": "変える",
                    "curPos": "v"
                },
                {
                    "base": "くらい",
                    "pos": "助詞,副助詞,*,*",
                    "pronunciation": "クライ",
                    "reading": "",
                    "surface": "くらい",
                    "curPos": "av"
                },
                {
                    "base": "強い",
                    "pos": "形容詞,自立,*,*",
                    "pronunciation": "ツヨク",
                    "reading": "つよく",
                    "surface": "強く",
                    "curPos": "a"
                },
                {
                    "base": "なる",
                    "pos": "動詞,自立,*,*",
                    "pronunciation": "ナル",
                    "reading": "",
                    "surface": "なる",
                    "curPos": "v"
                },
                {
                    "base": "の",
                    "pos": "名詞,非自立,一般,*",
                    "pronunciation": "ノ",
                    "reading": "",
                    "surface": "の",
                    "curPos": "n"
                },
                {
                    "base": "さ",
                    "pos": "助詞,終助詞,*,*",
                    "pronunciation": "サ",
                    "reading": "",
                    "surface": "さ",
                    "curPos": "av"
                }
            ]
        },
        {
            "id": 33,
            "surface": "Try now!",
            "words": [
                {
                    "base": "*",
                    "pos": "名詞,固有名詞,組織,*",
                    "pronunciation": "?",
                    "reading": "",
                    "surface": "Try",
                    "curPos": "n"
                },
                {
                    "base": "*",
                    "pos": "名詞,固有名詞,組織,*",
                    "pronunciation": "?",
                    "reading": "",
                    "surface": "now",
                    "curPos": "n"
                },
                {
                    "base": "*",
                    "pos": "名詞,サ変接続,*,*",
                    "pronunciation": "?",
                    "reading": "",
                    "surface": "!",
                    "curPos": "n"
                }
            ]
        },
        {
            "id": 34,
            "surface": "",
            "words": []
        },
        {
            "id": 35,
            "surface": "目には見えないその心で探そう…",
            "words": [
                {
                    "base": "目",
                    "pos": "名詞,一般,*,*",
                    "pronunciation": "メ",
                    "reading": "め",
                    "surface": "目",
                    "curPos": "n"
                },
                {
                    "base": "に",
                    "pos": "助詞,格助詞,一般,*",
                    "pronunciation": "ニ",
                    "reading": "",
                    "surface": "に",
                    "curPos": "av"
                },
                {
                    "base": "は",
                    "pos": "助詞,係助詞,*,*",
                    "pronunciation": "ワ",
                    "reading": "",
                    "surface": "は",
                    "curPos": "av"
                },
                {
                    "base": "見える",
                    "pos": "動詞,自立,*,*",
                    "pronunciation": "ミエ",
                    "reading": "みえない",
                    "surface": "見えない",
                    "curPos": "v"
                },
                {
                    "base": "その",
                    "pos": "連体詞,*,*,*",
                    "pronunciation": "ソノ",
                    "reading": "",
                    "surface": "その",
                    "curPos": "/"
                },
                {
                    "base": "心",
                    "pos": "名詞,一般,*,*",
                    "pronunciation": "ココロ",
                    "reading": "こころ",
                    "surface": "心",
                    "curPos": "n"
                },
                {
                    "base": "で",
                    "pos": "助詞,格助詞,一般,*",
                    "pronunciation": "デ",
                    "reading": "",
                    "surface": "で",
                    "curPos": "av"
                },
                {
                    "base": "探す",
                    "pos": "動詞,自立,*,*",
                    "pronunciation": "サガソ",
                    "reading": "さがそう",
                    "surface": "探そう",
                    "curPos": "v"
                },
                {
                    "base": "…",
                    "pos": "記号,一般,*,*",
                    "pronunciation": "…",
                    "reading": "",
                    "surface": "…",
                    "left": true,
                    "curPos": "/"
                }
            ]
        },
        {
            "id": 36,
            "surface": "常識や非常識を超えて",
            "words": [
                {
                    "base": "常識",
                    "pos": "名詞,一般,*,*",
                    "pronunciation": "ジョーシキ",
                    "reading": "じょうしき",
                    "surface": "常識",
                    "curPos": "n"
                },
                {
                    "base": "や",
                    "pos": "助詞,並立助詞,*,*",
                    "pronunciation": "ヤ",
                    "reading": "",
                    "surface": "や",
                    "curPos": "av"
                },
                {
                    "base": "非常識",
                    "pos": "名詞,一般,*,*",
                    "pronunciation": "ヒジョーシキ",
                    "reading": "ひじょうしき",
                    "surface": "非常識",
                    "curPos": "n"
                },
                {
                    "base": "を",
                    "pos": "助詞,格助詞,一般,*",
                    "pronunciation": "ヲ",
                    "reading": "",
                    "surface": "を",
                    "curPos": "av"
                },
                {
                    "base": "超える",
                    "pos": "動詞,自立,*,*",
                    "pronunciation": "コエ",
                    "reading": "こえて",
                    "surface": "超えて",
                    "curPos": "v"
                }
            ]
        },
        {
            "id": 37,
            "surface": "限界より先へ 3. 2. 1, Go!",
            "words": [
                {
                    "base": "限界",
                    "pos": "名詞,一般,*,*",
                    "pronunciation": "ゲンカイ",
                    "reading": "げんかい",
                    "surface": "限界",
                    "curPos": "n"
                },
                {
                    "base": "より",
                    "pos": "助詞,格助詞,一般,*",
                    "pronunciation": "ヨリ",
                    "reading": "",
                    "surface": "より",
                    "curPos": "av"
                },
                {
                    "base": "先",
                    "pos": "名詞,一般,*,*",
                    "pronunciation": "サキ",
                    "reading": "さき",
                    "surface": "先",
                    "curPos": "n"
                },
                {
                    "base": "へ",
                    "pos": "助詞,格助詞,一般,*",
                    "pronunciation": "エ",
                    "reading": "",
                    "surface": "へ",
                    "curPos": "av"
                },
                {
                    "base": "*",
                    "pos": "名詞,数,*,*",
                    "pronunciation": "?",
                    "reading": "",
                    "surface": "3",
                    "curPos": "/"
                },
                {
                    "base": "*",
                    "pos": "名詞,サ変接続,*,*",
                    "pronunciation": "?",
                    "reading": "",
                    "surface": ".",
                    "curPos": "/",
                    "left": true
                },
                {
                    "base": "*",
                    "pos": "名詞,数,*,*",
                    "pronunciation": "?",
                    "reading": "",
                    "surface": "2",
                    "curPos": "/"
                },
                {
                    "base": "*",
                    "pos": "名詞,サ変接続,*,*",
                    "pronunciation": "?",
                    "reading": "",
                    "surface": ".",
                    "curPos": "/",
                    "left": true
                },
                {
                    "base": "*",
                    "pos": "名詞,数,*,*",
                    "pronunciation": "?",
                    "reading": "",
                    "surface": "1",
                    "curPos": "/"
                },
                {
                    "base": "*",
                    "pos": "名詞,サ変接続,*,*",
                    "pronunciation": "?",
                    "reading": "",
                    "surface": ",",
                    "curPos": "n"
                },
                {
                    "base": "*",
                    "pos": "名詞,固有名詞,組織,*",
                    "pronunciation": "?",
                    "reading": "",
                    "surface": "Go",
                    "curPos": "n"
                },
                {
                    "base": "*",
                    "pos": "名詞,サ変接続,*,*",
                    "pronunciation": "?",
                    "reading": "",
                    "surface": "!",
                    "curPos": "n"
                }
            ]
        },
        {
            "id": 38,
            "surface": "",
            "words": []
        },
        {
            "id": 39,
            "surface": "立ち向かいさえすれば Oh Oh Oh",
            "words": [
                {
                    "base": "立ち向かう",
                    "pos": "動詞,自立,*,*",
                    "pronunciation": "タチムカイ",
                    "reading": "たちむかい",
                    "surface": "立ち向かい",
                    "curPos": "v"
                },
                {
                    "base": "さえ",
                    "pos": "助詞,係助詞,*,*",
                    "pronunciation": "サエ",
                    "reading": "",
                    "surface": "さえ",
                    "curPos": "av"
                },
                {
                    "base": "する",
                    "pos": "動詞,自立,*,*",
                    "pronunciation": "スレ",
                    "reading": "",
                    "surface": "すれ",
                    "curPos": "v"
                },
                {
                    "base": "ば",
                    "pos": "助詞,接続助詞,*,*",
                    "pronunciation": "バ",
                    "reading": "",
                    "surface": "ば",
                    "curPos": "av"
                },
                {
                    "base": "*",
                    "pos": "名詞,固有名詞,組織,*",
                    "pronunciation": "?",
                    "reading": "",
                    "surface": "Oh",
                    "curPos": "n"
                },
                {
                    "base": "*",
                    "pos": "名詞,固有名詞,組織,*",
                    "pronunciation": "?",
                    "reading": "",
                    "surface": "Oh",
                    "curPos": "n"
                },
                {
                    "base": "*",
                    "pos": "名詞,固有名詞,組織,*",
                    "pronunciation": "?",
                    "reading": "",
                    "surface": "Oh",
                    "curPos": "n"
                }
            ]
        },
        {
            "id": 40,
            "surface": "変わっていく運命は Let's go! (Let's go!)",
            "words": [
                {
                    "base": "変わる",
                    "pos": "動詞,自立,*,*",
                    "pronunciation": "カワッ",
                    "reading": "かわって",
                    "surface": "変わって",
                    "curPos": "v"
                },
                {
                    "base": "いく",
                    "pos": "動詞,非自立,*,*",
                    "pronunciation": "イク",
                    "reading": "",
                    "surface": "いく",
                    "curPos": "v"
                },
                {
                    "base": "運命",
                    "pos": "名詞,一般,*,*",
                    "pronunciation": "ウンメイ",
                    "reading": "うんめい",
                    "surface": "運命",
                    "curPos": "n"
                },
                {
                    "base": "は",
                    "pos": "助詞,係助詞,*,*",
                    "pronunciation": "ワ",
                    "reading": "",
                    "surface": "は",
                    "curPos": "av"
                },
                {
                    "base": "*",
                    "pos": "名詞,固有名詞,組織,*",
                    "pronunciation": "?",
                    "reading": "",
                    "surface": "Let",
                    "curPos": "n"
                },
                {
                    "base": "*",
                    "pos": "名詞,サ変接続,*,*",
                    "pronunciation": "?",
                    "reading": "",
                    "surface": "'",
                    "curPos": "n"
                },
                {
                    "base": "*",
                    "pos": "名詞,固有名詞,組織,*",
                    "pronunciation": "?",
                    "reading": "",
                    "surface": "s",
                    "curPos": "n"
                },
                {
                    "base": "*",
                    "pos": "名詞,固有名詞,組織,*",
                    "pronunciation": "?",
                    "reading": "",
                    "surface": "go",
                    "curPos": "n"
                },
                {
                    "base": "*",
                    "pos": "名詞,サ変接続,*,*",
                    "pronunciation": "?",
                    "reading": "",
                    "surface": "!",
                    "curPos": "n"
                },
                {
                    "base": "*",
                    "pos": "名詞,サ変接続,*,*",
                    "pronunciation": "?",
                    "reading": "",
                    "surface": "(",
                    "curPos": "/",
                    "left": true
                },
                {
                    "base": "*",
                    "pos": "名詞,一般,*,*",
                    "pronunciation": "?",
                    "reading": "",
                    "surface": "Let",
                    "curPos": "n"
                },
                {
                    "base": "*",
                    "pos": "名詞,サ変接続,*,*",
                    "pronunciation": "?",
                    "reading": "",
                    "surface": "'",
                    "curPos": "n"
                },
                {
                    "base": "*",
                    "pos": "名詞,固有名詞,組織,*",
                    "pronunciation": "?",
                    "reading": "",
                    "surface": "s",
                    "curPos": "n"
                },
                {
                    "base": "*",
                    "pos": "名詞,固有名詞,組織,*",
                    "pronunciation": "?",
                    "reading": "",
                    "surface": "go",
                    "curPos": "n"
                },
                {
                    "base": "*",
                    "pos": "名詞,サ変接続,*,*",
                    "pronunciation": "?",
                    "reading": "",
                    "surface": "!)",
                    "curPos": "n"
                }
            ]
        },
        {
            "id": 41,
            "surface": "Right now! (Right now!）",
            "words": [
                {
                    "base": "*",
                    "pos": "名詞,固有名詞,組織,*",
                    "pronunciation": "?",
                    "reading": "",
                    "surface": "Right",
                    "curPos": "n"
                },
                {
                    "base": "*",
                    "pos": "名詞,固有名詞,組織,*",
                    "pronunciation": "?",
                    "reading": "",
                    "surface": "now",
                    "curPos": "n"
                },
                {
                    "base": "*",
                    "pos": "名詞,サ変接続,*,*",
                    "pronunciation": "?",
                    "reading": "",
                    "surface": "!",
                    "curPos": "n"
                },
                {
                    "base": "*",
                    "pos": "名詞,サ変接続,*,*",
                    "pronunciation": "?",
                    "reading": "",
                    "surface": "(",
                    "curPos": "/",
                    "left": true
                },
                {
                    "base": "*",
                    "pos": "名詞,固有名詞,組織,*",
                    "pronunciation": "?",
                    "reading": "",
                    "surface": "Right",
                    "curPos": "n"
                },
                {
                    "base": "*",
                    "pos": "名詞,固有名詞,組織,*",
                    "pronunciation": "?",
                    "reading": "",
                    "surface": "now",
                    "curPos": "n"
                },
                {
                    "base": "*",
                    "pos": "名詞,サ変接続,*,*",
                    "pronunciation": "?",
                    "reading": "",
                    "surface": "!）",
                    "curPos": "n"
                }
            ]
        },
        {
            "id": 42,
            "surface": "道無き道の上を",
            "words": [
                {
                    "base": "道",
                    "pos": "名詞,一般,*,*",
                    "pronunciation": "ミチ",
                    "reading": "みち",
                    "surface": "道",
                    "curPos": "n"
                },
                {
                    "base": "無い",
                    "pos": "形容詞,自立,*,*",
                    "pronunciation": "ナキ",
                    "reading": "なき",
                    "surface": "無き",
                    "curPos": "a"
                },
                {
                    "base": "道",
                    "pos": "名詞,一般,*,*",
                    "pronunciation": "ミチ",
                    "reading": "みち",
                    "surface": "道",
                    "curPos": "n"
                },
                {
                    "base": "の",
                    "pos": "助詞,連体化,*,*",
                    "pronunciation": "ノ",
                    "reading": "",
                    "surface": "の",
                    "curPos": "av"
                },
                {
                    "base": "上",
                    "pos": "名詞,非自立,副詞可能,*",
                    "pronunciation": "ウエ",
                    "reading": "うえ",
                    "surface": "上",
                    "curPos": "n"
                },
                {
                    "base": "を",
                    "pos": "助詞,格助詞,一般,*",
                    "pronunciation": "ヲ",
                    "reading": "",
                    "surface": "を",
                    "curPos": "av"
                }
            ]
        },
        {
            "id": 43,
            "surface": "",
            "words": []
        },
        {
            "id": 44,
            "surface": "意味があるとかないじゃなくて",
            "words": [
                {
                    "base": "意味",
                    "pos": "名詞,サ変接続,*,*",
                    "pronunciation": "イミ",
                    "reading": "いみ",
                    "surface": "意味",
                    "curPos": "n"
                },
                {
                    "base": "が",
                    "pos": "助詞,格助詞,一般,*",
                    "pronunciation": "ガ",
                    "reading": "",
                    "surface": "が",
                    "curPos": "av"
                },
                {
                    "base": "ある",
                    "pos": "動詞,自立,*,*",
                    "pronunciation": "アル",
                    "reading": "",
                    "surface": "ある",
                    "curPos": "v"
                },
                {
                    "base": "とく",
                    "pos": "動詞,非自立,*,*",
                    "pronunciation": "トカ",
                    "reading": "",
                    "surface": "とかない",
                    "curPos": "v"
                },
                {
                    "base": "じゃ",
                    "pos": "助詞,接続助詞,*,*",
                    "pronunciation": "ジャ",
                    "reading": "",
                    "surface": "じゃ",
                    "curPos": "av"
                },
                {
                    "base": "ない",
                    "pos": "形容詞,自立,*,*",
                    "pronunciation": "ナク",
                    "reading": "",
                    "surface": "なく",
                    "curPos": "a"
                },
                {
                    "base": "て",
                    "pos": "助詞,接続助詞,*,*",
                    "pronunciation": "テ",
                    "reading": "",
                    "surface": "て",
                    "curPos": "av"
                }
            ]
        },
        {
            "id": 45,
            "surface": "抑え切れない想いがあれば",
            "words": [
                {
                    "base": "抑える",
                    "pos": "動詞,自立,*,*",
                    "pronunciation": "オサエ",
                    "reading": "おさえ",
                    "surface": "抑え",
                    "curPos": "v"
                },
                {
                    "base": "切れる",
                    "pos": "動詞,非自立,*,*",
                    "pronunciation": "キレ",
                    "reading": "きれない",
                    "surface": "切れない",
                    "curPos": "v"
                },
                {
                    "base": "想い",
                    "pos": "名詞,一般,*,*",
                    "pronunciation": "オモイ",
                    "reading": "おもい",
                    "surface": "想い",
                    "curPos": "n"
                },
                {
                    "base": "が",
                    "pos": "助詞,格助詞,一般,*",
                    "pronunciation": "ガ",
                    "reading": "",
                    "surface": "が",
                    "curPos": "av"
                },
                {
                    "base": "ある",
                    "pos": "動詞,自立,*,*",
                    "pronunciation": "アレ",
                    "reading": "",
                    "surface": "あれ",
                    "curPos": "v"
                },
                {
                    "base": "ば",
                    "pos": "助詞,接続助詞,*,*",
                    "pronunciation": "バ",
                    "reading": "",
                    "surface": "ば",
                    "curPos": "av"
                }
            ]
        },
        {
            "id": 46,
            "surface": "理屈なんてどうでもいいから",
            "words": [
                {
                    "base": "理屈",
                    "pos": "名詞,一般,*,*",
                    "pronunciation": "リクツ",
                    "reading": "りくつ",
                    "surface": "理屈",
                    "curPos": "n"
                },
                {
                    "base": "なんて",
                    "pos": "助詞,副助詞,*,*",
                    "pronunciation": "ナンテ",
                    "reading": "",
                    "surface": "なんて",
                    "curPos": "av"
                },
                {
                    "base": "どう",
                    "pos": "副詞,助詞類接続,*,*",
                    "pronunciation": "ドー",
                    "reading": "",
                    "surface": "どう",
                    "curPos": "adv"
                },
                {
                    "base": "でも",
                    "pos": "助詞,副助詞,*,*",
                    "pronunciation": "デモ",
                    "reading": "",
                    "surface": "でも",
                    "curPos": "av"
                },
                {
                    "base": "いい",
                    "pos": "形容詞,自立,*,*",
                    "pronunciation": "イイ",
                    "reading": "",
                    "surface": "いい",
                    "curPos": "a"
                },
                {
                    "base": "から",
                    "pos": "助詞,接続助詞,*,*",
                    "pronunciation": "カラ",
                    "reading": "",
                    "surface": "から",
                    "curPos": "av"
                }
            ]
        },
        {
            "id": 47,
            "surface": "走れ走れ どんなときも",
            "words": [
                {
                    "base": "走れる",
                    "pos": "動詞,自立,*,*",
                    "pronunciation": "ハシレ",
                    "reading": "はしれ",
                    "surface": "走れ",
                    "curPos": "v"
                },
                {
                    "base": "走る",
                    "pos": "動詞,自立,*,*",
                    "pronunciation": "ハシレ",
                    "reading": "はしれ",
                    "surface": "走れ",
                    "curPos": "v"
                },
                {
                    "base": "どんな",
                    "pos": "連体詞,*,*,*",
                    "pronunciation": "ドンナ",
                    "reading": "",
                    "surface": "どんな",
                    "curPos": "/"
                },
                {
                    "base": "とき",
                    "pos": "名詞,非自立,副詞可能,*",
                    "pronunciation": "トキ",
                    "reading": "",
                    "surface": "とき",
                    "curPos": "n"
                },
                {
                    "base": "も",
                    "pos": "助詞,係助詞,*,*",
                    "pronunciation": "モ",
                    "reading": "",
                    "surface": "も",
                    "curPos": "av"
                }
            ]
        },
        {
            "id": 48,
            "surface": "ありえない向こう側へ 光信じて",
            "words": [
                {
                    "base": "ある",
                    "pos": "動詞,自立,*,*",
                    "pronunciation": "アリ",
                    "reading": "",
                    "surface": "あり",
                    "curPos": "v"
                },
                {
                    "base": "える",
                    "pos": "動詞,非自立,*,*",
                    "pronunciation": "エ",
                    "reading": "",
                    "surface": "えない",
                    "curPos": "v"
                },
                {
                    "base": "向こう",
                    "pos": "名詞,一般,*,*",
                    "pronunciation": "ムコー",
                    "reading": "むこう",
                    "surface": "向こう",
                    "curPos": "n"
                },
                {
                    "base": "側",
                    "pos": "名詞,接尾,一般,*",
                    "pronunciation": "ガワ",
                    "reading": "がわ",
                    "surface": "側",
                    "left": true,
                    "curPos": "n"
                },
                {
                    "base": "へ",
                    "pos": "助詞,格助詞,一般,*",
                    "pronunciation": "エ",
                    "reading": "",
                    "surface": "へ",
                    "curPos": "av"
                },
                {
                    "base": "光",
                    "pos": "名詞,一般,*,*",
                    "pronunciation": "ヒカリ",
                    "reading": "ひかり",
                    "surface": "光",
                    "curPos": "n"
                },
                {
                    "base": "信じる",
                    "pos": "動詞,自立,*,*",
                    "pronunciation": "シンジ",
                    "reading": "しんじて",
                    "surface": "信じて",
                    "curPos": "v"
                }
            ]
        },
        {
            "id": 49,
            "surface": "",
            "words": []
        },
        {
            "id": 50,
            "surface": "思い切りJumpin'up 叫んで",
            "words": [
                {
                    "base": "思い切り",
                    "pos": "副詞,一般,*,*",
                    "pronunciation": "オモイキリ",
                    "reading": "おもいきり",
                    "surface": "思い切り",
                    "curPos": "adv"
                },
                {
                    "base": "*",
                    "pos": "名詞,一般,*,*",
                    "pronunciation": "?",
                    "reading": "",
                    "surface": "Jumpin",
                    "curPos": "n"
                },
                {
                    "base": "*",
                    "pos": "名詞,サ変接続,*,*",
                    "pronunciation": "?",
                    "reading": "",
                    "surface": "'",
                    "curPos": "n"
                },
                {
                    "base": "*",
                    "pos": "名詞,固有名詞,組織,*",
                    "pronunciation": "?",
                    "reading": "",
                    "surface": "up",
                    "curPos": "n"
                },
                {
                    "base": "叫ぶ",
                    "pos": "動詞,自立,*,*",
                    "pronunciation": "サケン",
                    "reading": "さけん",
                    "surface": "叫ん",
                    "curPos": "v"
                },
                {
                    "base": "で",
                    "pos": "助詞,接続助詞,*,*",
                    "pronunciation": "デ",
                    "reading": "",
                    "surface": "で",
                    "curPos": "av"
                }
            ]
        },
        {
            "id": 51,
            "surface": "大胆にChase your chance はじけよう",
            "words": [
                {
                    "base": "大胆",
                    "pos": "名詞,形容動詞語幹,*,*",
                    "pronunciation": "ダイタン",
                    "reading": "だいたん",
                    "surface": "大胆",
                    "curPos": "n"
                },
                {
                    "base": "に",
                    "pos": "助詞,副詞化,*,*",
                    "pronunciation": "ニ",
                    "reading": "",
                    "surface": "に",
                    "curPos": "av"
                },
                {
                    "base": "*",
                    "pos": "名詞,固有名詞,組織,*",
                    "pronunciation": "?",
                    "reading": "",
                    "surface": "Chase",
                    "curPos": "n"
                },
                {
                    "base": "*",
                    "pos": "名詞,固有名詞,組織,*",
                    "pronunciation": "?",
                    "reading": "",
                    "surface": "your",
                    "curPos": "n"
                },
                {
                    "base": "*",
                    "pos": "名詞,固有名詞,組織,*",
                    "pronunciation": "?",
                    "reading": "",
                    "surface": "chance",
                    "curPos": "n"
                },
                {
                    "base": "はじける",
                    "pos": "動詞,自立,*,*",
                    "pronunciation": "ハジケヨ",
                    "reading": "",
                    "surface": "はじけよう",
                    "curPos": "v"
                }
            ]
        },
        {
            "id": 52,
            "surface": "笑ってられる自分がいるなら",
            "words": [
                {
                    "base": "笑う",
                    "pos": "動詞,自立,*,*",
                    "pronunciation": "ワラッ",
                    "reading": "わらって",
                    "surface": "笑って",
                    "curPos": "v"
                },
                {
                    "base": "られる",
                    "pos": "動詞,接尾,*,*",
                    "pronunciation": "ラレル",
                    "reading": "",
                    "surface": "られる",
                    "curPos": "v"
                },
                {
                    "base": "自分",
                    "pos": "名詞,一般,*,*",
                    "pronunciation": "ジブン",
                    "reading": "じぶん",
                    "surface": "自分",
                    "curPos": "n"
                },
                {
                    "base": "が",
                    "pos": "助詞,格助詞,一般,*",
                    "pronunciation": "ガ",
                    "reading": "",
                    "surface": "が",
                    "curPos": "av"
                },
                {
                    "base": "いる",
                    "pos": "動詞,自立,*,*",
                    "pronunciation": "イル",
                    "reading": "",
                    "surface": "いるなら",
                    "curPos": "v"
                }
            ]
        },
        {
            "id": 53,
            "surface": "急げ急げ どんなことも 思い出に変えるくらい",
            "words": [
                {
                    "base": "急げる",
                    "pos": "動詞,自立,*,*",
                    "pronunciation": "イソゲ",
                    "reading": "いそげ",
                    "surface": "急げ",
                    "curPos": "v"
                },
                {
                    "base": "急ぐ",
                    "pos": "動詞,自立,*,*",
                    "pronunciation": "イソゲ",
                    "reading": "いそげ",
                    "surface": "急げ",
                    "curPos": "v"
                },
                {
                    "base": "どんな",
                    "pos": "連体詞,*,*,*",
                    "pronunciation": "ドンナ",
                    "reading": "",
                    "surface": "どんな",
                    "curPos": "/"
                },
                {
                    "base": "こと",
                    "pos": "名詞,非自立,一般,*",
                    "pronunciation": "コト",
                    "reading": "",
                    "surface": "こと",
                    "curPos": "n"
                },
                {
                    "base": "も",
                    "pos": "助詞,係助詞,*,*",
                    "pronunciation": "モ",
                    "reading": "",
                    "surface": "も",
                    "curPos": "av"
                },
                {
                    "base": "思い出",
                    "pos": "名詞,一般,*,*",
                    "pronunciation": "オモイデ",
                    "reading": "おもいで",
                    "surface": "思い出",
                    "curPos": "n"
                },
                {
                    "base": "に",
                    "pos": "助詞,格助詞,一般,*",
                    "pronunciation": "ニ",
                    "reading": "",
                    "surface": "に",
                    "curPos": "av"
                },
                {
                    "base": "変える",
                    "pos": "動詞,自立,*,*",
                    "pronunciation": "カエル",
                    "reading": "かえる",
                    "surface": "変える",
                    "curPos": "v"
                },
                {
                    "base": "くらい",
                    "pos": "助詞,副助詞,*,*",
                    "pronunciation": "クライ",
                    "reading": "",
                    "surface": "くらい",
                    "curPos": "av"
                }
            ]
        },
        {
            "id": 54,
            "surface": "強くなるのさ Try now!",
            "words": [
                {
                    "base": "強い",
                    "pos": "形容詞,自立,*,*",
                    "pronunciation": "ツヨク",
                    "reading": "つよく",
                    "surface": "強く",
                    "curPos": "a"
                },
                {
                    "base": "なる",
                    "pos": "動詞,自立,*,*",
                    "pronunciation": "ナル",
                    "reading": "",
                    "surface": "なる",
                    "curPos": "v"
                },
                {
                    "base": "の",
                    "pos": "名詞,非自立,一般,*",
                    "pronunciation": "ノ",
                    "reading": "",
                    "surface": "の",
                    "curPos": "n"
                },
                {
                    "base": "さ",
                    "pos": "助詞,終助詞,*,*",
                    "pronunciation": "サ",
                    "reading": "",
                    "surface": "さ",
                    "curPos": "av"
                },
                {
                    "base": "*",
                    "pos": "名詞,固有名詞,組織,*",
                    "pronunciation": "?",
                    "reading": "",
                    "surface": "Try",
                    "curPos": "n"
                },
                {
                    "base": "*",
                    "pos": "名詞,固有名詞,組織,*",
                    "pronunciation": "?",
                    "reading": "",
                    "surface": "now",
                    "curPos": "n"
                },
                {
                    "base": "*",
                    "pos": "名詞,サ変接続,*,*",
                    "pronunciation": "?",
                    "reading": "",
                    "surface": "!",
                    "curPos": "n"
                }
            ]
        },
        {
            "id": 55,
            "surface": "",
            "words": []
        }
    ],
    "pureLrc": [
        "土砂降りの世界を抜けて",
        "（Oh Oh 退屈をBreak down）",
        "火のついた衝動 確かめるなら（飛ばせHeartbeat)",
        "辻褄の合わない感情",
        "（Oh Oh 曖昧なFeeling)",
        "容赦ない現実 戦うしかない",
        "",
        "変わらない日々の中で 変えようとしない",
        "自分にFarewell 背を向け今すぐ",
        "",
        "思い切りJumpin'up 叫んで",
        "大胆にChase your chance はじけよう",
        "理屈なんてどうでもいいから",
        "走れ走れ どんなときも",
        "ありえない向う側へ 光信じて",
        "Try now!",
        "",
        "灼熱の風に吹かれて",
        "（Oh Oh 憧れたBreak away)",
        "燃え上がる感動 求めてるなら（叫べTrue voice)",
        "溜め息で膨らむ時代",
        "（Oh Oh 破裂するDaydream)",
        "しぼんでく情熱 守るしかない",
        "",
        "大切な人を前に",
        "逃げ出した弱い自分にFarewell",
        "戻らないよ もう",
        "",
        "思い切りJumpin'up 叫んで",
        "大胆にChase your chance はじけよう",
        "笑ってられる自分がいるなら",
        "急げ急げ どんなことも",
        "思い出に変えるくらい 強くなるのさ",
        "Try now!",
        "",
        "目には見えないその心で探そう…",
        "常識や非常識を超えて",
        "限界より先へ 3. 2. 1, Go!",
        "",
        "立ち向かいさえすれば Oh Oh Oh",
        "変わっていく運命は Let's go! (Let's go!)",
        "Right now! (Right now!）",
        "道無き道の上を",
        "",
        "意味があるとかないじゃなくて",
        "抑え切れない想いがあれば",
        "理屈なんてどうでもいいから",
        "走れ走れ どんなときも",
        "ありえない向こう側へ 光信じて",
        "",
        "思い切りJumpin'up 叫んで",
        "大胆にChase your chance はじけよう",
        "笑ってられる自分がいるなら",
        "急げ急げ どんなことも 思い出に変えるくらい",
        "強くなるのさ Try now!",
        ""
    ]
}