{
    "name": "INFINITY",
    "artist": [
        "Hey!Say!JUMP"
    ],
    "producer": [
        {
            "label": "作詞",
            "value": [
                "八乙女光"
            ]
        },
        {
            "label": "作曲",
            "value": [
                "内田智之"
            ]
        }
    ],
    "lrc": [
        {
            "id": 0,
            "surface": "さあ 望んだ夢を目指すんだ 分からない答えを解くように",
            "words": [
                {
                    "base": "さあ",
                    "pos": "感動詞,*,*,*",
                    "pronunciation": "サー",
                    "reading": "",
                    "surface": "さあ",
                    "curPos": "/"
                },
                {
                    "base": "望む",
                    "pos": "動詞,自立,*,*",
                    "pronunciation": "ノゾン",
                    "reading": "のぞんだ",
                    "surface": "望んだ",
                    "curPos": "v"
                },
                {
                    "base": "夢",
                    "pos": "名詞,一般,*,*",
                    "pronunciation": "ユメ",
                    "reading": "ゆめ",
                    "surface": "夢",
                    "curPos": "n"
                },
                {
                    "base": "を",
                    "pos": "助詞,格助詞,一般,*",
                    "pronunciation": "ヲ",
                    "reading": "",
                    "surface": "を",
                    "curPos": "av"
                },
                {
                    "base": "目指す",
                    "pos": "動詞,自立,*,*",
                    "pronunciation": "メザス",
                    "reading": "めざす",
                    "surface": "目指す",
                    "curPos": "v"
                },
                {
                    "base": "ん",
                    "pos": "名詞,非自立,一般,*",
                    "pronunciation": "ン",
                    "reading": "",
                    "surface": "ん",
                    "curPos": "n"
                },
                {
                    "base": "だ",
                    "pos": "助動詞,*,*,*",
                    "pronunciation": "ダ",
                    "reading": "",
                    "surface": "だ",
                    "curPos": "mv"
                },
                {
                    "base": "分かる",
                    "pos": "動詞,自立,*,*",
                    "pronunciation": "ワカラ",
                    "reading": "わからない",
                    "surface": "分からない",
                    "curPos": "v"
                },
                {
                    "base": "答え",
                    "pos": "名詞,一般,*,*",
                    "pronunciation": "コタエ",
                    "reading": "こたえ",
                    "surface": "答え",
                    "curPos": "n"
                },
                {
                    "base": "を",
                    "pos": "助詞,格助詞,一般,*",
                    "pronunciation": "ヲ",
                    "reading": "",
                    "surface": "を",
                    "curPos": "av"
                },
                {
                    "base": "解く",
                    "pos": "動詞,自立,*,*",
                    "pronunciation": "トク",
                    "reading": "とくよう",
                    "surface": "解くよう",
                    "curPos": "v"
                },
                {
                    "base": "に",
                    "pos": "助詞,副詞化,*,*",
                    "pronunciation": "ニ",
                    "reading": "",
                    "surface": "に",
                    "curPos": "av"
                }
            ]
        },
        {
            "id": 1,
            "surface": "ただ 信じるだけじゃ叶わない そんなことちゃんと分かってる",
            "words": [
                {
                    "base": "ただ",
                    "pos": "接続詞,*,*,*",
                    "pronunciation": "タダ",
                    "reading": "",
                    "surface": "ただ",
                    "curPos": "/"
                },
                {
                    "base": "信じる",
                    "pos": "動詞,自立,*,*",
                    "pronunciation": "シンジル",
                    "reading": "しんじる",
                    "surface": "信じる",
                    "curPos": "v"
                },
                {
                    "base": "だけ",
                    "pos": "助詞,副助詞,*,*",
                    "pronunciation": "ダケ",
                    "reading": "",
                    "surface": "だけ",
                    "curPos": "av"
                },
                {
                    "base": "じゃ",
                    "pos": "助詞,副助詞,*,*",
                    "pronunciation": "ジャ",
                    "reading": "",
                    "surface": "じゃ",
                    "curPos": "av"
                },
                {
                    "base": "叶う",
                    "pos": "動詞,自立,*,*",
                    "pronunciation": "カナワ",
                    "reading": "かなわない",
                    "surface": "叶わない",
                    "curPos": "v"
                },
                {
                    "base": "そんな",
                    "pos": "連体詞,*,*,*",
                    "pronunciation": "ソンナ",
                    "reading": "",
                    "surface": "そんな",
                    "curPos": "/"
                },
                {
                    "base": "こと",
                    "pos": "名詞,非自立,一般,*",
                    "pronunciation": "コト",
                    "reading": "",
                    "surface": "こと",
                    "curPos": "n"
                },
                {
                    "base": "ちゃんと",
                    "pos": "副詞,一般,*,*",
                    "pronunciation": "チャント",
                    "reading": "",
                    "surface": "ちゃんと",
                    "curPos": "adv"
                },
                {
                    "base": "分かる",
                    "pos": "動詞,自立,*,*",
                    "pronunciation": "ワカッ",
                    "reading": "わかっ",
                    "surface": "分かっ",
                    "curPos": "v"
                },
                {
                    "base": "てる",
                    "pos": "動詞,非自立,*,*",
                    "pronunciation": "テル",
                    "reading": "",
                    "surface": "てる",
                    "curPos": "v"
                }
            ]
        },
        {
            "id": 2,
            "surface": "",
            "words": []
        },
        {
            "id": 3,
            "surface": "才能って どこからか降ってくるもんじゃない",
            "words": [
                {
                    "base": "才能",
                    "pos": "名詞,一般,*,*",
                    "pronunciation": "サイノー",
                    "reading": "さいのう",
                    "surface": "才能",
                    "curPos": "n"
                },
                {
                    "base": "って",
                    "pos": "助詞,格助詞,連語,*",
                    "pronunciation": "ッテ",
                    "reading": "",
                    "surface": "って",
                    "curPos": "av"
                },
                {
                    "base": "どこ",
                    "pos": "名詞,代名詞,一般,*",
                    "pronunciation": "ドコ",
                    "reading": "",
                    "surface": "どこ",
                    "curPos": "/"
                },
                {
                    "base": "から",
                    "pos": "助詞,格助詞,一般,*",
                    "pronunciation": "カラ",
                    "reading": "",
                    "surface": "から",
                    "curPos": "av"
                },
                {
                    "base": "か",
                    "pos": "助詞,副助詞／並立助詞／終助詞,*,*",
                    "pronunciation": "カ",
                    "reading": "",
                    "surface": "か",
                    "curPos": "av"
                },
                {
                    "base": "降る",
                    "pos": "動詞,自立,*,*",
                    "pronunciation": "フッ",
                    "reading": "ふって",
                    "surface": "降って",
                    "curPos": "v"
                },
                {
                    "base": "くる",
                    "pos": "動詞,非自立,*,*",
                    "pronunciation": "クル",
                    "reading": "",
                    "surface": "くる",
                    "curPos": "v"
                },
                {
                    "base": "もん",
                    "pos": "名詞,非自立,一般,*",
                    "pronunciation": "モン",
                    "reading": "",
                    "surface": "もん",
                    "curPos": "n"
                },
                {
                    "base": "じゃ",
                    "pos": "助詞,副助詞,*,*",
                    "pronunciation": "ジャ",
                    "reading": "",
                    "surface": "じゃ",
                    "curPos": "av"
                },
                {
                    "base": "ない",
                    "pos": "助動詞,*,*,*",
                    "pronunciation": "ナイ",
                    "reading": "",
                    "surface": "ない",
                    "curPos": "mv"
                }
            ]
        },
        {
            "id": 4,
            "surface": "花のように いつも笑ってれば きっと見つかる",
            "words": [
                {
                    "base": "花",
                    "pos": "名詞,一般,*,*",
                    "pronunciation": "ハナ",
                    "reading": "はな",
                    "surface": "花",
                    "curPos": "n"
                },
                {
                    "base": "の",
                    "pos": "助詞,連体化,*,*",
                    "pronunciation": "ノ",
                    "reading": "",
                    "surface": "の",
                    "curPos": "av"
                },
                {
                    "base": "よう",
                    "pos": "名詞,非自立,助動詞語幹,*",
                    "pronunciation": "ヨー",
                    "reading": "",
                    "surface": "よう",
                    "curPos": "n"
                },
                {
                    "base": "に",
                    "pos": "助詞,副詞化,*,*",
                    "pronunciation": "ニ",
                    "reading": "",
                    "surface": "に",
                    "curPos": "av"
                },
                {
                    "base": "いつも",
                    "pos": "副詞,一般,*,*",
                    "pronunciation": "イツモ",
                    "reading": "",
                    "surface": "いつも",
                    "curPos": "adv"
                },
                {
                    "base": "笑う",
                    "pos": "動詞,自立,*,*",
                    "pronunciation": "ワラッ",
                    "reading": "わらっ",
                    "surface": "笑っ",
                    "curPos": "v"
                },
                {
                    "base": "てる",
                    "pos": "動詞,非自立,*,*",
                    "pronunciation": "テレ",
                    "reading": "",
                    "surface": "てれ",
                    "curPos": "v"
                },
                {
                    "base": "ば",
                    "pos": "助詞,接続助詞,*,*",
                    "pronunciation": "バ",
                    "reading": "",
                    "surface": "ば",
                    "curPos": "av"
                },
                {
                    "base": "きっと",
                    "pos": "副詞,一般,*,*",
                    "pronunciation": "キット",
                    "reading": "",
                    "surface": "きっと",
                    "curPos": "adv"
                },
                {
                    "base": "見つかる",
                    "pos": "動詞,自立,*,*",
                    "pronunciation": "ミツカル",
                    "reading": "みつかる",
                    "surface": "見つかる",
                    "curPos": "v"
                }
            ]
        },
        {
            "id": 5,
            "surface": "",
            "words": []
        },
        {
            "id": 6,
            "surface": "もっともっと この手伸ばそう",
            "words": [
                {
                    "base": "もっと",
                    "pos": "副詞,一般,*,*",
                    "pronunciation": "モット",
                    "reading": "",
                    "surface": "もっと",
                    "curPos": "adv"
                },
                {
                    "base": "もっと",
                    "pos": "副詞,一般,*,*",
                    "pronunciation": "モット",
                    "reading": "",
                    "surface": "もっと",
                    "curPos": "adv"
                },
                {
                    "base": "この",
                    "pos": "連体詞,*,*,*",
                    "pronunciation": "コノ",
                    "reading": "",
                    "surface": "この",
                    "curPos": "/"
                },
                {
                    "base": "手",
                    "pos": "名詞,一般,*,*",
                    "pronunciation": "テ",
                    "reading": "て",
                    "surface": "手",
                    "curPos": "n"
                },
                {
                    "base": "伸ばす",
                    "pos": "動詞,自立,*,*",
                    "pronunciation": "ノバソ",
                    "reading": "のばそう",
                    "surface": "伸ばそう",
                    "curPos": "v"
                }
            ]
        },
        {
            "id": 7,
            "surface": "Never never give up. Oh yeah",
            "words": [
                {
                    "base": "*",
                    "pos": "名詞,固有名詞,組織,*",
                    "pronunciation": "?",
                    "reading": "",
                    "surface": "Never",
                    "curPos": "n"
                },
                {
                    "base": "*",
                    "pos": "名詞,固有名詞,組織,*",
                    "pronunciation": "?",
                    "reading": "",
                    "surface": "never",
                    "curPos": "n"
                },
                {
                    "base": "*",
                    "pos": "名詞,固有名詞,組織,*",
                    "pronunciation": "?",
                    "reading": "",
                    "surface": "give",
                    "curPos": "n"
                },
                {
                    "base": "*",
                    "pos": "名詞,固有名詞,組織,*",
                    "pronunciation": "?",
                    "reading": "",
                    "surface": "up",
                    "curPos": "n"
                },
                {
                    "base": "*",
                    "pos": "名詞,サ変接続,*,*",
                    "pronunciation": "?",
                    "reading": "",
                    "surface": ".",
                    "curPos": "/",
                    "left": true
                },
                {
                    "base": "*",
                    "pos": "名詞,固有名詞,組織,*",
                    "pronunciation": "?",
                    "reading": "",
                    "surface": "Oh",
                    "curPos": "n"
                },
                {
                    "base": "*",
                    "pos": "名詞,固有名詞,組織,*",
                    "pronunciation": "?",
                    "reading": "",
                    "surface": "yeah",
                    "curPos": "n"
                }
            ]
        },
        {
            "id": 8,
            "surface": "荒波もおそれずにいま向かうのさ 高いそのステージ",
            "words": [
                {
                    "base": "荒波",
                    "pos": "名詞,一般,*,*",
                    "pronunciation": "アラナミ",
                    "reading": "あらなみ",
                    "surface": "荒波",
                    "curPos": "n"
                },
                {
                    "base": "も",
                    "pos": "助詞,係助詞,*,*",
                    "pronunciation": "モ",
                    "reading": "",
                    "surface": "も",
                    "curPos": "av"
                },
                {
                    "base": "おそれる",
                    "pos": "動詞,自立,*,*",
                    "pronunciation": "オソレ",
                    "reading": "",
                    "surface": "おそれず",
                    "curPos": "v"
                },
                {
                    "base": "に",
                    "pos": "助詞,格助詞,一般,*",
                    "pronunciation": "ニ",
                    "reading": "",
                    "surface": "に",
                    "curPos": "av"
                },
                {
                    "base": "いま",
                    "pos": "名詞,副詞可能,*,*",
                    "pronunciation": "イマ",
                    "reading": "",
                    "surface": "いま",
                    "curPos": "n"
                },
                {
                    "base": "向かう",
                    "pos": "動詞,自立,*,*",
                    "pronunciation": "ムカウ",
                    "reading": "むかう",
                    "surface": "向かう",
                    "curPos": "v"
                },
                {
                    "base": "の",
                    "pos": "名詞,非自立,一般,*",
                    "pronunciation": "ノ",
                    "reading": "",
                    "surface": "の",
                    "curPos": "n"
                },
                {
                    "base": "さ",
                    "pos": "助詞,終助詞,*,*",
                    "pronunciation": "サ",
                    "reading": "",
                    "surface": "さ",
                    "curPos": "av"
                },
                {
                    "base": "高い",
                    "pos": "形容詞,自立,*,*",
                    "pronunciation": "タカイ",
                    "reading": "たかい",
                    "surface": "高い",
                    "curPos": "a"
                },
                {
                    "base": "その",
                    "pos": "連体詞,*,*,*",
                    "pronunciation": "ソノ",
                    "reading": "",
                    "surface": "その",
                    "curPos": "/"
                },
                {
                    "base": "ステージ",
                    "pos": "名詞,一般,*,*",
                    "pronunciation": "ステージ",
                    "reading": "",
                    "surface": "ステージ",
                    "curPos": "n"
                }
            ]
        },
        {
            "id": 9,
            "surface": "もっともっと 自分磨こう",
            "words": [
                {
                    "base": "もっと",
                    "pos": "副詞,一般,*,*",
                    "pronunciation": "モット",
                    "reading": "",
                    "surface": "もっと",
                    "curPos": "adv"
                },
                {
                    "base": "もっと",
                    "pos": "副詞,一般,*,*",
                    "pronunciation": "モット",
                    "reading": "",
                    "surface": "もっと",
                    "curPos": "adv"
                },
                {
                    "base": "自分",
                    "pos": "名詞,一般,*,*",
                    "pronunciation": "ジブン",
                    "reading": "じぶん",
                    "surface": "自分",
                    "curPos": "n"
                },
                {
                    "base": "磨く",
                    "pos": "動詞,自立,*,*",
                    "pronunciation": "ミガコ",
                    "reading": "みがこう",
                    "surface": "磨こう",
                    "curPos": "v"
                }
            ]
        },
        {
            "id": 10,
            "surface": "Never never give up. Oh yeah",
            "words": [
                {
                    "base": "*",
                    "pos": "名詞,固有名詞,組織,*",
                    "pronunciation": "?",
                    "reading": "",
                    "surface": "Never",
                    "curPos": "n"
                },
                {
                    "base": "*",
                    "pos": "名詞,固有名詞,組織,*",
                    "pronunciation": "?",
                    "reading": "",
                    "surface": "never",
                    "curPos": "n"
                },
                {
                    "base": "*",
                    "pos": "名詞,固有名詞,組織,*",
                    "pronunciation": "?",
                    "reading": "",
                    "surface": "give",
                    "curPos": "n"
                },
                {
                    "base": "*",
                    "pos": "名詞,固有名詞,組織,*",
                    "pronunciation": "?",
                    "reading": "",
                    "surface": "up",
                    "curPos": "n"
                },
                {
                    "base": "*",
                    "pos": "名詞,サ変接続,*,*",
                    "pronunciation": "?",
                    "reading": "",
                    "surface": ".",
                    "curPos": "/",
                    "left": true
                },
                {
                    "base": "*",
                    "pos": "名詞,固有名詞,組織,*",
                    "pronunciation": "?",
                    "reading": "",
                    "surface": "Oh",
                    "curPos": "n"
                },
                {
                    "base": "*",
                    "pos": "名詞,固有名詞,組織,*",
                    "pronunciation": "?",
                    "reading": "",
                    "surface": "yeah",
                    "curPos": "n"
                }
            ]
        },
        {
            "id": 11,
            "surface": "求め続ける事が 一番大切だから",
            "words": [
                {
                    "base": "求める",
                    "pos": "動詞,自立,*,*",
                    "pronunciation": "モトメ",
                    "reading": "もとめ",
                    "surface": "求め",
                    "curPos": "v"
                },
                {
                    "base": "続ける",
                    "pos": "動詞,非自立,*,*",
                    "pronunciation": "ツズケル",
                    "reading": "つづける",
                    "surface": "続ける",
                    "curPos": "v"
                },
                {
                    "base": "事",
                    "pos": "名詞,非自立,一般,*",
                    "pronunciation": "コト",
                    "reading": "こと",
                    "surface": "事",
                    "curPos": "n"
                },
                {
                    "base": "が",
                    "pos": "助詞,格助詞,一般,*",
                    "pronunciation": "ガ",
                    "reading": "",
                    "surface": "が",
                    "curPos": "av"
                },
                {
                    "base": "一番",
                    "pos": "名詞,副詞可能,*,*",
                    "pronunciation": "イチバン",
                    "reading": "いちばん",
                    "surface": "一番",
                    "curPos": "n"
                },
                {
                    "base": "大切",
                    "pos": "名詞,形容動詞語幹,*,*",
                    "pronunciation": "タイセツ",
                    "reading": "たいせつ",
                    "surface": "大切",
                    "curPos": "n"
                },
                {
                    "base": "だ",
                    "pos": "助動詞,*,*,*",
                    "pronunciation": "ダ",
                    "reading": "",
                    "surface": "だ",
                    "curPos": "mv"
                },
                {
                    "base": "から",
                    "pos": "助詞,接続助詞,*,*",
                    "pronunciation": "カラ",
                    "reading": "",
                    "surface": "から",
                    "curPos": "av"
                }
            ]
        },
        {
            "id": 12,
            "surface": "",
            "words": []
        },
        {
            "id": 13,
            "surface": "想像以上のものが生まれるよ 僕ら可能性無限大",
            "words": [
                {
                    "base": "想像",
                    "pos": "名詞,サ変接続,*,*",
                    "pronunciation": "ソーゾー",
                    "reading": "そうぞう",
                    "surface": "想像",
                    "curPos": "n"
                },
                {
                    "base": "以上",
                    "pos": "名詞,非自立,副詞可能,*",
                    "pronunciation": "イジョー",
                    "reading": "いじょう",
                    "surface": "以上",
                    "curPos": "n"
                },
                {
                    "base": "の",
                    "pos": "助詞,連体化,*,*",
                    "pronunciation": "ノ",
                    "reading": "",
                    "surface": "の",
                    "curPos": "av"
                },
                {
                    "base": "もの",
                    "pos": "名詞,非自立,一般,*",
                    "pronunciation": "モノ",
                    "reading": "",
                    "surface": "もの",
                    "curPos": "n"
                },
                {
                    "base": "が",
                    "pos": "助詞,格助詞,一般,*",
                    "pronunciation": "ガ",
                    "reading": "",
                    "surface": "が",
                    "curPos": "av"
                },
                {
                    "base": "生まれる",
                    "pos": "動詞,自立,*,*",
                    "pronunciation": "ウマレル",
                    "reading": "うまれる",
                    "surface": "生まれる",
                    "curPos": "v"
                },
                {
                    "base": "よ",
                    "pos": "助詞,終助詞,*,*",
                    "pronunciation": "ヨ",
                    "reading": "",
                    "surface": "よ",
                    "curPos": "av"
                },
                {
                    "base": "僕ら",
                    "pos": "名詞,代名詞,一般,*",
                    "pronunciation": "ボクラ",
                    "reading": "ぼくら",
                    "surface": "僕ら",
                    "curPos": "/"
                },
                {
                    "base": "可能",
                    "pos": "名詞,形容動詞語幹,*,*",
                    "pronunciation": "カノー",
                    "reading": "かのう",
                    "surface": "可能",
                    "curPos": "n"
                },
                {
                    "base": "性",
                    "pos": "名詞,接尾,一般,*",
                    "pronunciation": "セイ",
                    "reading": "せい",
                    "surface": "性",
                    "left": true,
                    "curPos": "n"
                },
                {
                    "base": "無限",
                    "pos": "名詞,形容動詞語幹,*,*",
                    "pronunciation": "ムゲン",
                    "reading": "むげん",
                    "surface": "無限",
                    "curPos": "n"
                },
                {
                    "base": "大",
                    "pos": "名詞,接尾,一般,*",
                    "pronunciation": "ダイ",
                    "reading": "だい",
                    "surface": "大",
                    "left": true,
                    "curPos": "n"
                }
            ]
        },
        {
            "id": 14,
            "surface": "",
            "words": []
        },
        {
            "id": 15,
            "surface": "同じ歌唄ってた あの頃のように",
            "words": [
                {
                    "base": "同じ",
                    "pos": "連体詞,*,*,*",
                    "pronunciation": "オナジ",
                    "reading": "おなじ",
                    "surface": "同じ",
                    "curPos": "/"
                },
                {
                    "base": "歌",
                    "pos": "名詞,一般,*,*",
                    "pronunciation": "ウタ",
                    "reading": "うた",
                    "surface": "歌",
                    "curPos": "n"
                },
                {
                    "base": "唄う",
                    "pos": "動詞,自立,*,*",
                    "pronunciation": "ウタッ",
                    "reading": "うたってた",
                    "surface": "唄ってた",
                    "curPos": "v"
                },
                {
                    "base": "あの",
                    "pos": "連体詞,*,*,*",
                    "pronunciation": "アノ",
                    "reading": "",
                    "surface": "あの",
                    "curPos": "/"
                },
                {
                    "base": "頃",
                    "pos": "名詞,非自立,副詞可能,*",
                    "pronunciation": "コロ",
                    "reading": "ころ",
                    "surface": "頃",
                    "curPos": "n"
                },
                {
                    "base": "の",
                    "pos": "助詞,連体化,*,*",
                    "pronunciation": "ノ",
                    "reading": "",
                    "surface": "の",
                    "curPos": "av"
                },
                {
                    "base": "よう",
                    "pos": "名詞,非自立,助動詞語幹,*",
                    "pronunciation": "ヨー",
                    "reading": "",
                    "surface": "よう",
                    "curPos": "n"
                },
                {
                    "base": "に",
                    "pos": "助詞,副詞化,*,*",
                    "pronunciation": "ニ",
                    "reading": "",
                    "surface": "に",
                    "curPos": "av"
                }
            ]
        },
        {
            "id": 16,
            "surface": "希望だけ見つめてた瞳で もう一度飛んで行こう",
            "words": [
                {
                    "base": "希望",
                    "pos": "名詞,サ変接続,*,*",
                    "pronunciation": "キボー",
                    "reading": "きぼう",
                    "surface": "希望",
                    "curPos": "n"
                },
                {
                    "base": "だけ",
                    "pos": "助詞,副助詞,*,*",
                    "pronunciation": "ダケ",
                    "reading": "",
                    "surface": "だけ",
                    "curPos": "av"
                },
                {
                    "base": "見つめる",
                    "pos": "動詞,自立,*,*",
                    "pronunciation": "ミツメ",
                    "reading": "みつめてた",
                    "surface": "見つめてた",
                    "curPos": "v"
                },
                {
                    "base": "瞳",
                    "pos": "名詞,一般,*,*",
                    "pronunciation": "ヒトミ",
                    "reading": "ひとみ",
                    "surface": "瞳",
                    "curPos": "n"
                },
                {
                    "base": "で",
                    "pos": "助詞,格助詞,一般,*",
                    "pronunciation": "デ",
                    "reading": "",
                    "surface": "で",
                    "curPos": "av"
                },
                {
                    "base": "もう一度",
                    "pos": "副詞,一般,*,*",
                    "pronunciation": "モーイチド",
                    "reading": "もういちど",
                    "surface": "もう一度",
                    "curPos": "adv"
                },
                {
                    "base": "飛ぶ",
                    "pos": "動詞,自立,*,*",
                    "pronunciation": "トン",
                    "reading": "とん",
                    "surface": "飛ん",
                    "curPos": "v"
                },
                {
                    "base": "で",
                    "pos": "助詞,接続助詞,*,*",
                    "pronunciation": "デ",
                    "reading": "",
                    "surface": "で",
                    "curPos": "av"
                },
                {
                    "base": "行く",
                    "pos": "動詞,非自立,*,*",
                    "pronunciation": "イコ",
                    "reading": "いこう",
                    "surface": "行こう",
                    "curPos": "v"
                }
            ]
        },
        {
            "id": 17,
            "surface": "",
            "words": []
        },
        {
            "id": 18,
            "surface": "ずっとずっと この手伸ばそう",
            "words": [
                {
                    "base": "ずっと",
                    "pos": "副詞,一般,*,*",
                    "pronunciation": "ズット",
                    "reading": "",
                    "surface": "ずっと",
                    "curPos": "adv"
                },
                {
                    "base": "ずっと",
                    "pos": "副詞,一般,*,*",
                    "pronunciation": "ズット",
                    "reading": "",
                    "surface": "ずっと",
                    "curPos": "adv"
                },
                {
                    "base": "この",
                    "pos": "連体詞,*,*,*",
                    "pronunciation": "コノ",
                    "reading": "",
                    "surface": "この",
                    "curPos": "/"
                },
                {
                    "base": "手",
                    "pos": "名詞,一般,*,*",
                    "pronunciation": "テ",
                    "reading": "て",
                    "surface": "手",
                    "curPos": "n"
                },
                {
                    "base": "伸ばす",
                    "pos": "動詞,自立,*,*",
                    "pronunciation": "ノバソ",
                    "reading": "のばそう",
                    "surface": "伸ばそう",
                    "curPos": "v"
                }
            ]
        },
        {
            "id": 19,
            "surface": "Never never give up. Oh yeah",
            "words": [
                {
                    "base": "*",
                    "pos": "名詞,固有名詞,組織,*",
                    "pronunciation": "?",
                    "reading": "",
                    "surface": "Never",
                    "curPos": "n"
                },
                {
                    "base": "*",
                    "pos": "名詞,固有名詞,組織,*",
                    "pronunciation": "?",
                    "reading": "",
                    "surface": "never",
                    "curPos": "n"
                },
                {
                    "base": "*",
                    "pos": "名詞,固有名詞,組織,*",
                    "pronunciation": "?",
                    "reading": "",
                    "surface": "give",
                    "curPos": "n"
                },
                {
                    "base": "*",
                    "pos": "名詞,固有名詞,組織,*",
                    "pronunciation": "?",
                    "reading": "",
                    "surface": "up",
                    "curPos": "n"
                },
                {
                    "base": "*",
                    "pos": "名詞,サ変接続,*,*",
                    "pronunciation": "?",
                    "reading": "",
                    "surface": ".",
                    "curPos": "/",
                    "left": true
                },
                {
                    "base": "*",
                    "pos": "名詞,固有名詞,組織,*",
                    "pronunciation": "?",
                    "reading": "",
                    "surface": "Oh",
                    "curPos": "n"
                },
                {
                    "base": "*",
                    "pos": "名詞,固有名詞,組織,*",
                    "pronunciation": "?",
                    "reading": "",
                    "surface": "yeah",
                    "curPos": "n"
                }
            ]
        },
        {
            "id": 20,
            "surface": "くやしさの数の分だけ近づくよ 夢見てたステージ",
            "words": [
                {
                    "base": "くやしい",
                    "pos": "形容詞,自立,*,*",
                    "pronunciation": "クヤシ",
                    "reading": "",
                    "surface": "くやし",
                    "curPos": "a"
                },
                {
                    "base": "さ",
                    "pos": "名詞,接尾,特殊,*",
                    "pronunciation": "サ",
                    "reading": "",
                    "surface": "さ",
                    "left": true,
                    "curPos": "n"
                },
                {
                    "base": "の",
                    "pos": "助詞,連体化,*,*",
                    "pronunciation": "ノ",
                    "reading": "",
                    "surface": "の",
                    "curPos": "av"
                },
                {
                    "base": "数",
                    "pos": "名詞,一般,*,*",
                    "pronunciation": "カズ",
                    "reading": "かず",
                    "surface": "数",
                    "curPos": "n"
                },
                {
                    "base": "の",
                    "pos": "助詞,連体化,*,*",
                    "pronunciation": "ノ",
                    "reading": "",
                    "surface": "の",
                    "curPos": "av"
                },
                {
                    "base": "分",
                    "pos": "名詞,接尾,一般,*",
                    "pronunciation": "ブン",
                    "reading": "ぶん",
                    "surface": "分",
                    "left": true,
                    "curPos": "n"
                },
                {
                    "base": "だけ",
                    "pos": "助詞,副助詞,*,*",
                    "pronunciation": "ダケ",
                    "reading": "",
                    "surface": "だけ",
                    "curPos": "av"
                },
                {
                    "base": "近づく",
                    "pos": "動詞,自立,*,*",
                    "pronunciation": "チカズク",
                    "reading": "ちかづく",
                    "surface": "近づく",
                    "curPos": "v"
                },
                {
                    "base": "よ",
                    "pos": "助詞,終助詞,*,*",
                    "pronunciation": "ヨ",
                    "reading": "",
                    "surface": "よ",
                    "curPos": "av"
                },
                {
                    "base": "夢見る",
                    "pos": "動詞,自立,*,*",
                    "pronunciation": "ユメミ",
                    "reading": "ゆめみてた",
                    "surface": "夢見てた",
                    "curPos": "v"
                },
                {
                    "base": "ステージ",
                    "pos": "名詞,一般,*,*",
                    "pronunciation": "ステージ",
                    "reading": "",
                    "surface": "ステージ",
                    "curPos": "n"
                }
            ]
        },
        {
            "id": 21,
            "surface": "ずっとずっと 願い磨こう",
            "words": [
                {
                    "base": "ずっと",
                    "pos": "副詞,一般,*,*",
                    "pronunciation": "ズット",
                    "reading": "",
                    "surface": "ずっと",
                    "curPos": "adv"
                },
                {
                    "base": "ずっと",
                    "pos": "副詞,一般,*,*",
                    "pronunciation": "ズット",
                    "reading": "",
                    "surface": "ずっと",
                    "curPos": "adv"
                },
                {
                    "base": "願い",
                    "pos": "名詞,一般,*,*",
                    "pronunciation": "ネガイ",
                    "reading": "ねがい",
                    "surface": "願い",
                    "curPos": "n"
                },
                {
                    "base": "磨く",
                    "pos": "動詞,自立,*,*",
                    "pronunciation": "ミガコ",
                    "reading": "みがこう",
                    "surface": "磨こう",
                    "curPos": "v"
                }
            ]
        },
        {
            "id": 22,
            "surface": "Never never give up. Oh yeah",
            "words": [
                {
                    "base": "*",
                    "pos": "名詞,固有名詞,組織,*",
                    "pronunciation": "?",
                    "reading": "",
                    "surface": "Never",
                    "curPos": "n"
                },
                {
                    "base": "*",
                    "pos": "名詞,固有名詞,組織,*",
                    "pronunciation": "?",
                    "reading": "",
                    "surface": "never",
                    "curPos": "n"
                },
                {
                    "base": "*",
                    "pos": "名詞,固有名詞,組織,*",
                    "pronunciation": "?",
                    "reading": "",
                    "surface": "give",
                    "curPos": "n"
                },
                {
                    "base": "*",
                    "pos": "名詞,固有名詞,組織,*",
                    "pronunciation": "?",
                    "reading": "",
                    "surface": "up",
                    "curPos": "n"
                },
                {
                    "base": "*",
                    "pos": "名詞,サ変接続,*,*",
                    "pronunciation": "?",
                    "reading": "",
                    "surface": ".",
                    "curPos": "/",
                    "left": true
                },
                {
                    "base": "*",
                    "pos": "名詞,固有名詞,組織,*",
                    "pronunciation": "?",
                    "reading": "",
                    "surface": "Oh",
                    "curPos": "n"
                },
                {
                    "base": "*",
                    "pos": "名詞,固有名詞,組織,*",
                    "pronunciation": "?",
                    "reading": "",
                    "surface": "yeah",
                    "curPos": "n"
                }
            ]
        },
        {
            "id": 23,
            "surface": "光る夢のカケラは いつかは形になるさ",
            "words": [
                {
                    "base": "光る",
                    "pos": "動詞,自立,*,*",
                    "pronunciation": "ヒカル",
                    "reading": "ひかる",
                    "surface": "光る",
                    "curPos": "v"
                },
                {
                    "base": "夢",
                    "pos": "名詞,一般,*,*",
                    "pronunciation": "ユメ",
                    "reading": "ゆめ",
                    "surface": "夢",
                    "curPos": "n"
                },
                {
                    "base": "の",
                    "pos": "助詞,連体化,*,*",
                    "pronunciation": "ノ",
                    "reading": "",
                    "surface": "の",
                    "curPos": "av"
                },
                {
                    "base": "*",
                    "pos": "名詞,一般,*,*",
                    "pronunciation": "?",
                    "reading": "",
                    "surface": "カケラ",
                    "curPos": "n"
                },
                {
                    "base": "は",
                    "pos": "助詞,係助詞,*,*",
                    "pronunciation": "ワ",
                    "reading": "",
                    "surface": "は",
                    "curPos": "av"
                },
                {
                    "base": "いつか",
                    "pos": "名詞,副詞可能,*,*",
                    "pronunciation": "イツカ",
                    "reading": "",
                    "surface": "いつか",
                    "curPos": "n"
                },
                {
                    "base": "は",
                    "pos": "助詞,係助詞,*,*",
                    "pronunciation": "ワ",
                    "reading": "",
                    "surface": "は",
                    "curPos": "av"
                },
                {
                    "base": "形",
                    "pos": "名詞,一般,*,*",
                    "pronunciation": "カタチ",
                    "reading": "かたち",
                    "surface": "形",
                    "curPos": "n"
                },
                {
                    "base": "に",
                    "pos": "助詞,格助詞,一般,*",
                    "pronunciation": "ニ",
                    "reading": "",
                    "surface": "に",
                    "curPos": "av"
                },
                {
                    "base": "なる",
                    "pos": "動詞,自立,*,*",
                    "pronunciation": "ナル",
                    "reading": "",
                    "surface": "なる",
                    "curPos": "v"
                },
                {
                    "base": "さ",
                    "pos": "助詞,終助詞,*,*",
                    "pronunciation": "サ",
                    "reading": "",
                    "surface": "さ",
                    "curPos": "av"
                }
            ]
        },
        {
            "id": 24,
            "surface": "",
            "words": []
        },
        {
            "id": 25,
            "surface": "どんな人でも大事なヒーローを思い 強く歩んでいたように",
            "words": [
                {
                    "base": "どんな",
                    "pos": "連体詞,*,*,*",
                    "pronunciation": "ドンナ",
                    "reading": "",
                    "surface": "どんな",
                    "curPos": "/"
                },
                {
                    "base": "人",
                    "pos": "名詞,一般,*,*",
                    "pronunciation": "ヒト",
                    "reading": "ひと",
                    "surface": "人",
                    "curPos": "n"
                },
                {
                    "base": "でも",
                    "pos": "助詞,副助詞,*,*",
                    "pronunciation": "デモ",
                    "reading": "",
                    "surface": "でも",
                    "curPos": "av"
                },
                {
                    "base": "大事",
                    "pos": "名詞,形容動詞語幹,*,*",
                    "pronunciation": "ダイジ",
                    "reading": "だいじな",
                    "surface": "大事な",
                    "curPos": "a"
                },
                {
                    "base": "ヒーロー",
                    "pos": "名詞,一般,*,*",
                    "pronunciation": "ヒーロー",
                    "reading": "",
                    "surface": "ヒーロー",
                    "curPos": "n"
                },
                {
                    "base": "を",
                    "pos": "助詞,格助詞,一般,*",
                    "pronunciation": "ヲ",
                    "reading": "",
                    "surface": "を",
                    "curPos": "av"
                },
                {
                    "base": "思う",
                    "pos": "動詞,自立,*,*",
                    "pronunciation": "オモイ",
                    "reading": "おもい",
                    "surface": "思い",
                    "curPos": "v"
                },
                {
                    "base": "強い",
                    "pos": "形容詞,自立,*,*",
                    "pronunciation": "ツヨク",
                    "reading": "つよく",
                    "surface": "強く",
                    "curPos": "a"
                },
                {
                    "base": "歩む",
                    "pos": "動詞,自立,*,*",
                    "pronunciation": "アユン",
                    "reading": "あゆん",
                    "surface": "歩ん",
                    "curPos": "v"
                },
                {
                    "base": "で",
                    "pos": "助詞,接続助詞,*,*",
                    "pronunciation": "デ",
                    "reading": "",
                    "surface": "で",
                    "curPos": "av"
                },
                {
                    "base": "いる",
                    "pos": "動詞,非自立,*,*",
                    "pronunciation": "イ",
                    "reading": "",
                    "surface": "いたよう",
                    "curPos": "v"
                },
                {
                    "base": "に",
                    "pos": "助詞,副詞化,*,*",
                    "pronunciation": "ニ",
                    "reading": "",
                    "surface": "に",
                    "curPos": "av"
                }
            ]
        },
        {
            "id": 26,
            "surface": "確実に全てが掴めなくても ひとつでもいい",
            "words": [
                {
                    "base": "確実",
                    "pos": "名詞,形容動詞語幹,*,*",
                    "pronunciation": "カクジツ",
                    "reading": "かくじつ",
                    "surface": "確実",
                    "curPos": "n"
                },
                {
                    "base": "に",
                    "pos": "助詞,副詞化,*,*",
                    "pronunciation": "ニ",
                    "reading": "",
                    "surface": "に",
                    "curPos": "av"
                },
                {
                    "base": "全て",
                    "pos": "名詞,副詞可能,*,*",
                    "pronunciation": "スベテ",
                    "reading": "すべて",
                    "surface": "全て",
                    "curPos": "n"
                },
                {
                    "base": "が",
                    "pos": "助詞,格助詞,一般,*",
                    "pronunciation": "ガ",
                    "reading": "",
                    "surface": "が",
                    "curPos": "av"
                },
                {
                    "base": "掴める",
                    "pos": "動詞,自立,*,*",
                    "pronunciation": "ツカメ",
                    "reading": "つかめなくて",
                    "surface": "掴めなくて",
                    "curPos": "v"
                },
                {
                    "base": "も",
                    "pos": "助詞,係助詞,*,*",
                    "pronunciation": "モ",
                    "reading": "",
                    "surface": "も",
                    "curPos": "av"
                },
                {
                    "base": "ひとつ",
                    "pos": "名詞,副詞可能,*,*",
                    "pronunciation": "ヒトツ",
                    "reading": "",
                    "surface": "ひとつ",
                    "curPos": "n"
                },
                {
                    "base": "でも",
                    "pos": "助詞,副助詞,*,*",
                    "pronunciation": "デモ",
                    "reading": "",
                    "surface": "でも",
                    "curPos": "av"
                },
                {
                    "base": "いう",
                    "pos": "動詞,自立,*,*",
                    "pronunciation": "イイ",
                    "reading": "",
                    "surface": "いい",
                    "curPos": "v"
                }
            ]
        },
        {
            "id": 27,
            "surface": "未来の自分 思い描いて行こう",
            "words": [
                {
                    "base": "未来",
                    "pos": "名詞,一般,*,*",
                    "pronunciation": "ミライ",
                    "reading": "みらい",
                    "surface": "未来",
                    "curPos": "n"
                },
                {
                    "base": "の",
                    "pos": "助詞,連体化,*,*",
                    "pronunciation": "ノ",
                    "reading": "",
                    "surface": "の",
                    "curPos": "av"
                },
                {
                    "base": "自分",
                    "pos": "名詞,一般,*,*",
                    "pronunciation": "ジブン",
                    "reading": "じぶん",
                    "surface": "自分",
                    "curPos": "n"
                },
                {
                    "base": "思い描く",
                    "pos": "動詞,自立,*,*",
                    "pronunciation": "オモイエガイ",
                    "reading": "おもいえがいて",
                    "surface": "思い描いて",
                    "curPos": "v"
                },
                {
                    "base": "行く",
                    "pos": "動詞,非自立,*,*",
                    "pronunciation": "イコ",
                    "reading": "いこう",
                    "surface": "行こう",
                    "curPos": "v"
                }
            ]
        },
        {
            "id": 28,
            "surface": "",
            "words": []
        },
        {
            "id": 29,
            "surface": "もっともっと この手伸ばそう",
            "words": [
                {
                    "base": "もっと",
                    "pos": "副詞,一般,*,*",
                    "pronunciation": "モット",
                    "reading": "",
                    "surface": "もっと",
                    "curPos": "adv"
                },
                {
                    "base": "もっと",
                    "pos": "副詞,一般,*,*",
                    "pronunciation": "モット",
                    "reading": "",
                    "surface": "もっと",
                    "curPos": "adv"
                },
                {
                    "base": "この",
                    "pos": "連体詞,*,*,*",
                    "pronunciation": "コノ",
                    "reading": "",
                    "surface": "この",
                    "curPos": "/"
                },
                {
                    "base": "手",
                    "pos": "名詞,一般,*,*",
                    "pronunciation": "テ",
                    "reading": "て",
                    "surface": "手",
                    "curPos": "n"
                },
                {
                    "base": "伸ばす",
                    "pos": "動詞,自立,*,*",
                    "pronunciation": "ノバソ",
                    "reading": "のばそう",
                    "surface": "伸ばそう",
                    "curPos": "v"
                }
            ]
        },
        {
            "id": 30,
            "surface": "Never never give up. Oh yeah",
            "words": [
                {
                    "base": "*",
                    "pos": "名詞,固有名詞,組織,*",
                    "pronunciation": "?",
                    "reading": "",
                    "surface": "Never",
                    "curPos": "n"
                },
                {
                    "base": "*",
                    "pos": "名詞,固有名詞,組織,*",
                    "pronunciation": "?",
                    "reading": "",
                    "surface": "never",
                    "curPos": "n"
                },
                {
                    "base": "*",
                    "pos": "名詞,固有名詞,組織,*",
                    "pronunciation": "?",
                    "reading": "",
                    "surface": "give",
                    "curPos": "n"
                },
                {
                    "base": "*",
                    "pos": "名詞,固有名詞,組織,*",
                    "pronunciation": "?",
                    "reading": "",
                    "surface": "up",
                    "curPos": "n"
                },
                {
                    "base": "*",
                    "pos": "名詞,サ変接続,*,*",
                    "pronunciation": "?",
                    "reading": "",
                    "surface": ".",
                    "curPos": "/",
                    "left": true
                },
                {
                    "base": "*",
                    "pos": "名詞,固有名詞,組織,*",
                    "pronunciation": "?",
                    "reading": "",
                    "surface": "Oh",
                    "curPos": "n"
                },
                {
                    "base": "*",
                    "pos": "名詞,固有名詞,組織,*",
                    "pronunciation": "?",
                    "reading": "",
                    "surface": "yeah",
                    "curPos": "n"
                }
            ]
        },
        {
            "id": 31,
            "surface": "荒波もおそれずにいま向かうのさ 高いそのステージ",
            "words": [
                {
                    "base": "荒波",
                    "pos": "名詞,一般,*,*",
                    "pronunciation": "アラナミ",
                    "reading": "あらなみ",
                    "surface": "荒波",
                    "curPos": "n"
                },
                {
                    "base": "も",
                    "pos": "助詞,係助詞,*,*",
                    "pronunciation": "モ",
                    "reading": "",
                    "surface": "も",
                    "curPos": "av"
                },
                {
                    "base": "おそれる",
                    "pos": "動詞,自立,*,*",
                    "pronunciation": "オソレ",
                    "reading": "",
                    "surface": "おそれず",
                    "curPos": "v"
                },
                {
                    "base": "に",
                    "pos": "助詞,格助詞,一般,*",
                    "pronunciation": "ニ",
                    "reading": "",
                    "surface": "に",
                    "curPos": "av"
                },
                {
                    "base": "いま",
                    "pos": "名詞,副詞可能,*,*",
                    "pronunciation": "イマ",
                    "reading": "",
                    "surface": "いま",
                    "curPos": "n"
                },
                {
                    "base": "向かう",
                    "pos": "動詞,自立,*,*",
                    "pronunciation": "ムカウ",
                    "reading": "むかう",
                    "surface": "向かう",
                    "curPos": "v"
                },
                {
                    "base": "の",
                    "pos": "名詞,非自立,一般,*",
                    "pronunciation": "ノ",
                    "reading": "",
                    "surface": "の",
                    "curPos": "n"
                },
                {
                    "base": "さ",
                    "pos": "助詞,終助詞,*,*",
                    "pronunciation": "サ",
                    "reading": "",
                    "surface": "さ",
                    "curPos": "av"
                },
                {
                    "base": "高い",
                    "pos": "形容詞,自立,*,*",
                    "pronunciation": "タカイ",
                    "reading": "たかい",
                    "surface": "高い",
                    "curPos": "a"
                },
                {
                    "base": "その",
                    "pos": "連体詞,*,*,*",
                    "pronunciation": "ソノ",
                    "reading": "",
                    "surface": "その",
                    "curPos": "/"
                },
                {
                    "base": "ステージ",
                    "pos": "名詞,一般,*,*",
                    "pronunciation": "ステージ",
                    "reading": "",
                    "surface": "ステージ",
                    "curPos": "n"
                }
            ]
        },
        {
            "id": 32,
            "surface": "もっともっと 自分磨こう",
            "words": [
                {
                    "base": "もっと",
                    "pos": "副詞,一般,*,*",
                    "pronunciation": "モット",
                    "reading": "",
                    "surface": "もっと",
                    "curPos": "adv"
                },
                {
                    "base": "もっと",
                    "pos": "副詞,一般,*,*",
                    "pronunciation": "モット",
                    "reading": "",
                    "surface": "もっと",
                    "curPos": "adv"
                },
                {
                    "base": "自分",
                    "pos": "名詞,一般,*,*",
                    "pronunciation": "ジブン",
                    "reading": "じぶん",
                    "surface": "自分",
                    "curPos": "n"
                },
                {
                    "base": "磨く",
                    "pos": "動詞,自立,*,*",
                    "pronunciation": "ミガコ",
                    "reading": "みがこう",
                    "surface": "磨こう",
                    "curPos": "v"
                }
            ]
        },
        {
            "id": 33,
            "surface": "Never never give up. Oh yeah",
            "words": [
                {
                    "base": "*",
                    "pos": "名詞,固有名詞,組織,*",
                    "pronunciation": "?",
                    "reading": "",
                    "surface": "Never",
                    "curPos": "n"
                },
                {
                    "base": "*",
                    "pos": "名詞,固有名詞,組織,*",
                    "pronunciation": "?",
                    "reading": "",
                    "surface": "never",
                    "curPos": "n"
                },
                {
                    "base": "*",
                    "pos": "名詞,固有名詞,組織,*",
                    "pronunciation": "?",
                    "reading": "",
                    "surface": "give",
                    "curPos": "n"
                },
                {
                    "base": "*",
                    "pos": "名詞,固有名詞,組織,*",
                    "pronunciation": "?",
                    "reading": "",
                    "surface": "up",
                    "curPos": "n"
                },
                {
                    "base": "*",
                    "pos": "名詞,サ変接続,*,*",
                    "pronunciation": "?",
                    "reading": "",
                    "surface": ".",
                    "curPos": "/",
                    "left": true
                },
                {
                    "base": "*",
                    "pos": "名詞,固有名詞,組織,*",
                    "pronunciation": "?",
                    "reading": "",
                    "surface": "Oh",
                    "curPos": "n"
                },
                {
                    "base": "*",
                    "pos": "名詞,固有名詞,組織,*",
                    "pronunciation": "?",
                    "reading": "",
                    "surface": "yeah",
                    "curPos": "n"
                }
            ]
        },
        {
            "id": 34,
            "surface": "求め続ける事が 一番大切だから",
            "words": [
                {
                    "base": "求める",
                    "pos": "動詞,自立,*,*",
                    "pronunciation": "モトメ",
                    "reading": "もとめ",
                    "surface": "求め",
                    "curPos": "v"
                },
                {
                    "base": "続ける",
                    "pos": "動詞,非自立,*,*",
                    "pronunciation": "ツズケル",
                    "reading": "つづける",
                    "surface": "続ける",
                    "curPos": "v"
                },
                {
                    "base": "事",
                    "pos": "名詞,非自立,一般,*",
                    "pronunciation": "コト",
                    "reading": "こと",
                    "surface": "事",
                    "curPos": "n"
                },
                {
                    "base": "が",
                    "pos": "助詞,格助詞,一般,*",
                    "pronunciation": "ガ",
                    "reading": "",
                    "surface": "が",
                    "curPos": "av"
                },
                {
                    "base": "一番",
                    "pos": "名詞,副詞可能,*,*",
                    "pronunciation": "イチバン",
                    "reading": "いちばん",
                    "surface": "一番",
                    "curPos": "n"
                },
                {
                    "base": "大切",
                    "pos": "名詞,形容動詞語幹,*,*",
                    "pronunciation": "タイセツ",
                    "reading": "たいせつ",
                    "surface": "大切",
                    "curPos": "n"
                },
                {
                    "base": "だ",
                    "pos": "助動詞,*,*,*",
                    "pronunciation": "ダ",
                    "reading": "",
                    "surface": "だ",
                    "curPos": "mv"
                },
                {
                    "base": "から",
                    "pos": "助詞,接続助詞,*,*",
                    "pronunciation": "カラ",
                    "reading": "",
                    "surface": "から",
                    "curPos": "av"
                }
            ]
        },
        {
            "id": 35,
            "surface": "",
            "words": []
        }
    ],
    "pureLrc": [
        "さあ 望んだ夢を目指すんだ 分からない答えを解くように",
        "ただ 信じるだけじゃ叶わない そんなことちゃんと分かってる",
        "",
        "才能って どこからか降ってくるもんじゃない",
        "花のように いつも笑ってれば きっと見つかる",
        "",
        "もっともっと この手伸ばそう",
        "Never never give up. Oh yeah",
        "荒波もおそれずにいま向かうのさ 高いそのステージ",
        "もっともっと 自分磨こう",
        "Never never give up. Oh yeah",
        "求め続ける事が 一番大切だから",
        "",
        "想像以上のものが生まれるよ 僕ら可能性無限大",
        "",
        "同じ歌唄ってた あの頃のように",
        "希望だけ見つめてた瞳で もう一度飛んで行こう",
        "",
        "ずっとずっと この手伸ばそう",
        "Never never give up. Oh yeah",
        "くやしさの数の分だけ近づくよ 夢見てたステージ",
        "ずっとずっと 願い磨こう",
        "Never never give up. Oh yeah",
        "光る夢のカケラは いつかは形になるさ",
        "",
        "どんな人でも大事なヒーローを思い 強く歩んでいたように",
        "確実に全てが掴めなくても ひとつでもいい",
        "未来の自分 思い描いて行こう",
        "",
        "もっともっと この手伸ばそう",
        "Never never give up. Oh yeah",
        "荒波もおそれずにいま向かうのさ 高いそのステージ",
        "もっともっと 自分磨こう",
        "Never never give up. Oh yeah",
        "求め続ける事が 一番大切だから",
        ""
    ]
}