{
    "name": "Jealous guy",
    "artist": [
        "Hey!Say!JUMP"
    ],
    "producer": [
        {
            "label": "作詞",
            "value": [
                "MICO#"
            ]
        },
        {
            "label": "作曲",
            "value": [
                "HIKARI",
                "Geek Boy AI Swettenham"
            ]
        }
    ],
    "lrc": [
        {
            "id": 0,
            "surface": "そんなニュアンスが漂う プラスティックな街に変わる",
            "words": [
                {
                    "base": "そんな",
                    "pos": "連体詞,*,*,*",
                    "pronunciation": "ソンナ",
                    "reading": "",
                    "surface": "そんな",
                    "curPos": "/"
                },
                {
                    "base": "ニュアンス",
                    "pos": "名詞,一般,*,*",
                    "pronunciation": "ニュアンス",
                    "reading": "",
                    "surface": "ニュアンス",
                    "curPos": "n"
                },
                {
                    "base": "が",
                    "pos": "助詞,格助詞,一般,*",
                    "pronunciation": "ガ",
                    "reading": "",
                    "surface": "が",
                    "curPos": "av"
                },
                {
                    "base": "漂う",
                    "pos": "動詞,自立,*,*",
                    "pronunciation": "タダヨウ",
                    "reading": "ただよう",
                    "surface": "漂う",
                    "curPos": "v"
                },
                {
                    "base": "*",
                    "pos": "名詞,一般,*,*",
                    "pronunciation": "?",
                    "reading": "",
                    "surface": "プラスティック",
                    "curPos": "n"
                },
                {
                    "base": "だ",
                    "pos": "助動詞,*,*,*",
                    "pronunciation": "ナ",
                    "reading": "",
                    "surface": "な",
                    "curPos": "mv"
                },
                {
                    "base": "街",
                    "pos": "名詞,一般,*,*",
                    "pronunciation": "マチ",
                    "reading": "まち",
                    "surface": "街",
                    "curPos": "n"
                },
                {
                    "base": "に",
                    "pos": "助詞,格助詞,一般,*",
                    "pronunciation": "ニ",
                    "reading": "",
                    "surface": "に",
                    "curPos": "av"
                },
                {
                    "base": "変わる",
                    "pos": "動詞,自立,*,*",
                    "pronunciation": "カワル",
                    "reading": "かわる",
                    "surface": "変わる",
                    "curPos": "v"
                }
            ]
        },
        {
            "id": 1,
            "surface": "月が照らした愛と君が 遠くなって",
            "words": [
                {
                    "base": "月",
                    "pos": "名詞,一般,*,*",
                    "pronunciation": "ツキ",
                    "reading": "つき",
                    "surface": "月",
                    "curPos": "n"
                },
                {
                    "base": "が",
                    "pos": "助詞,格助詞,一般,*",
                    "pronunciation": "ガ",
                    "reading": "",
                    "surface": "が",
                    "curPos": "av"
                },
                {
                    "base": "照らす",
                    "pos": "動詞,自立,*,*",
                    "pronunciation": "テラシ",
                    "reading": "てらした",
                    "surface": "照らした",
                    "curPos": "v"
                },
                {
                    "base": "愛",
                    "pos": "名詞,一般,*,*",
                    "pronunciation": "アイ",
                    "reading": "あい",
                    "surface": "愛",
                    "curPos": "n"
                },
                {
                    "base": "と",
                    "pos": "助詞,並立助詞,*,*",
                    "pronunciation": "ト",
                    "reading": "",
                    "surface": "と",
                    "curPos": "av"
                },
                {
                    "base": "君",
                    "pos": "名詞,代名詞,一般,*",
                    "pronunciation": "キミ",
                    "reading": "きみ",
                    "surface": "君",
                    "curPos": "/"
                },
                {
                    "base": "が",
                    "pos": "助詞,格助詞,一般,*",
                    "pronunciation": "ガ",
                    "reading": "",
                    "surface": "が",
                    "curPos": "av"
                },
                {
                    "base": "遠い",
                    "pos": "形容詞,自立,*,*",
                    "pronunciation": "トーク",
                    "reading": "とおく",
                    "surface": "遠く",
                    "curPos": "a"
                },
                {
                    "base": "なる",
                    "pos": "動詞,自立,*,*",
                    "pronunciation": "ナッ",
                    "reading": "",
                    "surface": "なって",
                    "curPos": "v"
                }
            ]
        },
        {
            "id": 2,
            "surface": "モノクローム すべてを染めてゆく",
            "words": [
                {
                    "base": "モノクローム",
                    "pos": "名詞,一般,*,*",
                    "pronunciation": "モノクローム",
                    "reading": "",
                    "surface": "モノクローム",
                    "curPos": "n"
                },
                {
                    "base": "すべて",
                    "pos": "名詞,副詞可能,*,*",
                    "pronunciation": "スベテ",
                    "reading": "",
                    "surface": "すべて",
                    "curPos": "n"
                },
                {
                    "base": "を",
                    "pos": "助詞,格助詞,一般,*",
                    "pronunciation": "ヲ",
                    "reading": "",
                    "surface": "を",
                    "curPos": "av"
                },
                {
                    "base": "染める",
                    "pos": "動詞,自立,*,*",
                    "pronunciation": "ソメ",
                    "reading": "そめて",
                    "surface": "染めて",
                    "curPos": "v"
                },
                {
                    "base": "ゆく",
                    "pos": "動詞,非自立,*,*",
                    "pronunciation": "ユク",
                    "reading": "",
                    "surface": "ゆく",
                    "curPos": "v"
                }
            ]
        },
        {
            "id": 3,
            "surface": "唇から溢れる想い",
            "words": [
                {
                    "base": "唇",
                    "pos": "名詞,一般,*,*",
                    "pronunciation": "クチビル",
                    "reading": "くちびる",
                    "surface": "唇",
                    "curPos": "n"
                },
                {
                    "base": "から",
                    "pos": "助詞,格助詞,一般,*",
                    "pronunciation": "カラ",
                    "reading": "",
                    "surface": "から",
                    "curPos": "av"
                },
                {
                    "base": "溢れる",
                    "pos": "動詞,自立,*,*",
                    "pronunciation": "アフレル",
                    "reading": "あふれる",
                    "surface": "溢れる",
                    "curPos": "v"
                },
                {
                    "base": "想い",
                    "pos": "名詞,一般,*,*",
                    "pronunciation": "オモイ",
                    "reading": "おもい",
                    "surface": "想い",
                    "curPos": "n"
                }
            ]
        },
        {
            "id": 4,
            "surface": "手前で呑み込んだこと気付いて",
            "words": [
                {
                    "base": "手前",
                    "pos": "名詞,一般,*,*",
                    "pronunciation": "テマエ",
                    "reading": "てまえ",
                    "surface": "手前",
                    "curPos": "n"
                },
                {
                    "base": "で",
                    "pos": "助詞,格助詞,一般,*",
                    "pronunciation": "デ",
                    "reading": "",
                    "surface": "で",
                    "curPos": "av"
                },
                {
                    "base": "呑み込む",
                    "pos": "動詞,自立,*,*",
                    "pronunciation": "ノミコン",
                    "reading": "のみこんだ",
                    "surface": "呑み込んだ",
                    "curPos": "v"
                },
                {
                    "base": "こと",
                    "pos": "名詞,非自立,一般,*",
                    "pronunciation": "コト",
                    "reading": "",
                    "surface": "こと",
                    "curPos": "n"
                },
                {
                    "base": "気付く",
                    "pos": "動詞,自立,*,*",
                    "pronunciation": "キズイ",
                    "reading": "きづいて",
                    "surface": "気付いて",
                    "curPos": "v"
                }
            ]
        },
        {
            "id": 5,
            "surface": "",
            "words": []
        },
        {
            "id": 6,
            "surface": "どうすればいい? 囁く声",
            "words": [
                {
                    "base": "どう",
                    "pos": "副詞,助詞類接続,*,*",
                    "pronunciation": "ドー",
                    "reading": "",
                    "surface": "どう",
                    "curPos": "adv"
                },
                {
                    "base": "する",
                    "pos": "動詞,自立,*,*",
                    "pronunciation": "スレ",
                    "reading": "",
                    "surface": "すれ",
                    "curPos": "v"
                },
                {
                    "base": "ば",
                    "pos": "助詞,接続助詞,*,*",
                    "pronunciation": "バ",
                    "reading": "",
                    "surface": "ば",
                    "curPos": "av"
                },
                {
                    "base": "いい",
                    "pos": "形容詞,非自立,*,*",
                    "pronunciation": "イイ",
                    "reading": "",
                    "surface": "いい",
                    "curPos": "a"
                },
                {
                    "base": "*",
                    "pos": "名詞,サ変接続,*,*",
                    "pronunciation": "?",
                    "reading": "",
                    "surface": "?",
                    "curPos": "n"
                },
                {
                    "base": "囁く",
                    "pos": "動詞,自立,*,*",
                    "pronunciation": "ササヤク",
                    "reading": "ささやく",
                    "surface": "囁く",
                    "curPos": "v"
                },
                {
                    "base": "声",
                    "pos": "名詞,一般,*,*",
                    "pronunciation": "コエ",
                    "reading": "こえ",
                    "surface": "声",
                    "curPos": "n"
                }
            ]
        },
        {
            "id": 7,
            "surface": "切なく響くMelody",
            "words": [
                {
                    "base": "切ない",
                    "pos": "形容詞,自立,*,*",
                    "pronunciation": "セツナク",
                    "reading": "せつなく",
                    "surface": "切なく",
                    "curPos": "a"
                },
                {
                    "base": "響く",
                    "pos": "動詞,自立,*,*",
                    "pronunciation": "ヒビク",
                    "reading": "ひびく",
                    "surface": "響く",
                    "curPos": "v"
                },
                {
                    "base": "*",
                    "pos": "名詞,固有名詞,組織,*",
                    "pronunciation": "?",
                    "reading": "",
                    "surface": "Melody",
                    "curPos": "n"
                }
            ]
        },
        {
            "id": 8,
            "surface": "止めてしまいたい こんなJealousy 今すぐにでも",
            "words": [
                {
                    "base": "止める",
                    "pos": "動詞,自立,*,*",
                    "pronunciation": "トメ",
                    "reading": "とめて",
                    "surface": "止めて",
                    "curPos": "v"
                },
                {
                    "base": "しまう",
                    "pos": "動詞,非自立,*,*",
                    "pronunciation": "シマイ",
                    "reading": "",
                    "surface": "しまいたい",
                    "curPos": "v"
                },
                {
                    "base": "こんな",
                    "pos": "連体詞,*,*,*",
                    "pronunciation": "コンナ",
                    "reading": "",
                    "surface": "こんな",
                    "curPos": "/"
                },
                {
                    "base": "*",
                    "pos": "名詞,一般,*,*",
                    "pronunciation": "?",
                    "reading": "",
                    "surface": "Jealousy",
                    "curPos": "n"
                },
                {
                    "base": "今",
                    "pos": "名詞,副詞可能,*,*",
                    "pronunciation": "イマ",
                    "reading": "いま",
                    "surface": "今",
                    "curPos": "n"
                },
                {
                    "base": "すぐ",
                    "pos": "副詞,助詞類接続,*,*",
                    "pronunciation": "スグ",
                    "reading": "",
                    "surface": "すぐ",
                    "curPos": "adv"
                },
                {
                    "base": "に",
                    "pos": "助詞,副詞化,*,*",
                    "pronunciation": "ニ",
                    "reading": "",
                    "surface": "に",
                    "curPos": "av"
                },
                {
                    "base": "でも",
                    "pos": "助詞,副助詞,*,*",
                    "pronunciation": "デモ",
                    "reading": "",
                    "surface": "でも",
                    "curPos": "av"
                }
            ]
        },
        {
            "id": 9,
            "surface": "",
            "words": []
        },
        {
            "id": 10,
            "surface": "So ほろ苦いこの夜はTaste of love さりげなく滲むPainful star",
            "words": [
                {
                    "base": "*",
                    "pos": "名詞,固有名詞,組織,*",
                    "pronunciation": "?",
                    "reading": "",
                    "surface": "So",
                    "curPos": "n"
                },
                {
                    "base": "ほろ苦い",
                    "pos": "形容詞,自立,*,*",
                    "pronunciation": "ホロニガイ",
                    "reading": "ほろにがい",
                    "surface": "ほろ苦い",
                    "curPos": "a"
                },
                {
                    "base": "この",
                    "pos": "連体詞,*,*,*",
                    "pronunciation": "コノ",
                    "reading": "",
                    "surface": "この",
                    "curPos": "/"
                },
                {
                    "base": "夜",
                    "pos": "名詞,副詞可能,*,*",
                    "pronunciation": "ヨル",
                    "reading": "よる",
                    "surface": "夜",
                    "curPos": "n"
                },
                {
                    "base": "は",
                    "pos": "助詞,係助詞,*,*",
                    "pronunciation": "ワ",
                    "reading": "",
                    "surface": "は",
                    "curPos": "av"
                },
                {
                    "base": "*",
                    "pos": "名詞,固有名詞,組織,*",
                    "pronunciation": "?",
                    "reading": "",
                    "surface": "Taste",
                    "curPos": "n"
                },
                {
                    "base": "*",
                    "pos": "名詞,固有名詞,組織,*",
                    "pronunciation": "?",
                    "reading": "",
                    "surface": "of",
                    "curPos": "n"
                },
                {
                    "base": "*",
                    "pos": "名詞,固有名詞,組織,*",
                    "pronunciation": "?",
                    "reading": "",
                    "surface": "love",
                    "curPos": "n"
                },
                {
                    "base": "さりげ",
                    "pos": "名詞,ナイ形容詞語幹,*,*",
                    "pronunciation": "サリゲ",
                    "reading": "",
                    "surface": "さりげ",
                    "curPos": "n"
                },
                {
                    "base": "ない",
                    "pos": "助動詞,*,*,*",
                    "pronunciation": "ナク",
                    "reading": "",
                    "surface": "なく",
                    "curPos": "mv"
                },
                {
                    "base": "滲む",
                    "pos": "動詞,自立,*,*",
                    "pronunciation": "ニジム",
                    "reading": "にじむ",
                    "surface": "滲む",
                    "curPos": "v"
                },
                {
                    "base": "*",
                    "pos": "名詞,固有名詞,組織,*",
                    "pronunciation": "?",
                    "reading": "",
                    "surface": "Painful",
                    "curPos": "n"
                },
                {
                    "base": "*",
                    "pos": "名詞,固有名詞,組織,*",
                    "pronunciation": "?",
                    "reading": "",
                    "surface": "star",
                    "curPos": "n"
                }
            ]
        },
        {
            "id": 11,
            "surface": "包み込んだBeat こぼれるDeep sigh これ以上要らない",
            "words": [
                {
                    "base": "包み込む",
                    "pos": "動詞,自立,*,*",
                    "pronunciation": "ツツミコン",
                    "reading": "つつみこんだ",
                    "surface": "包み込んだ",
                    "curPos": "v"
                },
                {
                    "base": "*",
                    "pos": "名詞,固有名詞,組織,*",
                    "pronunciation": "?",
                    "reading": "",
                    "surface": "Beat",
                    "curPos": "n"
                },
                {
                    "base": "こぼれる",
                    "pos": "動詞,自立,*,*",
                    "pronunciation": "コボレル",
                    "reading": "",
                    "surface": "こぼれる",
                    "curPos": "v"
                },
                {
                    "base": "*",
                    "pos": "名詞,一般,*,*",
                    "pronunciation": "?",
                    "reading": "",
                    "surface": "Deep",
                    "curPos": "n"
                },
                {
                    "base": "*",
                    "pos": "名詞,固有名詞,組織,*",
                    "pronunciation": "?",
                    "reading": "",
                    "surface": "sigh",
                    "curPos": "n"
                },
                {
                    "base": "これ",
                    "pos": "名詞,代名詞,一般,*",
                    "pronunciation": "コレ",
                    "reading": "",
                    "surface": "これ",
                    "curPos": "/"
                },
                {
                    "base": "以上",
                    "pos": "名詞,非自立,副詞可能,*",
                    "pronunciation": "イジョー",
                    "reading": "いじょう",
                    "surface": "以上",
                    "curPos": "n"
                },
                {
                    "base": "要る",
                    "pos": "動詞,自立,*,*",
                    "pronunciation": "イラ",
                    "reading": "いらない",
                    "surface": "要らない",
                    "curPos": "v"
                }
            ]
        },
        {
            "id": 12,
            "surface": "何気ない雰囲気も どこかで匂わせてる素振りも",
            "words": [
                {
                    "base": "何気ない",
                    "pos": "形容詞,自立,*,*",
                    "pronunciation": "ナニゲナイ",
                    "reading": "なにげない",
                    "surface": "何気ない",
                    "curPos": "a"
                },
                {
                    "base": "雰囲気",
                    "pos": "名詞,一般,*,*",
                    "pronunciation": "フンイキ",
                    "reading": "ふんいき",
                    "surface": "雰囲気",
                    "curPos": "n"
                },
                {
                    "base": "も",
                    "pos": "助詞,係助詞,*,*",
                    "pronunciation": "モ",
                    "reading": "",
                    "surface": "も",
                    "curPos": "av"
                },
                {
                    "base": "どこ",
                    "pos": "名詞,代名詞,一般,*",
                    "pronunciation": "ドコ",
                    "reading": "",
                    "surface": "どこ",
                    "curPos": "/"
                },
                {
                    "base": "か",
                    "pos": "助詞,副助詞／並立助詞／終助詞,*,*",
                    "pronunciation": "カ",
                    "reading": "",
                    "surface": "か",
                    "curPos": "av"
                },
                {
                    "base": "で",
                    "pos": "助詞,格助詞,一般,*",
                    "pronunciation": "デ",
                    "reading": "",
                    "surface": "で",
                    "curPos": "av"
                },
                {
                    "base": "匂わせる",
                    "pos": "動詞,自立,*,*",
                    "pronunciation": "ニオワセ",
                    "reading": "におわせ",
                    "surface": "匂わせ",
                    "curPos": "v"
                },
                {
                    "base": "てる",
                    "pos": "動詞,非自立,*,*",
                    "pronunciation": "テル",
                    "reading": "",
                    "surface": "てる",
                    "curPos": "v"
                },
                {
                    "base": "素振り",
                    "pos": "名詞,一般,*,*",
                    "pronunciation": "ソブリ",
                    "reading": "そぶり",
                    "surface": "素振り",
                    "curPos": "n"
                },
                {
                    "base": "も",
                    "pos": "助詞,係助詞,*,*",
                    "pronunciation": "モ",
                    "reading": "",
                    "surface": "も",
                    "curPos": "av"
                }
            ]
        },
        {
            "id": 13,
            "surface": "止まらない 届けたい Oh baby Can you feel my love tonight? Oh",
            "words": [
                {
                    "base": "止まる",
                    "pos": "動詞,自立,*,*",
                    "pronunciation": "トマラ",
                    "reading": "とまらない",
                    "surface": "止まらない",
                    "curPos": "v"
                },
                {
                    "base": "届ける",
                    "pos": "動詞,自立,*,*",
                    "pronunciation": "トドケ",
                    "reading": "とどけたい",
                    "surface": "届けたい",
                    "curPos": "v"
                },
                {
                    "base": "*",
                    "pos": "名詞,固有名詞,組織,*",
                    "pronunciation": "?",
                    "reading": "",
                    "surface": "Oh",
                    "curPos": "n"
                },
                {
                    "base": "*",
                    "pos": "名詞,固有名詞,組織,*",
                    "pronunciation": "?",
                    "reading": "",
                    "surface": "baby",
                    "curPos": "n"
                },
                {
                    "base": "*",
                    "pos": "名詞,固有名詞,組織,*",
                    "pronunciation": "?",
                    "reading": "",
                    "surface": "Can",
                    "curPos": "n"
                },
                {
                    "base": "*",
                    "pos": "名詞,固有名詞,組織,*",
                    "pronunciation": "?",
                    "reading": "",
                    "surface": "you",
                    "curPos": "n"
                },
                {
                    "base": "*",
                    "pos": "名詞,固有名詞,組織,*",
                    "pronunciation": "?",
                    "reading": "",
                    "surface": "feel",
                    "curPos": "n"
                },
                {
                    "base": "*",
                    "pos": "名詞,固有名詞,組織,*",
                    "pronunciation": "?",
                    "reading": "",
                    "surface": "my",
                    "curPos": "n"
                },
                {
                    "base": "*",
                    "pos": "名詞,固有名詞,組織,*",
                    "pronunciation": "?",
                    "reading": "",
                    "surface": "love",
                    "curPos": "n"
                },
                {
                    "base": "*",
                    "pos": "名詞,固有名詞,組織,*",
                    "pronunciation": "?",
                    "reading": "",
                    "surface": "tonight",
                    "curPos": "n"
                },
                {
                    "base": "*",
                    "pos": "名詞,サ変接続,*,*",
                    "pronunciation": "?",
                    "reading": "",
                    "surface": "?",
                    "curPos": "n"
                },
                {
                    "base": "*",
                    "pos": "名詞,固有名詞,組織,*",
                    "pronunciation": "?",
                    "reading": "",
                    "surface": "Oh",
                    "curPos": "n"
                }
            ]
        },
        {
            "id": 14,
            "surface": "",
            "words": []
        },
        {
            "id": 15,
            "surface": "積み重ねた大切な記憶 プライド刺激した影の引力 Yeah",
            "words": [
                {
                    "base": "積み重ねる",
                    "pos": "動詞,自立,*,*",
                    "pronunciation": "ツミカサネ",
                    "reading": "つみかさねた",
                    "surface": "積み重ねた",
                    "curPos": "v"
                },
                {
                    "base": "大切",
                    "pos": "名詞,形容動詞語幹,*,*",
                    "pronunciation": "タイセツ",
                    "reading": "たいせつな",
                    "surface": "大切な",
                    "curPos": "a"
                },
                {
                    "base": "記憶",
                    "pos": "名詞,サ変接続,*,*",
                    "pronunciation": "キオク",
                    "reading": "きおく",
                    "surface": "記憶",
                    "curPos": "n"
                },
                {
                    "base": "プライド",
                    "pos": "名詞,一般,*,*",
                    "pronunciation": "プライド",
                    "reading": "",
                    "surface": "プライド",
                    "curPos": "n"
                },
                {
                    "base": "刺激",
                    "pos": "名詞,サ変接続,*,*",
                    "pronunciation": "シゲキ",
                    "reading": "しげき",
                    "surface": "刺激",
                    "curPos": "n"
                },
                {
                    "base": "する",
                    "pos": "動詞,自立,*,*",
                    "pronunciation": "シ",
                    "reading": "",
                    "surface": "した",
                    "curPos": "v"
                },
                {
                    "base": "影",
                    "pos": "名詞,一般,*,*",
                    "pronunciation": "カゲ",
                    "reading": "かげ",
                    "surface": "影",
                    "curPos": "n"
                },
                {
                    "base": "の",
                    "pos": "助詞,連体化,*,*",
                    "pronunciation": "ノ",
                    "reading": "",
                    "surface": "の",
                    "curPos": "av"
                },
                {
                    "base": "引力",
                    "pos": "名詞,一般,*,*",
                    "pronunciation": "インリョク",
                    "reading": "いんりょく",
                    "surface": "引力",
                    "curPos": "n"
                },
                {
                    "base": "*",
                    "pos": "名詞,固有名詞,組織,*",
                    "pronunciation": "?",
                    "reading": "",
                    "surface": "Yeah",
                    "curPos": "n"
                }
            ]
        },
        {
            "id": 16,
            "surface": "何故かふいに強引に そう愛を抱きしめ Keep it up Keeping on",
            "words": [
                {
                    "base": "何故か",
                    "pos": "副詞,一般,*,*",
                    "pronunciation": "ナゼカ",
                    "reading": "なぜか",
                    "surface": "何故か",
                    "curPos": "adv"
                },
                {
                    "base": "ふう",
                    "pos": "動詞,自立,*,*",
                    "pronunciation": "フイ",
                    "reading": "",
                    "surface": "ふい",
                    "curPos": "v"
                },
                {
                    "base": "に",
                    "pos": "助詞,格助詞,一般,*",
                    "pronunciation": "ニ",
                    "reading": "",
                    "surface": "に",
                    "curPos": "av"
                },
                {
                    "base": "強引",
                    "pos": "名詞,形容動詞語幹,*,*",
                    "pronunciation": "ゴーイン",
                    "reading": "ごういん",
                    "surface": "強引",
                    "curPos": "n"
                },
                {
                    "base": "に",
                    "pos": "助詞,副詞化,*,*",
                    "pronunciation": "ニ",
                    "reading": "",
                    "surface": "に",
                    "curPos": "av"
                },
                {
                    "base": "そう",
                    "pos": "副詞,助詞類接続,*,*",
                    "pronunciation": "ソー",
                    "reading": "",
                    "surface": "そう",
                    "curPos": "adv"
                },
                {
                    "base": "愛",
                    "pos": "名詞,一般,*,*",
                    "pronunciation": "アイ",
                    "reading": "あい",
                    "surface": "愛",
                    "curPos": "n"
                },
                {
                    "base": "を",
                    "pos": "助詞,格助詞,一般,*",
                    "pronunciation": "ヲ",
                    "reading": "",
                    "surface": "を",
                    "curPos": "av"
                },
                {
                    "base": "抱きしめる",
                    "pos": "動詞,自立,*,*",
                    "pronunciation": "ダキシメ",
                    "reading": "だきしめ",
                    "surface": "抱きしめ",
                    "curPos": "v"
                },
                {
                    "base": "*",
                    "pos": "名詞,固有名詞,組織,*",
                    "pronunciation": "?",
                    "reading": "",
                    "surface": "Keep",
                    "curPos": "n"
                },
                {
                    "base": "*",
                    "pos": "名詞,固有名詞,組織,*",
                    "pronunciation": "?",
                    "reading": "",
                    "surface": "it",
                    "curPos": "n"
                },
                {
                    "base": "*",
                    "pos": "名詞,固有名詞,組織,*",
                    "pronunciation": "?",
                    "reading": "",
                    "surface": "up",
                    "curPos": "n"
                },
                {
                    "base": "*",
                    "pos": "名詞,固有名詞,組織,*",
                    "pronunciation": "?",
                    "reading": "",
                    "surface": "Keeping",
                    "curPos": "n"
                },
                {
                    "base": "*",
                    "pos": "名詞,固有名詞,組織,*",
                    "pronunciation": "?",
                    "reading": "",
                    "surface": "on",
                    "curPos": "n"
                }
            ]
        },
        {
            "id": 17,
            "surface": "(Slowly)悪戯な夜に (Story)胸が痛むのに",
            "words": [
                {
                    "base": "*",
                    "pos": "名詞,サ変接続,*,*",
                    "pronunciation": "?",
                    "reading": "",
                    "surface": "(",
                    "curPos": "/",
                    "left": true
                },
                {
                    "base": "*",
                    "pos": "名詞,一般,*,*",
                    "pronunciation": "?",
                    "reading": "",
                    "surface": "Slowly",
                    "curPos": "n"
                },
                {
                    "base": "*",
                    "pos": "名詞,サ変接続,*,*",
                    "pronunciation": "?",
                    "reading": "",
                    "surface": ")",
                    "curPos": "/",
                    "left": true
                },
                {
                    "base": "悪戯",
                    "pos": "名詞,形容動詞語幹,*,*",
                    "pronunciation": "イタズラ",
                    "reading": "いたずらな",
                    "surface": "悪戯な",
                    "curPos": "a"
                },
                {
                    "base": "夜",
                    "pos": "名詞,副詞可能,*,*",
                    "pronunciation": "ヨル",
                    "reading": "よる",
                    "surface": "夜",
                    "curPos": "n"
                },
                {
                    "base": "に",
                    "pos": "助詞,格助詞,一般,*",
                    "pronunciation": "ニ",
                    "reading": "",
                    "surface": "に",
                    "curPos": "av"
                },
                {
                    "base": "*",
                    "pos": "名詞,サ変接続,*,*",
                    "pronunciation": "?",
                    "reading": "",
                    "surface": "(",
                    "curPos": "/",
                    "left": true
                },
                {
                    "base": "*",
                    "pos": "名詞,一般,*,*",
                    "pronunciation": "?",
                    "reading": "",
                    "surface": "Story",
                    "curPos": "n"
                },
                {
                    "base": "*",
                    "pos": "名詞,サ変接続,*,*",
                    "pronunciation": "?",
                    "reading": "",
                    "surface": ")",
                    "curPos": "/",
                    "left": true
                },
                {
                    "base": "胸",
                    "pos": "名詞,一般,*,*",
                    "pronunciation": "ムネ",
                    "reading": "むね",
                    "surface": "胸",
                    "curPos": "n"
                },
                {
                    "base": "が",
                    "pos": "助詞,格助詞,一般,*",
                    "pronunciation": "ガ",
                    "reading": "",
                    "surface": "が",
                    "curPos": "av"
                },
                {
                    "base": "痛む",
                    "pos": "動詞,自立,*,*",
                    "pronunciation": "イタム",
                    "reading": "いたむ",
                    "surface": "痛む",
                    "curPos": "v"
                },
                {
                    "base": "の",
                    "pos": "名詞,非自立,一般,*",
                    "pronunciation": "ノ",
                    "reading": "",
                    "surface": "の",
                    "curPos": "n"
                },
                {
                    "base": "に",
                    "pos": "助詞,格助詞,一般,*",
                    "pronunciation": "ニ",
                    "reading": "",
                    "surface": "に",
                    "curPos": "av"
                }
            ]
        },
        {
            "id": 18,
            "surface": "甘み 喉の奥で感じてる",
            "words": [
                {
                    "base": "甘み",
                    "pos": "名詞,一般,*,*",
                    "pronunciation": "アマミ",
                    "reading": "あまみ",
                    "surface": "甘み",
                    "curPos": "n"
                },
                {
                    "base": "喉",
                    "pos": "名詞,一般,*,*",
                    "pronunciation": "ノド",
                    "reading": "のど",
                    "surface": "喉",
                    "curPos": "n"
                },
                {
                    "base": "の",
                    "pos": "助詞,連体化,*,*",
                    "pronunciation": "ノ",
                    "reading": "",
                    "surface": "の",
                    "curPos": "av"
                },
                {
                    "base": "奥",
                    "pos": "名詞,一般,*,*",
                    "pronunciation": "オク",
                    "reading": "おく",
                    "surface": "奥",
                    "curPos": "n"
                },
                {
                    "base": "で",
                    "pos": "助詞,格助詞,一般,*",
                    "pronunciation": "デ",
                    "reading": "",
                    "surface": "で",
                    "curPos": "av"
                },
                {
                    "base": "感じる",
                    "pos": "動詞,自立,*,*",
                    "pronunciation": "カンジ",
                    "reading": "かんじ",
                    "surface": "感じ",
                    "curPos": "v"
                },
                {
                    "base": "てる",
                    "pos": "動詞,非自立,*,*",
                    "pronunciation": "テル",
                    "reading": "",
                    "surface": "てる",
                    "curPos": "v"
                }
            ]
        },
        {
            "id": 19,
            "surface": "",
            "words": []
        },
        {
            "id": 20,
            "surface": "締め付けるのは たったひとつの",
            "words": [
                {
                    "base": "締め付ける",
                    "pos": "動詞,自立,*,*",
                    "pronunciation": "シメツケル",
                    "reading": "しめつける",
                    "surface": "締め付ける",
                    "curPos": "v"
                },
                {
                    "base": "の",
                    "pos": "名詞,非自立,一般,*",
                    "pronunciation": "ノ",
                    "reading": "",
                    "surface": "の",
                    "curPos": "n"
                },
                {
                    "base": "は",
                    "pos": "助詞,係助詞,*,*",
                    "pronunciation": "ワ",
                    "reading": "",
                    "surface": "は",
                    "curPos": "av"
                },
                {
                    "base": "たった",
                    "pos": "副詞,助詞類接続,*,*",
                    "pronunciation": "タッタ",
                    "reading": "",
                    "surface": "たった",
                    "curPos": "adv"
                },
                {
                    "base": "ひとつ",
                    "pos": "名詞,副詞可能,*,*",
                    "pronunciation": "ヒトツ",
                    "reading": "",
                    "surface": "ひとつ",
                    "curPos": "n"
                },
                {
                    "base": "の",
                    "pos": "助詞,連体化,*,*",
                    "pronunciation": "ノ",
                    "reading": "",
                    "surface": "の",
                    "curPos": "av"
                }
            ]
        },
        {
            "id": 21,
            "surface": "確かな答えだから",
            "words": [
                {
                    "base": "確か",
                    "pos": "名詞,形容動詞語幹,*,*",
                    "pronunciation": "タシカ",
                    "reading": "たしかな",
                    "surface": "確かな",
                    "curPos": "a"
                },
                {
                    "base": "答え",
                    "pos": "名詞,一般,*,*",
                    "pronunciation": "コタエ",
                    "reading": "こたえ",
                    "surface": "答え",
                    "curPos": "n"
                },
                {
                    "base": "だ",
                    "pos": "助動詞,*,*,*",
                    "pronunciation": "ダ",
                    "reading": "",
                    "surface": "だ",
                    "curPos": "mv"
                },
                {
                    "base": "から",
                    "pos": "助詞,接続助詞,*,*",
                    "pronunciation": "カラ",
                    "reading": "",
                    "surface": "から",
                    "curPos": "av"
                }
            ]
        },
        {
            "id": 22,
            "surface": "単純で曖昧 そんな恋愛に 微笑んだ空",
            "words": [
                {
                    "base": "単純",
                    "pos": "名詞,形容動詞語幹,*,*",
                    "pronunciation": "タンジュン",
                    "reading": "たんじゅん",
                    "surface": "単純",
                    "curPos": "n"
                },
                {
                    "base": "だ",
                    "pos": "助動詞,*,*,*",
                    "pronunciation": "デ",
                    "reading": "",
                    "surface": "で",
                    "curPos": "mv"
                },
                {
                    "base": "曖昧",
                    "pos": "名詞,形容動詞語幹,*,*",
                    "pronunciation": "アイマイ",
                    "reading": "あいまい",
                    "surface": "曖昧",
                    "curPos": "n"
                },
                {
                    "base": "そんな",
                    "pos": "連体詞,*,*,*",
                    "pronunciation": "ソンナ",
                    "reading": "",
                    "surface": "そんな",
                    "curPos": "/"
                },
                {
                    "base": "恋愛",
                    "pos": "名詞,サ変接続,*,*",
                    "pronunciation": "レンアイ",
                    "reading": "れんあい",
                    "surface": "恋愛",
                    "curPos": "n"
                },
                {
                    "base": "に",
                    "pos": "助詞,格助詞,一般,*",
                    "pronunciation": "ニ",
                    "reading": "",
                    "surface": "に",
                    "curPos": "av"
                },
                {
                    "base": "微笑む",
                    "pos": "動詞,自立,*,*",
                    "pronunciation": "ホホエン",
                    "reading": "ほほえんだ",
                    "surface": "微笑んだ",
                    "curPos": "v"
                },
                {
                    "base": "空",
                    "pos": "名詞,一般,*,*",
                    "pronunciation": "ソラ",
                    "reading": "そら",
                    "surface": "空",
                    "curPos": "n"
                }
            ]
        },
        {
            "id": 23,
            "surface": "",
            "words": []
        },
        {
            "id": 24,
            "surface": "So この深い感覚はTaste of love 不機嫌な顔したCloudy night",
            "words": [
                {
                    "base": "*",
                    "pos": "名詞,固有名詞,組織,*",
                    "pronunciation": "?",
                    "reading": "",
                    "surface": "So",
                    "curPos": "n"
                },
                {
                    "base": "この",
                    "pos": "連体詞,*,*,*",
                    "pronunciation": "コノ",
                    "reading": "",
                    "surface": "この",
                    "curPos": "/"
                },
                {
                    "base": "深い",
                    "pos": "形容詞,自立,*,*",
                    "pronunciation": "フカイ",
                    "reading": "ふかい",
                    "surface": "深い",
                    "curPos": "a"
                },
                {
                    "base": "感覚",
                    "pos": "名詞,一般,*,*",
                    "pronunciation": "カンカク",
                    "reading": "かんかく",
                    "surface": "感覚",
                    "curPos": "n"
                },
                {
                    "base": "は",
                    "pos": "助詞,係助詞,*,*",
                    "pronunciation": "ワ",
                    "reading": "",
                    "surface": "は",
                    "curPos": "av"
                },
                {
                    "base": "*",
                    "pos": "名詞,固有名詞,組織,*",
                    "pronunciation": "?",
                    "reading": "",
                    "surface": "Taste",
                    "curPos": "n"
                },
                {
                    "base": "*",
                    "pos": "名詞,固有名詞,組織,*",
                    "pronunciation": "?",
                    "reading": "",
                    "surface": "of",
                    "curPos": "n"
                },
                {
                    "base": "*",
                    "pos": "名詞,固有名詞,組織,*",
                    "pronunciation": "?",
                    "reading": "",
                    "surface": "love",
                    "curPos": "n"
                },
                {
                    "base": "不機嫌",
                    "pos": "名詞,形容動詞語幹,*,*",
                    "pronunciation": "フキゲン",
                    "reading": "ふきげんな",
                    "surface": "不機嫌な",
                    "curPos": "a"
                },
                {
                    "base": "顔",
                    "pos": "名詞,一般,*,*",
                    "pronunciation": "カオ",
                    "reading": "かお",
                    "surface": "顔",
                    "curPos": "n"
                },
                {
                    "base": "する",
                    "pos": "動詞,自立,*,*",
                    "pronunciation": "シ",
                    "reading": "",
                    "surface": "した",
                    "curPos": "v"
                },
                {
                    "base": "*",
                    "pos": "名詞,一般,*,*",
                    "pronunciation": "?",
                    "reading": "",
                    "surface": "Cloudy",
                    "curPos": "n"
                },
                {
                    "base": "*",
                    "pos": "名詞,固有名詞,組織,*",
                    "pronunciation": "?",
                    "reading": "",
                    "surface": "night",
                    "curPos": "n"
                }
            ]
        },
        {
            "id": 25,
            "surface": "ふたりのこのScene この愛Feel your mind 独りよがりだって",
            "words": [
                {
                    "base": "ふたり",
                    "pos": "名詞,一般,*,*",
                    "pronunciation": "フタリ",
                    "reading": "",
                    "surface": "ふたり",
                    "curPos": "n"
                },
                {
                    "base": "の",
                    "pos": "助詞,連体化,*,*",
                    "pronunciation": "ノ",
                    "reading": "",
                    "surface": "の",
                    "curPos": "av"
                },
                {
                    "base": "この",
                    "pos": "連体詞,*,*,*",
                    "pronunciation": "コノ",
                    "reading": "",
                    "surface": "この",
                    "curPos": "/"
                },
                {
                    "base": "*",
                    "pos": "名詞,一般,*,*",
                    "pronunciation": "?",
                    "reading": "",
                    "surface": "Scene",
                    "curPos": "n"
                },
                {
                    "base": "この",
                    "pos": "連体詞,*,*,*",
                    "pronunciation": "コノ",
                    "reading": "",
                    "surface": "この",
                    "curPos": "/"
                },
                {
                    "base": "愛",
                    "pos": "名詞,一般,*,*",
                    "pronunciation": "アイ",
                    "reading": "あい",
                    "surface": "愛",
                    "curPos": "n"
                },
                {
                    "base": "*",
                    "pos": "名詞,一般,*,*",
                    "pronunciation": "?",
                    "reading": "",
                    "surface": "Feel",
                    "curPos": "n"
                },
                {
                    "base": "*",
                    "pos": "名詞,固有名詞,組織,*",
                    "pronunciation": "?",
                    "reading": "",
                    "surface": "your",
                    "curPos": "n"
                },
                {
                    "base": "*",
                    "pos": "名詞,固有名詞,組織,*",
                    "pronunciation": "?",
                    "reading": "",
                    "surface": "mind",
                    "curPos": "n"
                },
                {
                    "base": "独りよがり",
                    "pos": "名詞,一般,*,*",
                    "pronunciation": "ヒトリヨガリ",
                    "reading": "ひとりよがり",
                    "surface": "独りよがり",
                    "curPos": "n"
                },
                {
                    "base": "だって",
                    "pos": "助詞,副助詞,*,*",
                    "pronunciation": "ダッテ",
                    "reading": "",
                    "surface": "だって",
                    "curPos": "av"
                }
            ]
        },
        {
            "id": 26,
            "surface": "つまらない悔しさも いつだって偽りのない鼓動",
            "words": [
                {
                    "base": "つまらない",
                    "pos": "形容詞,自立,*,*",
                    "pronunciation": "ツマラナイ",
                    "reading": "",
                    "surface": "つまらない",
                    "curPos": "a"
                },
                {
                    "base": "悔しい",
                    "pos": "形容詞,自立,*,*",
                    "pronunciation": "クヤシ",
                    "reading": "くやし",
                    "surface": "悔し",
                    "curPos": "a"
                },
                {
                    "base": "さ",
                    "pos": "名詞,接尾,特殊,*",
                    "pronunciation": "サ",
                    "reading": "",
                    "surface": "さ",
                    "left": true,
                    "curPos": "n"
                },
                {
                    "base": "も",
                    "pos": "助詞,係助詞,*,*",
                    "pronunciation": "モ",
                    "reading": "",
                    "surface": "も",
                    "curPos": "av"
                },
                {
                    "base": "いつ",
                    "pos": "名詞,代名詞,一般,*",
                    "pronunciation": "イツ",
                    "reading": "",
                    "surface": "いつ",
                    "curPos": "/"
                },
                {
                    "base": "だって",
                    "pos": "助詞,副助詞,*,*",
                    "pronunciation": "ダッテ",
                    "reading": "",
                    "surface": "だって",
                    "curPos": "av"
                },
                {
                    "base": "偽り",
                    "pos": "名詞,一般,*,*",
                    "pronunciation": "イツワリ",
                    "reading": "いつわり",
                    "surface": "偽り",
                    "curPos": "n"
                },
                {
                    "base": "の",
                    "pos": "助詞,格助詞,一般,*",
                    "pronunciation": "ノ",
                    "reading": "",
                    "surface": "の",
                    "curPos": "av"
                },
                {
                    "base": "ない",
                    "pos": "形容詞,自立,*,*",
                    "pronunciation": "ナイ",
                    "reading": "",
                    "surface": "ない",
                    "curPos": "a"
                },
                {
                    "base": "鼓動",
                    "pos": "名詞,サ変接続,*,*",
                    "pronunciation": "コドー",
                    "reading": "こどう",
                    "surface": "鼓動",
                    "curPos": "n"
                }
            ]
        },
        {
            "id": 27,
            "surface": "戻れない 譲れない Oh baby Can you feel my love tonight? Oh",
            "words": [
                {
                    "base": "戻れる",
                    "pos": "動詞,自立,*,*",
                    "pronunciation": "モドレ",
                    "reading": "もどれない",
                    "surface": "戻れない",
                    "curPos": "v"
                },
                {
                    "base": "譲れる",
                    "pos": "動詞,自立,*,*",
                    "pronunciation": "ユズレ",
                    "reading": "ゆずれない",
                    "surface": "譲れない",
                    "curPos": "v"
                },
                {
                    "base": "*",
                    "pos": "名詞,固有名詞,組織,*",
                    "pronunciation": "?",
                    "reading": "",
                    "surface": "Oh",
                    "curPos": "n"
                },
                {
                    "base": "*",
                    "pos": "名詞,固有名詞,組織,*",
                    "pronunciation": "?",
                    "reading": "",
                    "surface": "baby",
                    "curPos": "n"
                },
                {
                    "base": "*",
                    "pos": "名詞,固有名詞,組織,*",
                    "pronunciation": "?",
                    "reading": "",
                    "surface": "Can",
                    "curPos": "n"
                },
                {
                    "base": "*",
                    "pos": "名詞,固有名詞,組織,*",
                    "pronunciation": "?",
                    "reading": "",
                    "surface": "you",
                    "curPos": "n"
                },
                {
                    "base": "*",
                    "pos": "名詞,固有名詞,組織,*",
                    "pronunciation": "?",
                    "reading": "",
                    "surface": "feel",
                    "curPos": "n"
                },
                {
                    "base": "*",
                    "pos": "名詞,固有名詞,組織,*",
                    "pronunciation": "?",
                    "reading": "",
                    "surface": "my",
                    "curPos": "n"
                },
                {
                    "base": "*",
                    "pos": "名詞,固有名詞,組織,*",
                    "pronunciation": "?",
                    "reading": "",
                    "surface": "love",
                    "curPos": "n"
                },
                {
                    "base": "*",
                    "pos": "名詞,固有名詞,組織,*",
                    "pronunciation": "?",
                    "reading": "",
                    "surface": "tonight",
                    "curPos": "n"
                },
                {
                    "base": "*",
                    "pos": "名詞,サ変接続,*,*",
                    "pronunciation": "?",
                    "reading": "",
                    "surface": "?",
                    "curPos": "n"
                },
                {
                    "base": "*",
                    "pos": "名詞,固有名詞,組織,*",
                    "pronunciation": "?",
                    "reading": "",
                    "surface": "Oh",
                    "curPos": "n"
                }
            ]
        },
        {
            "id": 28,
            "surface": "",
            "words": []
        },
        {
            "id": 29,
            "surface": "触れない 愛疑っても 信じていたい Hey yeah",
            "words": [
                {
                    "base": "触れる",
                    "pos": "動詞,自立,*,*",
                    "pronunciation": "フレ",
                    "reading": "ふれない",
                    "surface": "触れない",
                    "curPos": "v"
                },
                {
                    "base": "愛",
                    "pos": "名詞,一般,*,*",
                    "pronunciation": "アイ",
                    "reading": "あい",
                    "surface": "愛",
                    "curPos": "n"
                },
                {
                    "base": "疑う",
                    "pos": "動詞,自立,*,*",
                    "pronunciation": "ウタガッ",
                    "reading": "うたがって",
                    "surface": "疑って",
                    "curPos": "v"
                },
                {
                    "base": "も",
                    "pos": "助詞,係助詞,*,*",
                    "pronunciation": "モ",
                    "reading": "",
                    "surface": "も",
                    "curPos": "av"
                },
                {
                    "base": "信じる",
                    "pos": "動詞,自立,*,*",
                    "pronunciation": "シンジ",
                    "reading": "しんじて",
                    "surface": "信じて",
                    "curPos": "v"
                },
                {
                    "base": "いる",
                    "pos": "動詞,非自立,*,*",
                    "pronunciation": "イ",
                    "reading": "",
                    "surface": "いたい",
                    "curPos": "v"
                },
                {
                    "base": "*",
                    "pos": "名詞,固有名詞,組織,*",
                    "pronunciation": "?",
                    "reading": "",
                    "surface": "Hey",
                    "curPos": "n"
                },
                {
                    "base": "*",
                    "pos": "名詞,固有名詞,組織,*",
                    "pronunciation": "?",
                    "reading": "",
                    "surface": "yeah",
                    "curPos": "n"
                }
            ]
        },
        {
            "id": 30,
            "surface": "",
            "words": []
        },
        {
            "id": 31,
            "surface": "君の知らない葛藤の渦 隠したMoonlight",
            "words": [
                {
                    "base": "君",
                    "pos": "名詞,代名詞,一般,*",
                    "pronunciation": "キミ",
                    "reading": "きみ",
                    "surface": "君",
                    "curPos": "/"
                },
                {
                    "base": "の",
                    "pos": "助詞,格助詞,一般,*",
                    "pronunciation": "ノ",
                    "reading": "",
                    "surface": "の",
                    "curPos": "av"
                },
                {
                    "base": "知る",
                    "pos": "動詞,自立,*,*",
                    "pronunciation": "シラ",
                    "reading": "しらない",
                    "surface": "知らない",
                    "curPos": "v"
                },
                {
                    "base": "葛藤",
                    "pos": "名詞,一般,*,*",
                    "pronunciation": "カットー",
                    "reading": "かっとう",
                    "surface": "葛藤",
                    "curPos": "n"
                },
                {
                    "base": "の",
                    "pos": "助詞,連体化,*,*",
                    "pronunciation": "ノ",
                    "reading": "",
                    "surface": "の",
                    "curPos": "av"
                },
                {
                    "base": "渦",
                    "pos": "名詞,一般,*,*",
                    "pronunciation": "ウズ",
                    "reading": "うず",
                    "surface": "渦",
                    "curPos": "n"
                },
                {
                    "base": "隠す",
                    "pos": "動詞,自立,*,*",
                    "pronunciation": "カクシ",
                    "reading": "かくした",
                    "surface": "隠した",
                    "curPos": "v"
                },
                {
                    "base": "*",
                    "pos": "名詞,固有名詞,組織,*",
                    "pronunciation": "?",
                    "reading": "",
                    "surface": "Moonlight",
                    "curPos": "n"
                }
            ]
        },
        {
            "id": 32,
            "surface": "だけど何か 感じ取ってるYour eyes",
            "words": [
                {
                    "base": "だけど",
                    "pos": "接続詞,*,*,*",
                    "pronunciation": "ダケド",
                    "reading": "",
                    "surface": "だけど",
                    "curPos": "/"
                },
                {
                    "base": "何",
                    "pos": "名詞,代名詞,一般,*",
                    "pronunciation": "ナニ",
                    "reading": "なに",
                    "surface": "何",
                    "curPos": "/"
                },
                {
                    "base": "か",
                    "pos": "助詞,副助詞／並立助詞／終助詞,*,*",
                    "pronunciation": "カ",
                    "reading": "",
                    "surface": "か",
                    "curPos": "av"
                },
                {
                    "base": "感じ取る",
                    "pos": "動詞,自立,*,*",
                    "pronunciation": "カンジトッ",
                    "reading": "かんじとっ",
                    "surface": "感じ取っ",
                    "curPos": "v"
                },
                {
                    "base": "てる",
                    "pos": "動詞,非自立,*,*",
                    "pronunciation": "テル",
                    "reading": "",
                    "surface": "てる",
                    "curPos": "v"
                },
                {
                    "base": "*",
                    "pos": "名詞,固有名詞,組織,*",
                    "pronunciation": "?",
                    "reading": "",
                    "surface": "Your",
                    "curPos": "n"
                },
                {
                    "base": "*",
                    "pos": "名詞,固有名詞,組織,*",
                    "pronunciation": "?",
                    "reading": "",
                    "surface": "eyes",
                    "curPos": "n"
                }
            ]
        },
        {
            "id": 33,
            "surface": "止めてしまいたい こんなJealousy 今すぐにでも",
            "words": [
                {
                    "base": "止める",
                    "pos": "動詞,自立,*,*",
                    "pronunciation": "トメ",
                    "reading": "とめて",
                    "surface": "止めて",
                    "curPos": "v"
                },
                {
                    "base": "しまう",
                    "pos": "動詞,非自立,*,*",
                    "pronunciation": "シマイ",
                    "reading": "",
                    "surface": "しまいたい",
                    "curPos": "v"
                },
                {
                    "base": "こんな",
                    "pos": "連体詞,*,*,*",
                    "pronunciation": "コンナ",
                    "reading": "",
                    "surface": "こんな",
                    "curPos": "/"
                },
                {
                    "base": "*",
                    "pos": "名詞,一般,*,*",
                    "pronunciation": "?",
                    "reading": "",
                    "surface": "Jealousy",
                    "curPos": "n"
                },
                {
                    "base": "今",
                    "pos": "名詞,副詞可能,*,*",
                    "pronunciation": "イマ",
                    "reading": "いま",
                    "surface": "今",
                    "curPos": "n"
                },
                {
                    "base": "すぐ",
                    "pos": "副詞,助詞類接続,*,*",
                    "pronunciation": "スグ",
                    "reading": "",
                    "surface": "すぐ",
                    "curPos": "adv"
                },
                {
                    "base": "に",
                    "pos": "助詞,副詞化,*,*",
                    "pronunciation": "ニ",
                    "reading": "",
                    "surface": "に",
                    "curPos": "av"
                },
                {
                    "base": "でも",
                    "pos": "助詞,副助詞,*,*",
                    "pronunciation": "デモ",
                    "reading": "",
                    "surface": "でも",
                    "curPos": "av"
                }
            ]
        },
        {
            "id": 34,
            "surface": "",
            "words": []
        },
        {
            "id": 35,
            "surface": "So ほろ苦いこの夜はTaste of love さりげなく滲むPainful star",
            "words": [
                {
                    "base": "*",
                    "pos": "名詞,固有名詞,組織,*",
                    "pronunciation": "?",
                    "reading": "",
                    "surface": "So",
                    "curPos": "n"
                },
                {
                    "base": "ほろ苦い",
                    "pos": "形容詞,自立,*,*",
                    "pronunciation": "ホロニガイ",
                    "reading": "ほろにがい",
                    "surface": "ほろ苦い",
                    "curPos": "a"
                },
                {
                    "base": "この",
                    "pos": "連体詞,*,*,*",
                    "pronunciation": "コノ",
                    "reading": "",
                    "surface": "この",
                    "curPos": "/"
                },
                {
                    "base": "夜",
                    "pos": "名詞,副詞可能,*,*",
                    "pronunciation": "ヨル",
                    "reading": "よる",
                    "surface": "夜",
                    "curPos": "n"
                },
                {
                    "base": "は",
                    "pos": "助詞,係助詞,*,*",
                    "pronunciation": "ワ",
                    "reading": "",
                    "surface": "は",
                    "curPos": "av"
                },
                {
                    "base": "*",
                    "pos": "名詞,固有名詞,組織,*",
                    "pronunciation": "?",
                    "reading": "",
                    "surface": "Taste",
                    "curPos": "n"
                },
                {
                    "base": "*",
                    "pos": "名詞,固有名詞,組織,*",
                    "pronunciation": "?",
                    "reading": "",
                    "surface": "of",
                    "curPos": "n"
                },
                {
                    "base": "*",
                    "pos": "名詞,固有名詞,組織,*",
                    "pronunciation": "?",
                    "reading": "",
                    "surface": "love",
                    "curPos": "n"
                },
                {
                    "base": "さりげ",
                    "pos": "名詞,ナイ形容詞語幹,*,*",
                    "pronunciation": "サリゲ",
                    "reading": "",
                    "surface": "さりげ",
                    "curPos": "n"
                },
                {
                    "base": "ない",
                    "pos": "助動詞,*,*,*",
                    "pronunciation": "ナク",
                    "reading": "",
                    "surface": "なく",
                    "curPos": "mv"
                },
                {
                    "base": "滲む",
                    "pos": "動詞,自立,*,*",
                    "pronunciation": "ニジム",
                    "reading": "にじむ",
                    "surface": "滲む",
                    "curPos": "v"
                },
                {
                    "base": "*",
                    "pos": "名詞,固有名詞,組織,*",
                    "pronunciation": "?",
                    "reading": "",
                    "surface": "Painful",
                    "curPos": "n"
                },
                {
                    "base": "*",
                    "pos": "名詞,固有名詞,組織,*",
                    "pronunciation": "?",
                    "reading": "",
                    "surface": "star",
                    "curPos": "n"
                }
            ]
        },
        {
            "id": 36,
            "surface": "包み込んだBeat こぼれるDeep sigh これ以上要らない",
            "words": [
                {
                    "base": "包み込む",
                    "pos": "動詞,自立,*,*",
                    "pronunciation": "ツツミコン",
                    "reading": "つつみこんだ",
                    "surface": "包み込んだ",
                    "curPos": "v"
                },
                {
                    "base": "*",
                    "pos": "名詞,固有名詞,組織,*",
                    "pronunciation": "?",
                    "reading": "",
                    "surface": "Beat",
                    "curPos": "n"
                },
                {
                    "base": "こぼれる",
                    "pos": "動詞,自立,*,*",
                    "pronunciation": "コボレル",
                    "reading": "",
                    "surface": "こぼれる",
                    "curPos": "v"
                },
                {
                    "base": "*",
                    "pos": "名詞,一般,*,*",
                    "pronunciation": "?",
                    "reading": "",
                    "surface": "Deep",
                    "curPos": "n"
                },
                {
                    "base": "*",
                    "pos": "名詞,固有名詞,組織,*",
                    "pronunciation": "?",
                    "reading": "",
                    "surface": "sigh",
                    "curPos": "n"
                },
                {
                    "base": "これ",
                    "pos": "名詞,代名詞,一般,*",
                    "pronunciation": "コレ",
                    "reading": "",
                    "surface": "これ",
                    "curPos": "/"
                },
                {
                    "base": "以上",
                    "pos": "名詞,非自立,副詞可能,*",
                    "pronunciation": "イジョー",
                    "reading": "いじょう",
                    "surface": "以上",
                    "curPos": "n"
                },
                {
                    "base": "要る",
                    "pos": "動詞,自立,*,*",
                    "pronunciation": "イラ",
                    "reading": "いらない",
                    "surface": "要らない",
                    "curPos": "v"
                }
            ]
        },
        {
            "id": 37,
            "surface": "何気ない雰囲気も どこかで匂わせてる素振りも",
            "words": [
                {
                    "base": "何気ない",
                    "pos": "形容詞,自立,*,*",
                    "pronunciation": "ナニゲナイ",
                    "reading": "なにげない",
                    "surface": "何気ない",
                    "curPos": "a"
                },
                {
                    "base": "雰囲気",
                    "pos": "名詞,一般,*,*",
                    "pronunciation": "フンイキ",
                    "reading": "ふんいき",
                    "surface": "雰囲気",
                    "curPos": "n"
                },
                {
                    "base": "も",
                    "pos": "助詞,係助詞,*,*",
                    "pronunciation": "モ",
                    "reading": "",
                    "surface": "も",
                    "curPos": "av"
                },
                {
                    "base": "どこ",
                    "pos": "名詞,代名詞,一般,*",
                    "pronunciation": "ドコ",
                    "reading": "",
                    "surface": "どこ",
                    "curPos": "/"
                },
                {
                    "base": "か",
                    "pos": "助詞,副助詞／並立助詞／終助詞,*,*",
                    "pronunciation": "カ",
                    "reading": "",
                    "surface": "か",
                    "curPos": "av"
                },
                {
                    "base": "で",
                    "pos": "助詞,格助詞,一般,*",
                    "pronunciation": "デ",
                    "reading": "",
                    "surface": "で",
                    "curPos": "av"
                },
                {
                    "base": "匂わせる",
                    "pos": "動詞,自立,*,*",
                    "pronunciation": "ニオワセ",
                    "reading": "におわせ",
                    "surface": "匂わせ",
                    "curPos": "v"
                },
                {
                    "base": "てる",
                    "pos": "動詞,非自立,*,*",
                    "pronunciation": "テル",
                    "reading": "",
                    "surface": "てる",
                    "curPos": "v"
                },
                {
                    "base": "素振り",
                    "pos": "名詞,一般,*,*",
                    "pronunciation": "ソブリ",
                    "reading": "そぶり",
                    "surface": "素振り",
                    "curPos": "n"
                },
                {
                    "base": "も",
                    "pos": "助詞,係助詞,*,*",
                    "pronunciation": "モ",
                    "reading": "",
                    "surface": "も",
                    "curPos": "av"
                }
            ]
        },
        {
            "id": 38,
            "surface": "止まらない 届けたい Oh baby Can you feel my love tonight? Oh",
            "words": [
                {
                    "base": "止まる",
                    "pos": "動詞,自立,*,*",
                    "pronunciation": "トマラ",
                    "reading": "とまらない",
                    "surface": "止まらない",
                    "curPos": "v"
                },
                {
                    "base": "届ける",
                    "pos": "動詞,自立,*,*",
                    "pronunciation": "トドケ",
                    "reading": "とどけたい",
                    "surface": "届けたい",
                    "curPos": "v"
                },
                {
                    "base": "*",
                    "pos": "名詞,固有名詞,組織,*",
                    "pronunciation": "?",
                    "reading": "",
                    "surface": "Oh",
                    "curPos": "n"
                },
                {
                    "base": "*",
                    "pos": "名詞,固有名詞,組織,*",
                    "pronunciation": "?",
                    "reading": "",
                    "surface": "baby",
                    "curPos": "n"
                },
                {
                    "base": "*",
                    "pos": "名詞,固有名詞,組織,*",
                    "pronunciation": "?",
                    "reading": "",
                    "surface": "Can",
                    "curPos": "n"
                },
                {
                    "base": "*",
                    "pos": "名詞,固有名詞,組織,*",
                    "pronunciation": "?",
                    "reading": "",
                    "surface": "you",
                    "curPos": "n"
                },
                {
                    "base": "*",
                    "pos": "名詞,固有名詞,組織,*",
                    "pronunciation": "?",
                    "reading": "",
                    "surface": "feel",
                    "curPos": "n"
                },
                {
                    "base": "*",
                    "pos": "名詞,固有名詞,組織,*",
                    "pronunciation": "?",
                    "reading": "",
                    "surface": "my",
                    "curPos": "n"
                },
                {
                    "base": "*",
                    "pos": "名詞,固有名詞,組織,*",
                    "pronunciation": "?",
                    "reading": "",
                    "surface": "love",
                    "curPos": "n"
                },
                {
                    "base": "*",
                    "pos": "名詞,固有名詞,組織,*",
                    "pronunciation": "?",
                    "reading": "",
                    "surface": "tonight",
                    "curPos": "n"
                },
                {
                    "base": "*",
                    "pos": "名詞,サ変接続,*,*",
                    "pronunciation": "?",
                    "reading": "",
                    "surface": "?",
                    "curPos": "n"
                },
                {
                    "base": "*",
                    "pos": "名詞,固有名詞,組織,*",
                    "pronunciation": "?",
                    "reading": "",
                    "surface": "Oh",
                    "curPos": "n"
                }
            ]
        },
        {
            "id": 39,
            "surface": "",
            "words": []
        },
        {
            "id": 40,
            "surface": "Can you feel my love...",
            "words": [
                {
                    "base": "*",
                    "pos": "名詞,固有名詞,組織,*",
                    "pronunciation": "?",
                    "reading": "",
                    "surface": "Can",
                    "curPos": "n"
                },
                {
                    "base": "*",
                    "pos": "名詞,固有名詞,組織,*",
                    "pronunciation": "?",
                    "reading": "",
                    "surface": "you",
                    "curPos": "n"
                },
                {
                    "base": "*",
                    "pos": "名詞,固有名詞,組織,*",
                    "pronunciation": "?",
                    "reading": "",
                    "surface": "feel",
                    "curPos": "n"
                },
                {
                    "base": "*",
                    "pos": "名詞,固有名詞,組織,*",
                    "pronunciation": "?",
                    "reading": "",
                    "surface": "my",
                    "curPos": "n"
                },
                {
                    "base": "*",
                    "pos": "名詞,固有名詞,組織,*",
                    "pronunciation": "?",
                    "reading": "",
                    "surface": "love",
                    "curPos": "n"
                },
                {
                    "base": "*",
                    "pos": "名詞,サ変接続,*,*",
                    "pronunciation": "?",
                    "reading": "",
                    "surface": "...",
                    "curPos": "/",
                    "left": true
                }
            ]
        },
        {
            "id": 41,
            "surface": "",
            "words": []
        }
    ],
    "pureLrc": [
        "そんなニュアンスが漂う プラスティックな街に変わる",
        "月が照らした愛と君が 遠くなって",
        "モノクローム すべてを染めてゆく",
        "唇から溢れる想い",
        "手前で呑み込んだこと気付いて",
        "",
        "どうすればいい? 囁く声",
        "切なく響くMelody",
        "止めてしまいたい こんなJealousy 今すぐにでも",
        "",
        "So ほろ苦いこの夜はTaste of love さりげなく滲むPainful star",
        "包み込んだBeat こぼれるDeep sigh これ以上要らない",
        "何気ない雰囲気も どこかで匂わせてる素振りも",
        "止まらない 届けたい Oh baby Can you feel my love tonight? Oh",
        "",
        "積み重ねた大切な記憶 プライド刺激した影の引力 Yeah",
        "何故かふいに強引に そう愛を抱きしめ Keep it up Keeping on",
        "(Slowly)悪戯な夜に (Story)胸が痛むのに",
        "甘み 喉の奥で感じてる",
        "",
        "締め付けるのは たったひとつの",
        "確かな答えだから",
        "単純で曖昧 そんな恋愛に 微笑んだ空",
        "",
        "So この深い感覚はTaste of love 不機嫌な顔したCloudy night",
        "ふたりのこのScene この愛Feel your mind 独りよがりだって",
        "つまらない悔しさも いつだって偽りのない鼓動",
        "戻れない 譲れない Oh baby Can you feel my love tonight? Oh",
        "",
        "触れない 愛疑っても 信じていたい Hey yeah",
        "",
        "君の知らない葛藤の渦 隠したMoonlight",
        "だけど何か 感じ取ってるYour eyes",
        "止めてしまいたい こんなJealousy 今すぐにでも",
        "",
        "So ほろ苦いこの夜はTaste of love さりげなく滲むPainful star",
        "包み込んだBeat こぼれるDeep sigh これ以上要らない",
        "何気ない雰囲気も どこかで匂わせてる素振りも",
        "止まらない 届けたい Oh baby Can you feel my love tonight? Oh",
        "",
        "Can you feel my love...",
        ""
    ]
}