{
    "name": "KISS Diary",
    "artist": [
        "Hey!Say!JUMP"
    ],
    "producer": [
        {
            "label": "作詞",
            "value": [
                "MIZUE"
            ]
        },
        {
            "label": "作曲",
            "value": [
                "すみだしんや"
            ]
        }
    ],
    "lrc": [
        {
            "id": 0,
            "surface": "カウントダウンをしながら明けた 今年が急いで過ぎ去って",
            "words": [
                {
                    "base": "カウントダウン",
                    "pos": "名詞,一般,*,*",
                    "pronunciation": "カウントダウン",
                    "reading": "",
                    "surface": "カウントダウン",
                    "curPos": "n"
                },
                {
                    "base": "を",
                    "pos": "助詞,格助詞,一般,*",
                    "pronunciation": "ヲ",
                    "reading": "",
                    "surface": "を",
                    "curPos": "av"
                },
                {
                    "base": "する",
                    "pos": "動詞,自立,*,*",
                    "pronunciation": "シ",
                    "reading": "",
                    "surface": "し",
                    "curPos": "v"
                },
                {
                    "base": "ながら",
                    "pos": "助詞,接続助詞,*,*",
                    "pronunciation": "ナガラ",
                    "reading": "",
                    "surface": "ながら",
                    "curPos": "av"
                },
                {
                    "base": "明ける",
                    "pos": "動詞,自立,*,*",
                    "pronunciation": "アケ",
                    "reading": "あけた",
                    "surface": "明けた",
                    "curPos": "v"
                },
                {
                    "base": "今年",
                    "pos": "名詞,副詞可能,*,*",
                    "pronunciation": "コトシ",
                    "reading": "ことし",
                    "surface": "今年",
                    "curPos": "n"
                },
                {
                    "base": "が",
                    "pos": "助詞,格助詞,一般,*",
                    "pronunciation": "ガ",
                    "reading": "",
                    "surface": "が",
                    "curPos": "av"
                },
                {
                    "base": "急ぐ",
                    "pos": "動詞,自立,*,*",
                    "pronunciation": "イソイ",
                    "reading": "いそい",
                    "surface": "急い",
                    "curPos": "v"
                },
                {
                    "base": "で",
                    "pos": "助詞,接続助詞,*,*",
                    "pronunciation": "デ",
                    "reading": "",
                    "surface": "で",
                    "curPos": "av"
                },
                {
                    "base": "過ぎ去る",
                    "pos": "動詞,自立,*,*",
                    "pronunciation": "スギサッ",
                    "reading": "すぎさって",
                    "surface": "過ぎ去って",
                    "curPos": "v"
                }
            ]
        },
        {
            "id": 1,
            "surface": "前より短く感じる毎日 時間に追われて すれ違って",
            "words": [
                {
                    "base": "前",
                    "pos": "名詞,副詞可能,*,*",
                    "pronunciation": "マエ",
                    "reading": "まえ",
                    "surface": "前",
                    "curPos": "n"
                },
                {
                    "base": "より",
                    "pos": "助詞,格助詞,一般,*",
                    "pronunciation": "ヨリ",
                    "reading": "",
                    "surface": "より",
                    "curPos": "av"
                },
                {
                    "base": "短い",
                    "pos": "形容詞,自立,*,*",
                    "pronunciation": "ミジカク",
                    "reading": "みじかく",
                    "surface": "短く",
                    "curPos": "a"
                },
                {
                    "base": "感じる",
                    "pos": "動詞,自立,*,*",
                    "pronunciation": "カンジル",
                    "reading": "かんじる",
                    "surface": "感じる",
                    "curPos": "v"
                },
                {
                    "base": "毎日",
                    "pos": "名詞,副詞可能,*,*",
                    "pronunciation": "マイニチ",
                    "reading": "まいにち",
                    "surface": "毎日",
                    "curPos": "n"
                },
                {
                    "base": "時間",
                    "pos": "名詞,副詞可能,*,*",
                    "pronunciation": "ジカン",
                    "reading": "じかん",
                    "surface": "時間",
                    "curPos": "n"
                },
                {
                    "base": "に",
                    "pos": "助詞,格助詞,一般,*",
                    "pronunciation": "ニ",
                    "reading": "",
                    "surface": "に",
                    "curPos": "av"
                },
                {
                    "base": "追う",
                    "pos": "動詞,自立,*,*",
                    "pronunciation": "オワ",
                    "reading": "おわ",
                    "surface": "追わ",
                    "curPos": "v"
                },
                {
                    "base": "れる",
                    "pos": "動詞,接尾,*,*",
                    "pronunciation": "レ",
                    "reading": "",
                    "surface": "れて",
                    "curPos": "v"
                },
                {
                    "base": "すれ違う",
                    "pos": "動詞,自立,*,*",
                    "pronunciation": "スレチガッ",
                    "reading": "すれちがって",
                    "surface": "すれ違って",
                    "curPos": "v"
                }
            ]
        },
        {
            "id": 2,
            "surface": "",
            "words": []
        },
        {
            "id": 3,
            "surface": "満開の桜も 夏祭りも 夕陽の海も スキーも",
            "words": [
                {
                    "base": "満開",
                    "pos": "名詞,一般,*,*",
                    "pronunciation": "マンカイ",
                    "reading": "まんかい",
                    "surface": "満開",
                    "curPos": "n"
                },
                {
                    "base": "の",
                    "pos": "助詞,連体化,*,*",
                    "pronunciation": "ノ",
                    "reading": "",
                    "surface": "の",
                    "curPos": "av"
                },
                {
                    "base": "桜",
                    "pos": "名詞,一般,*,*",
                    "pronunciation": "サクラ",
                    "reading": "さくら",
                    "surface": "桜",
                    "curPos": "n"
                },
                {
                    "base": "も",
                    "pos": "助詞,係助詞,*,*",
                    "pronunciation": "モ",
                    "reading": "",
                    "surface": "も",
                    "curPos": "av"
                },
                {
                    "base": "夏",
                    "pos": "名詞,固有名詞,人名,姓",
                    "pronunciation": "ナツ",
                    "reading": "なつ",
                    "surface": "夏",
                    "curPos": "/"
                },
                {
                    "base": "祭り",
                    "pos": "名詞,一般,*,*",
                    "pronunciation": "マツリ",
                    "reading": "まつり",
                    "surface": "祭り",
                    "curPos": "n"
                },
                {
                    "base": "も",
                    "pos": "助詞,係助詞,*,*",
                    "pronunciation": "モ",
                    "reading": "",
                    "surface": "も",
                    "curPos": "av"
                },
                {
                    "base": "夕陽",
                    "pos": "名詞,一般,*,*",
                    "pronunciation": "ユーヒ",
                    "reading": "ゆうひ",
                    "surface": "夕陽",
                    "curPos": "n"
                },
                {
                    "base": "の",
                    "pos": "助詞,連体化,*,*",
                    "pronunciation": "ノ",
                    "reading": "",
                    "surface": "の",
                    "curPos": "av"
                },
                {
                    "base": "海",
                    "pos": "名詞,一般,*,*",
                    "pronunciation": "ウミ",
                    "reading": "うみ",
                    "surface": "海",
                    "curPos": "n"
                },
                {
                    "base": "も",
                    "pos": "助詞,係助詞,*,*",
                    "pronunciation": "モ",
                    "reading": "",
                    "surface": "も",
                    "curPos": "av"
                },
                {
                    "base": "スキー",
                    "pos": "名詞,一般,*,*",
                    "pronunciation": "スキー",
                    "reading": "",
                    "surface": "スキー",
                    "curPos": "n"
                },
                {
                    "base": "も",
                    "pos": "助詞,係助詞,*,*",
                    "pronunciation": "モ",
                    "reading": "",
                    "surface": "も",
                    "curPos": "av"
                }
            ]
        },
        {
            "id": 4,
            "surface": "一緒に行こうなんて約束だけ 増えていくけど",
            "words": [
                {
                    "base": "一緒",
                    "pos": "名詞,サ変接続,*,*",
                    "pronunciation": "イッショ",
                    "reading": "いっしょ",
                    "surface": "一緒",
                    "curPos": "n"
                },
                {
                    "base": "に",
                    "pos": "助詞,格助詞,一般,*",
                    "pronunciation": "ニ",
                    "reading": "",
                    "surface": "に",
                    "curPos": "av"
                },
                {
                    "base": "行く",
                    "pos": "動詞,自立,*,*",
                    "pronunciation": "イコ",
                    "reading": "いこう",
                    "surface": "行こう",
                    "curPos": "v"
                },
                {
                    "base": "なんて",
                    "pos": "助詞,副助詞,*,*",
                    "pronunciation": "ナンテ",
                    "reading": "",
                    "surface": "なんて",
                    "curPos": "av"
                },
                {
                    "base": "約束",
                    "pos": "名詞,サ変接続,*,*",
                    "pronunciation": "ヤクソク",
                    "reading": "やくそく",
                    "surface": "約束",
                    "curPos": "n"
                },
                {
                    "base": "だけ",
                    "pos": "助詞,副助詞,*,*",
                    "pronunciation": "ダケ",
                    "reading": "",
                    "surface": "だけ",
                    "curPos": "av"
                },
                {
                    "base": "増える",
                    "pos": "動詞,自立,*,*",
                    "pronunciation": "フエ",
                    "reading": "ふえて",
                    "surface": "増えて",
                    "curPos": "v"
                },
                {
                    "base": "いく",
                    "pos": "動詞,非自立,*,*",
                    "pronunciation": "イク",
                    "reading": "",
                    "surface": "いく",
                    "curPos": "v"
                },
                {
                    "base": "けど",
                    "pos": "助詞,接続助詞,*,*",
                    "pronunciation": "ケド",
                    "reading": "",
                    "surface": "けど",
                    "curPos": "av"
                }
            ]
        },
        {
            "id": 5,
            "surface": "",
            "words": []
        },
        {
            "id": 6,
            "surface": "笑顔のKISS ずっと分け合いたい ふたり",
            "words": [
                {
                    "base": "笑顔",
                    "pos": "名詞,一般,*,*",
                    "pronunciation": "エガオ",
                    "reading": "えがお",
                    "surface": "笑顔",
                    "curPos": "n"
                },
                {
                    "base": "の",
                    "pos": "助詞,連体化,*,*",
                    "pronunciation": "ノ",
                    "reading": "",
                    "surface": "の",
                    "curPos": "av"
                },
                {
                    "base": "*",
                    "pos": "名詞,一般,*,*",
                    "pronunciation": "?",
                    "reading": "",
                    "surface": "KISS",
                    "curPos": "n"
                },
                {
                    "base": "ずっと",
                    "pos": "副詞,一般,*,*",
                    "pronunciation": "ズット",
                    "reading": "",
                    "surface": "ずっと",
                    "curPos": "adv"
                },
                {
                    "base": "分け合う",
                    "pos": "動詞,自立,*,*",
                    "pronunciation": "ワケアイ",
                    "reading": "わけあいたい",
                    "surface": "分け合いたい",
                    "curPos": "v"
                },
                {
                    "base": "ふたり",
                    "pos": "名詞,一般,*,*",
                    "pronunciation": "フタリ",
                    "reading": "",
                    "surface": "ふたり",
                    "curPos": "n"
                }
            ]
        },
        {
            "id": 7,
            "surface": "しあわせはここにあるよ",
            "words": [
                {
                    "base": "しあわせ",
                    "pos": "名詞,形容動詞語幹,*,*",
                    "pronunciation": "シアワセ",
                    "reading": "",
                    "surface": "しあわせ",
                    "curPos": "n"
                },
                {
                    "base": "は",
                    "pos": "助詞,係助詞,*,*",
                    "pronunciation": "ワ",
                    "reading": "",
                    "surface": "は",
                    "curPos": "av"
                },
                {
                    "base": "ここ",
                    "pos": "名詞,代名詞,一般,*",
                    "pronunciation": "ココ",
                    "reading": "",
                    "surface": "ここ",
                    "curPos": "/"
                },
                {
                    "base": "に",
                    "pos": "助詞,格助詞,一般,*",
                    "pronunciation": "ニ",
                    "reading": "",
                    "surface": "に",
                    "curPos": "av"
                },
                {
                    "base": "ある",
                    "pos": "動詞,自立,*,*",
                    "pronunciation": "アル",
                    "reading": "",
                    "surface": "ある",
                    "curPos": "v"
                },
                {
                    "base": "よ",
                    "pos": "助詞,終助詞,*,*",
                    "pronunciation": "ヨ",
                    "reading": "",
                    "surface": "よ",
                    "curPos": "av"
                }
            ]
        },
        {
            "id": 8,
            "surface": "涙のKISS そっと寄り添いたい だから",
            "words": [
                {
                    "base": "涙",
                    "pos": "名詞,一般,*,*",
                    "pronunciation": "ナミダ",
                    "reading": "なみだ",
                    "surface": "涙",
                    "curPos": "n"
                },
                {
                    "base": "の",
                    "pos": "助詞,連体化,*,*",
                    "pronunciation": "ノ",
                    "reading": "",
                    "surface": "の",
                    "curPos": "av"
                },
                {
                    "base": "*",
                    "pos": "名詞,一般,*,*",
                    "pronunciation": "?",
                    "reading": "",
                    "surface": "KISS",
                    "curPos": "n"
                },
                {
                    "base": "そっと",
                    "pos": "副詞,一般,*,*",
                    "pronunciation": "ソット",
                    "reading": "",
                    "surface": "そっと",
                    "curPos": "adv"
                },
                {
                    "base": "寄り添う",
                    "pos": "動詞,自立,*,*",
                    "pronunciation": "ヨリソイ",
                    "reading": "よりそいたい",
                    "surface": "寄り添いたい",
                    "curPos": "v"
                },
                {
                    "base": "だから",
                    "pos": "接続詞,*,*,*",
                    "pronunciation": "ダカラ",
                    "reading": "",
                    "surface": "だから",
                    "curPos": "/"
                }
            ]
        },
        {
            "id": 9,
            "surface": "昨日よりもっと想い抱き締めて 開くDiary",
            "words": [
                {
                    "base": "昨日",
                    "pos": "名詞,副詞可能,*,*",
                    "pronunciation": "キノー",
                    "reading": "きのう",
                    "surface": "昨日",
                    "curPos": "n"
                },
                {
                    "base": "より",
                    "pos": "助詞,格助詞,一般,*",
                    "pronunciation": "ヨリ",
                    "reading": "",
                    "surface": "より",
                    "curPos": "av"
                },
                {
                    "base": "もっと",
                    "pos": "副詞,一般,*,*",
                    "pronunciation": "モット",
                    "reading": "",
                    "surface": "もっと",
                    "curPos": "adv"
                },
                {
                    "base": "想う",
                    "pos": "動詞,自立,*,*",
                    "pronunciation": "オモイ",
                    "reading": "おもい",
                    "surface": "想い",
                    "curPos": "v"
                },
                {
                    "base": "抱き締める",
                    "pos": "動詞,自立,*,*",
                    "pronunciation": "ダキシメ",
                    "reading": "だきしめて",
                    "surface": "抱き締めて",
                    "curPos": "v"
                },
                {
                    "base": "開く",
                    "pos": "動詞,自立,*,*",
                    "pronunciation": "ヒラク",
                    "reading": "ひらく",
                    "surface": "開く",
                    "curPos": "v"
                },
                {
                    "base": "*",
                    "pos": "名詞,固有名詞,組織,*",
                    "pronunciation": "?",
                    "reading": "",
                    "surface": "Diary",
                    "curPos": "n"
                }
            ]
        },
        {
            "id": 10,
            "surface": "",
            "words": []
        },
        {
            "id": 11,
            "surface": "ハッピーエンドの映画を観たって ココロが晴れないそんな日",
            "words": [
                {
                    "base": "ハッピーエンド",
                    "pos": "名詞,一般,*,*",
                    "pronunciation": "ハッピーエンド",
                    "reading": "",
                    "surface": "ハッピーエンド",
                    "curPos": "n"
                },
                {
                    "base": "の",
                    "pos": "助詞,連体化,*,*",
                    "pronunciation": "ノ",
                    "reading": "",
                    "surface": "の",
                    "curPos": "av"
                },
                {
                    "base": "映画",
                    "pos": "名詞,一般,*,*",
                    "pronunciation": "エイガ",
                    "reading": "えいが",
                    "surface": "映画",
                    "curPos": "n"
                },
                {
                    "base": "を",
                    "pos": "助詞,格助詞,一般,*",
                    "pronunciation": "ヲ",
                    "reading": "",
                    "surface": "を",
                    "curPos": "av"
                },
                {
                    "base": "観る",
                    "pos": "動詞,自立,*,*",
                    "pronunciation": "ミ",
                    "reading": "みた",
                    "surface": "観た",
                    "curPos": "v"
                },
                {
                    "base": "って",
                    "pos": "助詞,格助詞,連語,*",
                    "pronunciation": "ッテ",
                    "reading": "",
                    "surface": "って",
                    "curPos": "av"
                },
                {
                    "base": "ココロ",
                    "pos": "名詞,固有名詞,組織,*",
                    "pronunciation": "ココロ",
                    "reading": "",
                    "surface": "ココロ",
                    "curPos": "n"
                },
                {
                    "base": "が",
                    "pos": "助詞,格助詞,一般,*",
                    "pronunciation": "ガ",
                    "reading": "",
                    "surface": "が",
                    "curPos": "av"
                },
                {
                    "base": "晴れる",
                    "pos": "動詞,自立,*,*",
                    "pronunciation": "ハレ",
                    "reading": "はれない",
                    "surface": "晴れない",
                    "curPos": "v"
                },
                {
                    "base": "そんな",
                    "pos": "連体詞,*,*,*",
                    "pronunciation": "ソンナ",
                    "reading": "",
                    "surface": "そんな",
                    "curPos": "/"
                },
                {
                    "base": "日",
                    "pos": "名詞,非自立,副詞可能,*",
                    "pronunciation": "ヒ",
                    "reading": "ひ",
                    "surface": "日",
                    "curPos": "n"
                }
            ]
        },
        {
            "id": 12,
            "surface": "ぽつりと歩道に届いた雫 忘れていた空 見上げれば",
            "words": [
                {
                    "base": "ぽつり",
                    "pos": "副詞,一般,*,*",
                    "pronunciation": "ポツリ",
                    "reading": "",
                    "surface": "ぽつり",
                    "curPos": "adv"
                },
                {
                    "base": "と",
                    "pos": "助詞,副詞化,*,*",
                    "pronunciation": "ト",
                    "reading": "",
                    "surface": "と",
                    "curPos": "av"
                },
                {
                    "base": "歩道",
                    "pos": "名詞,一般,*,*",
                    "pronunciation": "ホドー",
                    "reading": "ほどう",
                    "surface": "歩道",
                    "curPos": "n"
                },
                {
                    "base": "に",
                    "pos": "助詞,格助詞,一般,*",
                    "pronunciation": "ニ",
                    "reading": "",
                    "surface": "に",
                    "curPos": "av"
                },
                {
                    "base": "届く",
                    "pos": "動詞,自立,*,*",
                    "pronunciation": "トドイ",
                    "reading": "とどいた",
                    "surface": "届いた",
                    "curPos": "v"
                },
                {
                    "base": "雫",
                    "pos": "名詞,一般,*,*",
                    "pronunciation": "シズク",
                    "reading": "しずく",
                    "surface": "雫",
                    "curPos": "n"
                },
                {
                    "base": "忘れる",
                    "pos": "動詞,自立,*,*",
                    "pronunciation": "ワスレ",
                    "reading": "わすれて",
                    "surface": "忘れて",
                    "curPos": "v"
                },
                {
                    "base": "いる",
                    "pos": "動詞,非自立,*,*",
                    "pronunciation": "イ",
                    "reading": "",
                    "surface": "いた",
                    "curPos": "v"
                },
                {
                    "base": "空",
                    "pos": "名詞,一般,*,*",
                    "pronunciation": "ソラ",
                    "reading": "そら",
                    "surface": "空",
                    "curPos": "n"
                },
                {
                    "base": "見上げる",
                    "pos": "動詞,自立,*,*",
                    "pronunciation": "ミアゲレ",
                    "reading": "みあげれ",
                    "surface": "見上げれ",
                    "curPos": "v"
                },
                {
                    "base": "ば",
                    "pos": "助詞,接続助詞,*,*",
                    "pronunciation": "バ",
                    "reading": "",
                    "surface": "ば",
                    "curPos": "av"
                }
            ]
        },
        {
            "id": 13,
            "surface": "",
            "words": []
        },
        {
            "id": 14,
            "surface": "次のバースデーもクリスマスも 楽しみだけど 今は",
            "words": [
                {
                    "base": "次",
                    "pos": "名詞,一般,*,*",
                    "pronunciation": "ツギ",
                    "reading": "つぎ",
                    "surface": "次",
                    "curPos": "n"
                },
                {
                    "base": "の",
                    "pos": "助詞,連体化,*,*",
                    "pronunciation": "ノ",
                    "reading": "",
                    "surface": "の",
                    "curPos": "av"
                },
                {
                    "base": "バースデー",
                    "pos": "名詞,一般,*,*",
                    "pronunciation": "バースデー",
                    "reading": "",
                    "surface": "バースデー",
                    "curPos": "n"
                },
                {
                    "base": "も",
                    "pos": "助詞,係助詞,*,*",
                    "pronunciation": "モ",
                    "reading": "",
                    "surface": "も",
                    "curPos": "av"
                },
                {
                    "base": "クリスマス",
                    "pos": "名詞,一般,*,*",
                    "pronunciation": "クリスマス",
                    "reading": "",
                    "surface": "クリスマス",
                    "curPos": "n"
                },
                {
                    "base": "も",
                    "pos": "助詞,係助詞,*,*",
                    "pronunciation": "モ",
                    "reading": "",
                    "surface": "も",
                    "curPos": "av"
                },
                {
                    "base": "楽しみ",
                    "pos": "名詞,一般,*,*",
                    "pronunciation": "タノシミ",
                    "reading": "たのしみ",
                    "surface": "楽しみ",
                    "curPos": "n"
                },
                {
                    "base": "だ",
                    "pos": "助動詞,*,*,*",
                    "pronunciation": "ダ",
                    "reading": "",
                    "surface": "だ",
                    "curPos": "mv"
                },
                {
                    "base": "けど",
                    "pos": "助詞,接続助詞,*,*",
                    "pronunciation": "ケド",
                    "reading": "",
                    "surface": "けど",
                    "curPos": "av"
                },
                {
                    "base": "今",
                    "pos": "名詞,副詞可能,*,*",
                    "pronunciation": "イマ",
                    "reading": "いま",
                    "surface": "今",
                    "curPos": "n"
                },
                {
                    "base": "は",
                    "pos": "助詞,係助詞,*,*",
                    "pronunciation": "ワ",
                    "reading": "",
                    "surface": "は",
                    "curPos": "av"
                }
            ]
        },
        {
            "id": 15,
            "surface": "トクベツじゃなくても大切な今日 繋いでいたい",
            "words": [
                {
                    "base": "*",
                    "pos": "名詞,一般,*,*",
                    "pronunciation": "?",
                    "reading": "",
                    "surface": "トクベツ",
                    "curPos": "n"
                },
                {
                    "base": "じゃ",
                    "pos": "助詞,副助詞,*,*",
                    "pronunciation": "ジャ",
                    "reading": "",
                    "surface": "じゃ",
                    "curPos": "av"
                },
                {
                    "base": "ない",
                    "pos": "助動詞,*,*,*",
                    "pronunciation": "ナク",
                    "reading": "",
                    "surface": "なくて",
                    "curPos": "mv"
                },
                {
                    "base": "も",
                    "pos": "助詞,係助詞,*,*",
                    "pronunciation": "モ",
                    "reading": "",
                    "surface": "も",
                    "curPos": "av"
                },
                {
                    "base": "大切",
                    "pos": "名詞,形容動詞語幹,*,*",
                    "pronunciation": "タイセツ",
                    "reading": "たいせつな",
                    "surface": "大切な",
                    "curPos": "a"
                },
                {
                    "base": "今日",
                    "pos": "名詞,副詞可能,*,*",
                    "pronunciation": "キョー",
                    "reading": "きょう",
                    "surface": "今日",
                    "curPos": "n"
                },
                {
                    "base": "繋ぐ",
                    "pos": "動詞,自立,*,*",
                    "pronunciation": "ツナイ",
                    "reading": "つない",
                    "surface": "繋い",
                    "curPos": "v"
                },
                {
                    "base": "で",
                    "pos": "助詞,接続助詞,*,*",
                    "pronunciation": "デ",
                    "reading": "",
                    "surface": "で",
                    "curPos": "av"
                },
                {
                    "base": "いる",
                    "pos": "動詞,非自立,*,*",
                    "pronunciation": "イ",
                    "reading": "",
                    "surface": "いたい",
                    "curPos": "v"
                }
            ]
        },
        {
            "id": 16,
            "surface": "",
            "words": []
        },
        {
            "id": 17,
            "surface": "昨日にKISS ずっとかけがえないキミの",
            "words": [
                {
                    "base": "昨日",
                    "pos": "名詞,副詞可能,*,*",
                    "pronunciation": "キノー",
                    "reading": "きのう",
                    "surface": "昨日",
                    "curPos": "n"
                },
                {
                    "base": "に",
                    "pos": "助詞,格助詞,一般,*",
                    "pronunciation": "ニ",
                    "reading": "",
                    "surface": "に",
                    "curPos": "av"
                },
                {
                    "base": "*",
                    "pos": "名詞,一般,*,*",
                    "pronunciation": "?",
                    "reading": "",
                    "surface": "KISS",
                    "curPos": "n"
                },
                {
                    "base": "ずっと",
                    "pos": "副詞,一般,*,*",
                    "pronunciation": "ズット",
                    "reading": "",
                    "surface": "ずっと",
                    "curPos": "adv"
                },
                {
                    "base": "かけがえ",
                    "pos": "名詞,一般,*,*",
                    "pronunciation": "カケガエ",
                    "reading": "",
                    "surface": "かけがえ",
                    "curPos": "n"
                },
                {
                    "base": "ない",
                    "pos": "形容詞,自立,*,*",
                    "pronunciation": "ナイ",
                    "reading": "",
                    "surface": "ない",
                    "curPos": "a"
                },
                {
                    "base": "キミ",
                    "pos": "名詞,代名詞,一般,*",
                    "pronunciation": "キミ",
                    "reading": "",
                    "surface": "キミ",
                    "curPos": "/"
                },
                {
                    "base": "の",
                    "pos": "助詞,連体化,*,*",
                    "pronunciation": "ノ",
                    "reading": "",
                    "surface": "の",
                    "curPos": "av"
                }
            ]
        },
        {
            "id": 18,
            "surface": "しあわせを願ってるよ",
            "words": [
                {
                    "base": "しあわせ",
                    "pos": "名詞,形容動詞語幹,*,*",
                    "pronunciation": "シアワセ",
                    "reading": "",
                    "surface": "しあわせ",
                    "curPos": "n"
                },
                {
                    "base": "を",
                    "pos": "助詞,格助詞,一般,*",
                    "pronunciation": "ヲ",
                    "reading": "",
                    "surface": "を",
                    "curPos": "av"
                },
                {
                    "base": "願う",
                    "pos": "動詞,自立,*,*",
                    "pronunciation": "ネガッ",
                    "reading": "ねがっ",
                    "surface": "願っ",
                    "curPos": "v"
                },
                {
                    "base": "てる",
                    "pos": "動詞,非自立,*,*",
                    "pronunciation": "テル",
                    "reading": "",
                    "surface": "てる",
                    "curPos": "v"
                },
                {
                    "base": "よ",
                    "pos": "助詞,終助詞,*,*",
                    "pronunciation": "ヨ",
                    "reading": "",
                    "surface": "よ",
                    "curPos": "av"
                }
            ]
        },
        {
            "id": 19,
            "surface": "明日にKISS ちゃんと寄り添えてるかな?",
            "words": [
                {
                    "base": "明日",
                    "pos": "名詞,副詞可能,*,*",
                    "pronunciation": "アシタ",
                    "reading": "あした",
                    "surface": "明日",
                    "curPos": "n"
                },
                {
                    "base": "に",
                    "pos": "助詞,格助詞,一般,*",
                    "pronunciation": "ニ",
                    "reading": "",
                    "surface": "に",
                    "curPos": "av"
                },
                {
                    "base": "*",
                    "pos": "名詞,一般,*,*",
                    "pronunciation": "?",
                    "reading": "",
                    "surface": "KISS",
                    "curPos": "n"
                },
                {
                    "base": "ちゃんと",
                    "pos": "副詞,一般,*,*",
                    "pronunciation": "チャント",
                    "reading": "",
                    "surface": "ちゃんと",
                    "curPos": "adv"
                },
                {
                    "base": "寄り添える",
                    "pos": "動詞,自立,*,*",
                    "pronunciation": "ヨリソエ",
                    "reading": "よりそえ",
                    "surface": "寄り添え",
                    "curPos": "v"
                },
                {
                    "base": "てる",
                    "pos": "動詞,非自立,*,*",
                    "pronunciation": "テル",
                    "reading": "",
                    "surface": "てる",
                    "curPos": "v"
                },
                {
                    "base": "か",
                    "pos": "助詞,副助詞／並立助詞／終助詞,*,*",
                    "pronunciation": "カ",
                    "reading": "",
                    "surface": "か",
                    "curPos": "av"
                },
                {
                    "base": "な",
                    "pos": "助詞,終助詞,*,*",
                    "pronunciation": "ナ",
                    "reading": "",
                    "surface": "な",
                    "curPos": "av"
                },
                {
                    "base": "*",
                    "pos": "名詞,サ変接続,*,*",
                    "pronunciation": "?",
                    "reading": "",
                    "surface": "?",
                    "curPos": "n"
                }
            ]
        },
        {
            "id": 20,
            "surface": "声にならない想い降り続く セツナイDiary",
            "words": [
                {
                    "base": "声",
                    "pos": "名詞,一般,*,*",
                    "pronunciation": "コエ",
                    "reading": "こえ",
                    "surface": "声",
                    "curPos": "n"
                },
                {
                    "base": "に",
                    "pos": "助詞,格助詞,一般,*",
                    "pronunciation": "ニ",
                    "reading": "",
                    "surface": "に",
                    "curPos": "av"
                },
                {
                    "base": "なる",
                    "pos": "動詞,自立,*,*",
                    "pronunciation": "ナラ",
                    "reading": "",
                    "surface": "ならない",
                    "curPos": "v"
                },
                {
                    "base": "想い",
                    "pos": "名詞,一般,*,*",
                    "pronunciation": "オモイ",
                    "reading": "おもい",
                    "surface": "想い",
                    "curPos": "n"
                },
                {
                    "base": "降り続く",
                    "pos": "動詞,自立,*,*",
                    "pronunciation": "フリツズク",
                    "reading": "ふりつづく",
                    "surface": "降り続く",
                    "curPos": "v"
                },
                {
                    "base": "セツ",
                    "pos": "名詞,固有名詞,一般,*",
                    "pronunciation": "セツ",
                    "reading": "",
                    "surface": "セツ",
                    "curPos": "n"
                },
                {
                    "base": "ナイ",
                    "pos": "名詞,一般,*,*",
                    "pronunciation": "ナイ",
                    "reading": "",
                    "surface": "ナイ",
                    "curPos": "n"
                },
                {
                    "base": "*",
                    "pos": "名詞,固有名詞,組織,*",
                    "pronunciation": "?",
                    "reading": "",
                    "surface": "Diary",
                    "curPos": "n"
                }
            ]
        },
        {
            "id": 21,
            "surface": "",
            "words": []
        },
        {
            "id": 22,
            "surface": "逢いたい 逢いたい この想いが届くように",
            "words": [
                {
                    "base": "逢う",
                    "pos": "動詞,自立,*,*",
                    "pronunciation": "アイ",
                    "reading": "あいたい",
                    "surface": "逢いたい",
                    "curPos": "v"
                },
                {
                    "base": "逢う",
                    "pos": "動詞,自立,*,*",
                    "pronunciation": "アイ",
                    "reading": "あいたい",
                    "surface": "逢いたい",
                    "curPos": "v"
                },
                {
                    "base": "この",
                    "pos": "連体詞,*,*,*",
                    "pronunciation": "コノ",
                    "reading": "",
                    "surface": "この",
                    "curPos": "/"
                },
                {
                    "base": "想い",
                    "pos": "名詞,一般,*,*",
                    "pronunciation": "オモイ",
                    "reading": "おもい",
                    "surface": "想い",
                    "curPos": "n"
                },
                {
                    "base": "が",
                    "pos": "助詞,格助詞,一般,*",
                    "pronunciation": "ガ",
                    "reading": "",
                    "surface": "が",
                    "curPos": "av"
                },
                {
                    "base": "届く",
                    "pos": "動詞,自立,*,*",
                    "pronunciation": "トドク",
                    "reading": "とどくよう",
                    "surface": "届くよう",
                    "curPos": "v"
                },
                {
                    "base": "に",
                    "pos": "助詞,副詞化,*,*",
                    "pronunciation": "ニ",
                    "reading": "",
                    "surface": "に",
                    "curPos": "av"
                }
            ]
        },
        {
            "id": 23,
            "surface": "目を閉じて願うよ そっと どうか同じ想いでいて",
            "words": [
                {
                    "base": "目",
                    "pos": "名詞,一般,*,*",
                    "pronunciation": "メ",
                    "reading": "め",
                    "surface": "目",
                    "curPos": "n"
                },
                {
                    "base": "を",
                    "pos": "助詞,格助詞,一般,*",
                    "pronunciation": "ヲ",
                    "reading": "",
                    "surface": "を",
                    "curPos": "av"
                },
                {
                    "base": "閉じる",
                    "pos": "動詞,自立,*,*",
                    "pronunciation": "トジ",
                    "reading": "とじて",
                    "surface": "閉じて",
                    "curPos": "v"
                },
                {
                    "base": "願う",
                    "pos": "動詞,非自立,*,*",
                    "pronunciation": "ネガウ",
                    "reading": "ねがう",
                    "surface": "願う",
                    "curPos": "v"
                },
                {
                    "base": "よ",
                    "pos": "助詞,終助詞,*,*",
                    "pronunciation": "ヨ",
                    "reading": "",
                    "surface": "よ",
                    "curPos": "av"
                },
                {
                    "base": "そっと",
                    "pos": "副詞,一般,*,*",
                    "pronunciation": "ソット",
                    "reading": "",
                    "surface": "そっと",
                    "curPos": "adv"
                },
                {
                    "base": "どうか",
                    "pos": "副詞,一般,*,*",
                    "pronunciation": "ドーカ",
                    "reading": "",
                    "surface": "どうか",
                    "curPos": "adv"
                },
                {
                    "base": "同じ",
                    "pos": "連体詞,*,*,*",
                    "pronunciation": "オナジ",
                    "reading": "おなじ",
                    "surface": "同じ",
                    "curPos": "/"
                },
                {
                    "base": "想い",
                    "pos": "名詞,一般,*,*",
                    "pronunciation": "オモイ",
                    "reading": "おもい",
                    "surface": "想い",
                    "curPos": "n"
                },
                {
                    "base": "で",
                    "pos": "助詞,格助詞,一般,*",
                    "pronunciation": "デ",
                    "reading": "",
                    "surface": "で",
                    "curPos": "av"
                },
                {
                    "base": "いる",
                    "pos": "動詞,自立,*,*",
                    "pronunciation": "イ",
                    "reading": "",
                    "surface": "いて",
                    "curPos": "v"
                }
            ]
        },
        {
            "id": 24,
            "surface": "",
            "words": []
        },
        {
            "id": 25,
            "surface": "未来にKISS いつか叶えたい夢を",
            "words": [
                {
                    "base": "未来",
                    "pos": "名詞,一般,*,*",
                    "pronunciation": "ミライ",
                    "reading": "みらい",
                    "surface": "未来",
                    "curPos": "n"
                },
                {
                    "base": "に",
                    "pos": "助詞,格助詞,一般,*",
                    "pronunciation": "ニ",
                    "reading": "",
                    "surface": "に",
                    "curPos": "av"
                },
                {
                    "base": "*",
                    "pos": "名詞,一般,*,*",
                    "pronunciation": "?",
                    "reading": "",
                    "surface": "KISS",
                    "curPos": "n"
                },
                {
                    "base": "いつか",
                    "pos": "名詞,副詞可能,*,*",
                    "pronunciation": "イツカ",
                    "reading": "",
                    "surface": "いつか",
                    "curPos": "n"
                },
                {
                    "base": "叶える",
                    "pos": "動詞,自立,*,*",
                    "pronunciation": "カナエ",
                    "reading": "かなえたい",
                    "surface": "叶えたい",
                    "curPos": "v"
                },
                {
                    "base": "夢",
                    "pos": "名詞,一般,*,*",
                    "pronunciation": "ユメ",
                    "reading": "ゆめ",
                    "surface": "夢",
                    "curPos": "n"
                },
                {
                    "base": "を",
                    "pos": "助詞,格助詞,一般,*",
                    "pronunciation": "ヲ",
                    "reading": "",
                    "surface": "を",
                    "curPos": "av"
                }
            ]
        },
        {
            "id": 26,
            "surface": "今夜ここで叶えようよ",
            "words": [
                {
                    "base": "今夜",
                    "pos": "名詞,副詞可能,*,*",
                    "pronunciation": "コンヤ",
                    "reading": "こんや",
                    "surface": "今夜",
                    "curPos": "n"
                },
                {
                    "base": "ここ",
                    "pos": "名詞,代名詞,一般,*",
                    "pronunciation": "ココ",
                    "reading": "",
                    "surface": "ここ",
                    "curPos": "/"
                },
                {
                    "base": "で",
                    "pos": "助詞,格助詞,一般,*",
                    "pronunciation": "デ",
                    "reading": "",
                    "surface": "で",
                    "curPos": "av"
                },
                {
                    "base": "叶える",
                    "pos": "動詞,自立,*,*",
                    "pronunciation": "カナエヨ",
                    "reading": "かなえよう",
                    "surface": "叶えよう",
                    "curPos": "v"
                },
                {
                    "base": "よ",
                    "pos": "助詞,終助詞,*,*",
                    "pronunciation": "ヨ",
                    "reading": "",
                    "surface": "よ",
                    "curPos": "av"
                }
            ]
        },
        {
            "id": 27,
            "surface": "",
            "words": []
        },
        {
            "id": 28,
            "surface": "未来のKISS ずっと寄り添いたい",
            "words": [
                {
                    "base": "未来",
                    "pos": "名詞,一般,*,*",
                    "pronunciation": "ミライ",
                    "reading": "みらい",
                    "surface": "未来",
                    "curPos": "n"
                },
                {
                    "base": "の",
                    "pos": "助詞,連体化,*,*",
                    "pronunciation": "ノ",
                    "reading": "",
                    "surface": "の",
                    "curPos": "av"
                },
                {
                    "base": "*",
                    "pos": "名詞,一般,*,*",
                    "pronunciation": "?",
                    "reading": "",
                    "surface": "KISS",
                    "curPos": "n"
                },
                {
                    "base": "ずっと",
                    "pos": "副詞,一般,*,*",
                    "pronunciation": "ズット",
                    "reading": "",
                    "surface": "ずっと",
                    "curPos": "adv"
                },
                {
                    "base": "寄り添う",
                    "pos": "動詞,自立,*,*",
                    "pronunciation": "ヨリソイ",
                    "reading": "よりそいたい",
                    "surface": "寄り添いたい",
                    "curPos": "v"
                }
            ]
        },
        {
            "id": 29,
            "surface": "そして新たな願い キミと",
            "words": [
                {
                    "base": "そして",
                    "pos": "接続詞,*,*,*",
                    "pronunciation": "ソシテ",
                    "reading": "",
                    "surface": "そして",
                    "curPos": "/"
                },
                {
                    "base": "新た",
                    "pos": "名詞,形容動詞語幹,*,*",
                    "pronunciation": "アラタ",
                    "reading": "あらたな",
                    "surface": "新たな",
                    "curPos": "a"
                },
                {
                    "base": "願い",
                    "pos": "名詞,一般,*,*",
                    "pronunciation": "ネガイ",
                    "reading": "ねがい",
                    "surface": "願い",
                    "curPos": "n"
                },
                {
                    "base": "キミ",
                    "pos": "名詞,固有名詞,人名,名",
                    "pronunciation": "キミ",
                    "reading": "",
                    "surface": "キミ",
                    "curPos": "/"
                },
                {
                    "base": "と",
                    "pos": "助詞,並立助詞,*,*",
                    "pronunciation": "ト",
                    "reading": "",
                    "surface": "と",
                    "curPos": "av"
                }
            ]
        },
        {
            "id": 30,
            "surface": "昨日よりもっと想い描いていく 果てないDiary",
            "words": [
                {
                    "base": "昨日",
                    "pos": "名詞,副詞可能,*,*",
                    "pronunciation": "キノー",
                    "reading": "きのう",
                    "surface": "昨日",
                    "curPos": "n"
                },
                {
                    "base": "より",
                    "pos": "助詞,格助詞,一般,*",
                    "pronunciation": "ヨリ",
                    "reading": "",
                    "surface": "より",
                    "curPos": "av"
                },
                {
                    "base": "もっと",
                    "pos": "副詞,一般,*,*",
                    "pronunciation": "モット",
                    "reading": "",
                    "surface": "もっと",
                    "curPos": "adv"
                },
                {
                    "base": "想い",
                    "pos": "名詞,一般,*,*",
                    "pronunciation": "オモイ",
                    "reading": "おもい",
                    "surface": "想い",
                    "curPos": "n"
                },
                {
                    "base": "描く",
                    "pos": "動詞,自立,*,*",
                    "pronunciation": "エガイ",
                    "reading": "えがいて",
                    "surface": "描いて",
                    "curPos": "v"
                },
                {
                    "base": "いく",
                    "pos": "動詞,非自立,*,*",
                    "pronunciation": "イク",
                    "reading": "",
                    "surface": "いく",
                    "curPos": "v"
                },
                {
                    "base": "果てる",
                    "pos": "動詞,自立,*,*",
                    "pronunciation": "ハテ",
                    "reading": "はてない",
                    "surface": "果てない",
                    "curPos": "v"
                },
                {
                    "base": "*",
                    "pos": "名詞,固有名詞,組織,*",
                    "pronunciation": "?",
                    "reading": "",
                    "surface": "Diary",
                    "curPos": "n"
                }
            ]
        },
        {
            "id": 31,
            "surface": "",
            "words": []
        }
    ],
    "pureLrc": [
        "カウントダウンをしながら明けた 今年が急いで過ぎ去って",
        "前より短く感じる毎日 時間に追われて すれ違って",
        "",
        "満開の桜も 夏祭りも 夕陽の海も スキーも",
        "一緒に行こうなんて約束だけ 増えていくけど",
        "",
        "笑顔のKISS ずっと分け合いたい ふたり",
        "しあわせはここにあるよ",
        "涙のKISS そっと寄り添いたい だから",
        "昨日よりもっと想い抱き締めて 開くDiary",
        "",
        "ハッピーエンドの映画を観たって ココロが晴れないそんな日",
        "ぽつりと歩道に届いた雫 忘れていた空 見上げれば",
        "",
        "次のバースデーもクリスマスも 楽しみだけど 今は",
        "トクベツじゃなくても大切な今日 繋いでいたい",
        "",
        "昨日にKISS ずっとかけがえないキミの",
        "しあわせを願ってるよ",
        "明日にKISS ちゃんと寄り添えてるかな?",
        "声にならない想い降り続く セツナイDiary",
        "",
        "逢いたい 逢いたい この想いが届くように",
        "目を閉じて願うよ そっと どうか同じ想いでいて",
        "",
        "未来にKISS いつか叶えたい夢を",
        "今夜ここで叶えようよ",
        "",
        "未来のKISS ずっと寄り添いたい",
        "そして新たな願い キミと",
        "昨日よりもっと想い描いていく 果てないDiary",
        ""
    ]
}