{
    "name": "Last Mermaid...",
    "reading": "ラストマーメイド",
    "desc": [
        "家政夫のミタゾノ"
    ],
    "info": [
        {
            "label": "作詞",
            "value": [
                "Kaoru"
            ]
        },
        {
            "label": "作曲",
            "value": [
                "Kaoru"
            ]
        }
    ],
    "lrc": [
        {
            "id": 0,
            "surface": "浮かばぬ言葉　かき集め飾るより",
            "words": [
                {
                    "base": "浮かぶ",
                    "pos": "動詞,自立,*,*",
                    "pronunciation": "ウカバ",
                    "reading": "うかばぬ",
                    "surface": "浮かばぬ",
                    "curPos": "v"
                },
                {
                    "base": "言葉",
                    "pos": "名詞,一般,*,*",
                    "pronunciation": "コトバ",
                    "reading": "ことば",
                    "surface": "言葉",
                    "curPos": "n"
                },
                {
                    "base": "かき集める",
                    "pos": "動詞,自立,*,*",
                    "pronunciation": "カキアツメ",
                    "reading": "かきあつめ",
                    "surface": "かき集め",
                    "curPos": "v"
                },
                {
                    "base": "飾る",
                    "pos": "動詞,自立,*,*",
                    "pronunciation": "カザル",
                    "reading": "かざる",
                    "surface": "飾る",
                    "curPos": "v"
                },
                {
                    "base": "より",
                    "pos": "助詞,格助詞,一般,*",
                    "pronunciation": "ヨリ",
                    "reading": "",
                    "surface": "より",
                    "curPos": "av"
                }
            ]
        },
        {
            "id": 1,
            "surface": "今だけ二人は　あの頃のままで",
            "words": [
                {
                    "base": "今",
                    "pos": "名詞,副詞可能,*,*",
                    "pronunciation": "イマ",
                    "reading": "いま",
                    "surface": "今",
                    "curPos": "n"
                },
                {
                    "base": "だけ",
                    "pos": "助詞,副助詞,*,*",
                    "pronunciation": "ダケ",
                    "reading": "",
                    "surface": "だけ",
                    "curPos": "av"
                },
                {
                    "base": "二",
                    "pos": "名詞,数,*,*",
                    "pronunciation": "ニ",
                    "reading": "ににん",
                    "surface": "二人",
                    "curPos": "/"
                },
                {
                    "base": "は",
                    "pos": "助詞,係助詞,*,*",
                    "pronunciation": "ワ",
                    "reading": "",
                    "surface": "は",
                    "curPos": "av"
                },
                {
                    "base": "あの",
                    "pos": "連体詞,*,*,*",
                    "pronunciation": "アノ",
                    "reading": "",
                    "surface": "あの",
                    "curPos": "/"
                },
                {
                    "base": "頃",
                    "pos": "名詞,非自立,副詞可能,*",
                    "pronunciation": "コロ",
                    "reading": "ころ",
                    "surface": "頃",
                    "curPos": "n"
                },
                {
                    "base": "の",
                    "pos": "助詞,連体化,*,*",
                    "pronunciation": "ノ",
                    "reading": "",
                    "surface": "の",
                    "curPos": "av"
                },
                {
                    "base": "まま",
                    "pos": "名詞,非自立,副詞可能,*",
                    "pronunciation": "ママ",
                    "reading": "",
                    "surface": "まま",
                    "curPos": "n"
                },
                {
                    "base": "で",
                    "pos": "助詞,格助詞,一般,*",
                    "pronunciation": "デ",
                    "reading": "",
                    "surface": "で",
                    "curPos": "av"
                }
            ]
        },
        {
            "id": 2,
            "surface": "",
            "words": []
        },
        {
            "id": 3,
            "surface": "忘れられる恋なら割りきって",
            "words": [
                {
                    "base": "忘れる",
                    "pos": "動詞,自立,*,*",
                    "pronunciation": "ワスレ",
                    "reading": "わすれ",
                    "surface": "忘れ",
                    "curPos": "v"
                },
                {
                    "base": "られる",
                    "pos": "動詞,接尾,*,*",
                    "pronunciation": "ラレル",
                    "reading": "",
                    "surface": "られる",
                    "curPos": "v"
                },
                {
                    "base": "恋",
                    "pos": "名詞,一般,*,*",
                    "pronunciation": "コイ",
                    "reading": "こい",
                    "surface": "恋",
                    "curPos": "n"
                },
                {
                    "base": "だ",
                    "pos": "助動詞,*,*,*",
                    "pronunciation": "ナラ",
                    "reading": "",
                    "surface": "なら",
                    "curPos": "mv"
                },
                {
                    "base": "割る",
                    "pos": "動詞,自立,*,*",
                    "pronunciation": "ワリ",
                    "reading": "わり",
                    "surface": "割り",
                    "curPos": "v"
                },
                {
                    "base": "きる",
                    "pos": "動詞,非自立,*,*",
                    "pronunciation": "キッ",
                    "reading": "",
                    "surface": "きって",
                    "curPos": "v"
                }
            ]
        },
        {
            "id": 4,
            "surface": "何気ない優しさ　迎えたはず…",
            "words": [
                {
                    "base": "何気ない",
                    "pos": "形容詞,自立,*,*",
                    "pronunciation": "ナニゲナイ",
                    "reading": "なにげない",
                    "surface": "何気ない",
                    "curPos": "a"
                },
                {
                    "base": "優しい",
                    "pos": "形容詞,自立,*,*",
                    "pronunciation": "ヤサシ",
                    "reading": "やさし",
                    "surface": "優し",
                    "curPos": "a"
                },
                {
                    "base": "さ",
                    "pos": "名詞,接尾,特殊,*",
                    "pronunciation": "サ",
                    "reading": "",
                    "surface": "さ",
                    "left": true,
                    "curPos": "n"
                },
                {
                    "base": "迎える",
                    "pos": "動詞,自立,*,*",
                    "pronunciation": "ムカエ",
                    "reading": "むかえた",
                    "surface": "迎えた",
                    "curPos": "v"
                },
                {
                    "base": "はず",
                    "pos": "名詞,非自立,一般,*",
                    "pronunciation": "ハズ",
                    "reading": "",
                    "surface": "はず",
                    "curPos": "n"
                },
                {
                    "base": "…",
                    "pos": "記号,一般,*,*",
                    "pronunciation": "…",
                    "reading": "",
                    "surface": "…",
                    "left": true,
                    "curPos": "/"
                }
            ]
        },
        {
            "id": 5,
            "surface": "",
            "words": []
        },
        {
            "id": 6,
            "surface": "さめたくない夢でも離れ行く",
            "words": [
                {
                    "base": "さめる",
                    "pos": "動詞,自立,*,*",
                    "pronunciation": "サメ",
                    "reading": "",
                    "surface": "さめたくない",
                    "curPos": "v"
                },
                {
                    "base": "夢",
                    "pos": "名詞,一般,*,*",
                    "pronunciation": "ユメ",
                    "reading": "ゆめ",
                    "surface": "夢",
                    "curPos": "n"
                },
                {
                    "base": "で",
                    "pos": "助詞,格助詞,一般,*",
                    "pronunciation": "デ",
                    "reading": "",
                    "surface": "で",
                    "curPos": "av"
                },
                {
                    "base": "も",
                    "pos": "助詞,係助詞,*,*",
                    "pronunciation": "モ",
                    "reading": "",
                    "surface": "も",
                    "curPos": "av"
                },
                {
                    "base": "離れる",
                    "pos": "動詞,自立,*,*",
                    "pronunciation": "ハナレ",
                    "reading": "はなれ",
                    "surface": "離れ",
                    "curPos": "v"
                },
                {
                    "base": "行く",
                    "pos": "動詞,非自立,*,*",
                    "pronunciation": "ユク",
                    "reading": "ゆく",
                    "surface": "行く",
                    "curPos": "v"
                }
            ]
        },
        {
            "id": 7,
            "surface": "悲しみ抱えてた　いつの日も…",
            "words": [
                {
                    "base": "悲しみ",
                    "pos": "名詞,一般,*,*",
                    "pronunciation": "カナシミ",
                    "reading": "かなしみ",
                    "surface": "悲しみ",
                    "curPos": "n"
                },
                {
                    "base": "抱える",
                    "pos": "動詞,自立,*,*",
                    "pronunciation": "カカエ",
                    "reading": "かかえてた",
                    "surface": "抱えてた",
                    "curPos": "v"
                },
                {
                    "base": "いつの",
                    "pos": "名詞,固有名詞,人名,名",
                    "pronunciation": "イツノ",
                    "reading": "",
                    "surface": "いつの",
                    "curPos": "/"
                },
                {
                    "base": "日",
                    "pos": "名詞,接尾,一般,*",
                    "pronunciation": "ビ",
                    "reading": "び",
                    "surface": "日",
                    "left": true,
                    "curPos": "n"
                },
                {
                    "base": "も",
                    "pos": "助詞,係助詞,*,*",
                    "pronunciation": "モ",
                    "reading": "",
                    "surface": "も",
                    "curPos": "av"
                },
                {
                    "base": "…",
                    "pos": "記号,一般,*,*",
                    "pronunciation": "…",
                    "reading": "",
                    "surface": "…",
                    "left": true,
                    "curPos": "/"
                }
            ]
        },
        {
            "id": 8,
            "surface": "",
            "words": []
        },
        {
            "id": 9,
            "surface": "流れて行く自分に　歯止めかけるフリして　過ごしていたけれど",
            "words": [
                {
                    "base": "流れる",
                    "pos": "動詞,自立,*,*",
                    "pronunciation": "ナガレ",
                    "reading": "ながれて",
                    "surface": "流れて",
                    "curPos": "v"
                },
                {
                    "base": "行く",
                    "pos": "動詞,非自立,*,*",
                    "pronunciation": "イク",
                    "reading": "いく",
                    "surface": "行く",
                    "curPos": "v"
                },
                {
                    "base": "自分",
                    "pos": "名詞,一般,*,*",
                    "pronunciation": "ジブン",
                    "reading": "じぶん",
                    "surface": "自分",
                    "curPos": "n"
                },
                {
                    "base": "に",
                    "pos": "助詞,格助詞,一般,*",
                    "pronunciation": "ニ",
                    "reading": "",
                    "surface": "に",
                    "curPos": "av"
                },
                {
                    "base": "歯止め",
                    "pos": "名詞,一般,*,*",
                    "pronunciation": "ハドメ",
                    "reading": "はどめ",
                    "surface": "歯止め",
                    "curPos": "n"
                },
                {
                    "base": "かける",
                    "pos": "動詞,自立,*,*",
                    "pronunciation": "カケル",
                    "reading": "",
                    "surface": "かける",
                    "curPos": "v"
                },
                {
                    "base": "フリ",
                    "pos": "名詞,一般,*,*",
                    "pronunciation": "フリ",
                    "reading": "",
                    "surface": "フリ",
                    "curPos": "n"
                },
                {
                    "base": "する",
                    "pos": "動詞,自立,*,*",
                    "pronunciation": "シ",
                    "reading": "",
                    "surface": "して",
                    "curPos": "v"
                },
                {
                    "base": "過ごす",
                    "pos": "動詞,自立,*,*",
                    "pronunciation": "スゴシ",
                    "reading": "すごして",
                    "surface": "過ごして",
                    "curPos": "v"
                },
                {
                    "base": "いる",
                    "pos": "動詞,非自立,*,*",
                    "pronunciation": "イ",
                    "reading": "",
                    "surface": "いた",
                    "curPos": "v"
                },
                {
                    "base": "けれど",
                    "pos": "助詞,接続助詞,*,*",
                    "pronunciation": "ケレド",
                    "reading": "",
                    "surface": "けれど",
                    "curPos": "av"
                }
            ]
        },
        {
            "id": 10,
            "surface": "不意に魅せる笑顔に　この気持ち揺らぐけど　旅立つよここから",
            "words": [
                {
                    "base": "不意",
                    "pos": "名詞,形容動詞語幹,*,*",
                    "pronunciation": "フイ",
                    "reading": "ふい",
                    "surface": "不意",
                    "curPos": "n"
                },
                {
                    "base": "に",
                    "pos": "助詞,副詞化,*,*",
                    "pronunciation": "ニ",
                    "reading": "",
                    "surface": "に",
                    "curPos": "av"
                },
                {
                    "base": "魅せる",
                    "pos": "動詞,自立,*,*",
                    "pronunciation": "ミセル",
                    "reading": "みせる",
                    "surface": "魅せる",
                    "curPos": "v"
                },
                {
                    "base": "笑顔",
                    "pos": "名詞,一般,*,*",
                    "pronunciation": "エガオ",
                    "reading": "えがお",
                    "surface": "笑顔",
                    "curPos": "n"
                },
                {
                    "base": "に",
                    "pos": "助詞,格助詞,一般,*",
                    "pronunciation": "ニ",
                    "reading": "",
                    "surface": "に",
                    "curPos": "av"
                },
                {
                    "base": "この",
                    "pos": "連体詞,*,*,*",
                    "pronunciation": "コノ",
                    "reading": "",
                    "surface": "この",
                    "curPos": "/"
                },
                {
                    "base": "気持ち",
                    "pos": "名詞,一般,*,*",
                    "pronunciation": "キモチ",
                    "reading": "きもち",
                    "surface": "気持ち",
                    "curPos": "n"
                },
                {
                    "base": "揺らぐ",
                    "pos": "動詞,自立,*,*",
                    "pronunciation": "ユラグ",
                    "reading": "ゆらぐ",
                    "surface": "揺らぐ",
                    "curPos": "v"
                },
                {
                    "base": "けど",
                    "pos": "助詞,接続助詞,*,*",
                    "pronunciation": "ケド",
                    "reading": "",
                    "surface": "けど",
                    "curPos": "av"
                },
                {
                    "base": "旅立つ",
                    "pos": "動詞,自立,*,*",
                    "pronunciation": "タビダツ",
                    "reading": "たびだつ",
                    "surface": "旅立つ",
                    "curPos": "v"
                },
                {
                    "base": "よ",
                    "pos": "助詞,終助詞,*,*",
                    "pronunciation": "ヨ",
                    "reading": "",
                    "surface": "よ",
                    "curPos": "av"
                },
                {
                    "base": "ここ",
                    "pos": "名詞,代名詞,一般,*",
                    "pronunciation": "ココ",
                    "reading": "",
                    "surface": "ここ",
                    "curPos": "/"
                },
                {
                    "base": "から",
                    "pos": "助詞,格助詞,一般,*",
                    "pronunciation": "カラ",
                    "reading": "",
                    "surface": "から",
                    "curPos": "av"
                }
            ]
        },
        {
            "id": 11,
            "surface": "",
            "words": []
        },
        {
            "id": 12,
            "surface": "あなたに出逢い　素直に染まって　変わった私に　気付かず過ぎたね",
            "words": [
                {
                    "base": "あなた",
                    "pos": "名詞,代名詞,一般,*",
                    "pronunciation": "アナタ",
                    "reading": "",
                    "surface": "あなた",
                    "curPos": "/"
                },
                {
                    "base": "に",
                    "pos": "助詞,格助詞,一般,*",
                    "pronunciation": "ニ",
                    "reading": "",
                    "surface": "に",
                    "curPos": "av"
                },
                {
                    "base": "出逢う",
                    "pos": "動詞,自立,*,*",
                    "pronunciation": "デアイ",
                    "reading": "であい",
                    "surface": "出逢い",
                    "curPos": "v"
                },
                {
                    "base": "素直",
                    "pos": "名詞,形容動詞語幹,*,*",
                    "pronunciation": "スナオ",
                    "reading": "すなお",
                    "surface": "素直",
                    "curPos": "n"
                },
                {
                    "base": "に",
                    "pos": "助詞,格助詞,一般,*",
                    "pronunciation": "ニ",
                    "reading": "",
                    "surface": "に",
                    "curPos": "av"
                },
                {
                    "base": "染まる",
                    "pos": "動詞,自立,*,*",
                    "pronunciation": "ソマッ",
                    "reading": "そまって",
                    "surface": "染まって",
                    "curPos": "v"
                },
                {
                    "base": "変わる",
                    "pos": "動詞,自立,*,*",
                    "pronunciation": "カワッ",
                    "reading": "かわった",
                    "surface": "変わった",
                    "curPos": "v"
                },
                {
                    "base": "私",
                    "pos": "名詞,代名詞,一般,*",
                    "pronunciation": "ワタシ",
                    "reading": "わたし",
                    "surface": "私",
                    "curPos": "/"
                },
                {
                    "base": "に",
                    "pos": "助詞,格助詞,一般,*",
                    "pronunciation": "ニ",
                    "reading": "",
                    "surface": "に",
                    "curPos": "av"
                },
                {
                    "base": "気付く",
                    "pos": "動詞,自立,*,*",
                    "pronunciation": "キズカ",
                    "reading": "きづかず",
                    "surface": "気付かず",
                    "curPos": "v"
                },
                {
                    "base": "過ぎる",
                    "pos": "動詞,自立,*,*",
                    "pronunciation": "スギ",
                    "reading": "すぎた",
                    "surface": "過ぎた",
                    "curPos": "v"
                },
                {
                    "base": "ね",
                    "pos": "助詞,終助詞,*,*",
                    "pronunciation": "ネ",
                    "reading": "",
                    "surface": "ね",
                    "curPos": "av"
                }
            ]
        },
        {
            "id": 13,
            "surface": "伝えきれずに　儚い感情　涙も隠した　哀しい人魚姫",
            "words": [
                {
                    "base": "伝える",
                    "pos": "動詞,自立,*,*",
                    "pronunciation": "ツタエ",
                    "reading": "つたえ",
                    "surface": "伝え",
                    "curPos": "v"
                },
                {
                    "base": "きれる",
                    "pos": "動詞,非自立,*,*",
                    "pronunciation": "キレ",
                    "reading": "",
                    "surface": "きれず",
                    "curPos": "v"
                },
                {
                    "base": "に",
                    "pos": "助詞,格助詞,一般,*",
                    "pronunciation": "ニ",
                    "reading": "",
                    "surface": "に",
                    "curPos": "av"
                },
                {
                    "base": "儚い",
                    "pos": "形容詞,自立,*,*",
                    "pronunciation": "ハカナイ",
                    "reading": "はかない",
                    "surface": "儚い",
                    "curPos": "a"
                },
                {
                    "base": "感情",
                    "pos": "名詞,一般,*,*",
                    "pronunciation": "カンジョー",
                    "reading": "かんじょう",
                    "surface": "感情",
                    "curPos": "n"
                },
                {
                    "base": "涙",
                    "pos": "名詞,一般,*,*",
                    "pronunciation": "ナミダ",
                    "reading": "なみだ",
                    "surface": "涙",
                    "curPos": "n"
                },
                {
                    "base": "も",
                    "pos": "助詞,係助詞,*,*",
                    "pronunciation": "モ",
                    "reading": "",
                    "surface": "も",
                    "curPos": "av"
                },
                {
                    "base": "隠す",
                    "pos": "動詞,自立,*,*",
                    "pronunciation": "カクシ",
                    "reading": "かくした",
                    "surface": "隠した",
                    "curPos": "v"
                },
                {
                    "base": "哀しい",
                    "pos": "形容詞,自立,*,*",
                    "pronunciation": "カナシイ",
                    "reading": "かなしい",
                    "surface": "哀しい",
                    "curPos": "a"
                },
                {
                    "base": "人魚",
                    "pos": "名詞,一般,*,*",
                    "pronunciation": "ニンギョ",
                    "reading": "にんぎょ",
                    "surface": "人魚",
                    "curPos": "n"
                },
                {
                    "base": "姫",
                    "pos": "名詞,一般,*,*",
                    "pronunciation": "ヒメ",
                    "reading": "ひめ",
                    "surface": "姫",
                    "curPos": "n"
                }
            ]
        },
        {
            "id": 14,
            "surface": "泡沫(うたかた)にまぎれて　消えて行くけれど　サヨナラすら言えない…",
            "words": [
                {
                    "base": "泡沫",
                    "pos": "名詞,一般,*,*",
                    "pronunciation": "ホーマツ",
                    "reading": "ほうまつ",
                    "surface": "泡沫",
                    "curPos": "n"
                },
                {
                    "base": "*",
                    "pos": "名詞,サ変接続,*,*",
                    "pronunciation": "?",
                    "reading": "",
                    "surface": "(",
                    "curPos": "/",
                    "left": true
                },
                {
                    "base": "うたかた",
                    "pos": "名詞,一般,*,*",
                    "pronunciation": "ウタカタ",
                    "reading": "",
                    "surface": "うたかた",
                    "curPos": "n"
                },
                {
                    "base": "*",
                    "pos": "名詞,サ変接続,*,*",
                    "pronunciation": "?",
                    "reading": "",
                    "surface": ")",
                    "curPos": "/",
                    "left": true
                },
                {
                    "base": "に",
                    "pos": "助詞,格助詞,一般,*",
                    "pronunciation": "ニ",
                    "reading": "",
                    "surface": "に",
                    "curPos": "av"
                },
                {
                    "base": "まぎれる",
                    "pos": "動詞,自立,*,*",
                    "pronunciation": "マギレ",
                    "reading": "",
                    "surface": "まぎれて",
                    "curPos": "v"
                },
                {
                    "base": "消える",
                    "pos": "動詞,自立,*,*",
                    "pronunciation": "キエ",
                    "reading": "きえて",
                    "surface": "消えて",
                    "curPos": "v"
                },
                {
                    "base": "行く",
                    "pos": "動詞,非自立,*,*",
                    "pronunciation": "イク",
                    "reading": "いく",
                    "surface": "行く",
                    "curPos": "v"
                },
                {
                    "base": "けれど",
                    "pos": "助詞,接続助詞,*,*",
                    "pronunciation": "ケレド",
                    "reading": "",
                    "surface": "けれど",
                    "curPos": "av"
                },
                {
                    "base": "サヨナラ",
                    "pos": "名詞,一般,*,*",
                    "pronunciation": "サヨナラ",
                    "reading": "",
                    "surface": "サヨナラ",
                    "curPos": "n"
                },
                {
                    "base": "すら",
                    "pos": "助詞,係助詞,*,*",
                    "pronunciation": "スラ",
                    "reading": "",
                    "surface": "すら",
                    "curPos": "av"
                },
                {
                    "base": "言える",
                    "pos": "動詞,自立,*,*",
                    "pronunciation": "イエ",
                    "reading": "いえない",
                    "surface": "言えない",
                    "curPos": "v"
                },
                {
                    "base": "…",
                    "pos": "記号,一般,*,*",
                    "pronunciation": "…",
                    "reading": "",
                    "surface": "…",
                    "left": true,
                    "curPos": "/"
                }
            ]
        },
        {
            "id": 15,
            "surface": "",
            "words": []
        },
        {
            "id": 16,
            "surface": "季節変わり　違った風の色",
            "words": [
                {
                    "base": "季節",
                    "pos": "名詞,一般,*,*",
                    "pronunciation": "キセツ",
                    "reading": "きせつ",
                    "surface": "季節",
                    "curPos": "n"
                },
                {
                    "base": "変わる",
                    "pos": "動詞,自立,*,*",
                    "pronunciation": "カワリ",
                    "reading": "かわり",
                    "surface": "変わり",
                    "curPos": "v"
                },
                {
                    "base": "違う",
                    "pos": "動詞,自立,*,*",
                    "pronunciation": "チガッ",
                    "reading": "ちがった",
                    "surface": "違った",
                    "curPos": "v"
                },
                {
                    "base": "風",
                    "pos": "名詞,一般,*,*",
                    "pronunciation": "カゼ",
                    "reading": "かぜ",
                    "surface": "風",
                    "curPos": "n"
                },
                {
                    "base": "の",
                    "pos": "助詞,連体化,*,*",
                    "pronunciation": "ノ",
                    "reading": "",
                    "surface": "の",
                    "curPos": "av"
                },
                {
                    "base": "色",
                    "pos": "名詞,一般,*,*",
                    "pronunciation": "イロ",
                    "reading": "いろ",
                    "surface": "色",
                    "curPos": "n"
                }
            ]
        },
        {
            "id": 17,
            "surface": "感じて別の舟　見つめてた…",
            "words": [
                {
                    "base": "感じる",
                    "pos": "動詞,自立,*,*",
                    "pronunciation": "カンジ",
                    "reading": "かんじて",
                    "surface": "感じて",
                    "curPos": "v"
                },
                {
                    "base": "別",
                    "pos": "名詞,一般,*,*",
                    "pronunciation": "ベツ",
                    "reading": "べつ",
                    "surface": "別",
                    "curPos": "n"
                },
                {
                    "base": "の",
                    "pos": "助詞,連体化,*,*",
                    "pronunciation": "ノ",
                    "reading": "",
                    "surface": "の",
                    "curPos": "av"
                },
                {
                    "base": "舟",
                    "pos": "名詞,一般,*,*",
                    "pronunciation": "フネ",
                    "reading": "ふね",
                    "surface": "舟",
                    "curPos": "n"
                },
                {
                    "base": "見つめる",
                    "pos": "動詞,自立,*,*",
                    "pronunciation": "ミツメ",
                    "reading": "みつめてた",
                    "surface": "見つめてた",
                    "curPos": "v"
                },
                {
                    "base": "…",
                    "pos": "記号,一般,*,*",
                    "pronunciation": "…",
                    "reading": "",
                    "surface": "…",
                    "left": true,
                    "curPos": "/"
                }
            ]
        },
        {
            "id": 18,
            "surface": "",
            "words": []
        },
        {
            "id": 19,
            "surface": "人は人に縛られ　それも愛と言うけど　嘘の壁をつくる",
            "words": [
                {
                    "base": "人",
                    "pos": "名詞,一般,*,*",
                    "pronunciation": "ヒト",
                    "reading": "ひと",
                    "surface": "人",
                    "curPos": "n"
                },
                {
                    "base": "は",
                    "pos": "助詞,係助詞,*,*",
                    "pronunciation": "ワ",
                    "reading": "",
                    "surface": "は",
                    "curPos": "av"
                },
                {
                    "base": "人",
                    "pos": "名詞,一般,*,*",
                    "pronunciation": "ヒト",
                    "reading": "ひと",
                    "surface": "人",
                    "curPos": "n"
                },
                {
                    "base": "に",
                    "pos": "助詞,格助詞,一般,*",
                    "pronunciation": "ニ",
                    "reading": "",
                    "surface": "に",
                    "curPos": "av"
                },
                {
                    "base": "縛る",
                    "pos": "動詞,自立,*,*",
                    "pronunciation": "シバラ",
                    "reading": "しばら",
                    "surface": "縛ら",
                    "curPos": "v"
                },
                {
                    "base": "れる",
                    "pos": "動詞,接尾,*,*",
                    "pronunciation": "レ",
                    "reading": "",
                    "surface": "れ",
                    "curPos": "v"
                },
                {
                    "base": "それ",
                    "pos": "名詞,代名詞,一般,*",
                    "pronunciation": "ソレ",
                    "reading": "",
                    "surface": "それ",
                    "curPos": "/"
                },
                {
                    "base": "も",
                    "pos": "助詞,係助詞,*,*",
                    "pronunciation": "モ",
                    "reading": "",
                    "surface": "も",
                    "curPos": "av"
                },
                {
                    "base": "愛",
                    "pos": "名詞,一般,*,*",
                    "pronunciation": "アイ",
                    "reading": "あい",
                    "surface": "愛",
                    "curPos": "n"
                },
                {
                    "base": "と",
                    "pos": "助詞,格助詞,引用,*",
                    "pronunciation": "ト",
                    "reading": "",
                    "surface": "と",
                    "curPos": "av"
                },
                {
                    "base": "言う",
                    "pos": "動詞,自立,*,*",
                    "pronunciation": "イウ",
                    "reading": "いう",
                    "surface": "言う",
                    "curPos": "v"
                },
                {
                    "base": "けど",
                    "pos": "助詞,接続助詞,*,*",
                    "pronunciation": "ケド",
                    "reading": "",
                    "surface": "けど",
                    "curPos": "av"
                },
                {
                    "base": "嘘",
                    "pos": "名詞,一般,*,*",
                    "pronunciation": "ウソ",
                    "reading": "うそ",
                    "surface": "嘘",
                    "curPos": "n"
                },
                {
                    "base": "の",
                    "pos": "助詞,連体化,*,*",
                    "pronunciation": "ノ",
                    "reading": "",
                    "surface": "の",
                    "curPos": "av"
                },
                {
                    "base": "壁",
                    "pos": "名詞,一般,*,*",
                    "pronunciation": "カベ",
                    "reading": "かべ",
                    "surface": "壁",
                    "curPos": "n"
                },
                {
                    "base": "を",
                    "pos": "助詞,格助詞,一般,*",
                    "pronunciation": "ヲ",
                    "reading": "",
                    "surface": "を",
                    "curPos": "av"
                },
                {
                    "base": "つくる",
                    "pos": "動詞,自立,*,*",
                    "pronunciation": "ツクル",
                    "reading": "",
                    "surface": "つくる",
                    "curPos": "v"
                }
            ]
        },
        {
            "id": 20,
            "surface": "失う事怖れて　駆け引きを繰り返し　リアルから背を向ける",
            "words": [
                {
                    "base": "失う",
                    "pos": "動詞,自立,*,*",
                    "pronunciation": "ウシナウ",
                    "reading": "うしなう",
                    "surface": "失う",
                    "curPos": "v"
                },
                {
                    "base": "事",
                    "pos": "名詞,非自立,一般,*",
                    "pronunciation": "コト",
                    "reading": "こと",
                    "surface": "事",
                    "curPos": "n"
                },
                {
                    "base": "怖い",
                    "pos": "形容詞,自立,*,*",
                    "pronunciation": "コワ",
                    "reading": "こわ",
                    "surface": "怖",
                    "curPos": "a"
                },
                {
                    "base": "れる",
                    "pos": "動詞,接尾,*,*",
                    "pronunciation": "レ",
                    "reading": "",
                    "surface": "れて",
                    "curPos": "v"
                },
                {
                    "base": "駆け引き",
                    "pos": "名詞,サ変接続,*,*",
                    "pronunciation": "カケヒキ",
                    "reading": "かけひき",
                    "surface": "駆け引き",
                    "curPos": "n"
                },
                {
                    "base": "を",
                    "pos": "助詞,格助詞,一般,*",
                    "pronunciation": "ヲ",
                    "reading": "",
                    "surface": "を",
                    "curPos": "av"
                },
                {
                    "base": "繰り返す",
                    "pos": "動詞,自立,*,*",
                    "pronunciation": "クリカエシ",
                    "reading": "くりかえし",
                    "surface": "繰り返し",
                    "curPos": "v"
                },
                {
                    "base": "リアル",
                    "pos": "名詞,固有名詞,一般,*",
                    "pronunciation": "リアル",
                    "reading": "",
                    "surface": "リアル",
                    "curPos": "n"
                },
                {
                    "base": "から",
                    "pos": "助詞,格助詞,一般,*",
                    "pronunciation": "カラ",
                    "reading": "",
                    "surface": "から",
                    "curPos": "av"
                },
                {
                    "base": "背",
                    "pos": "名詞,一般,*,*",
                    "pronunciation": "セ",
                    "reading": "せ",
                    "surface": "背",
                    "curPos": "n"
                },
                {
                    "base": "を",
                    "pos": "助詞,格助詞,一般,*",
                    "pronunciation": "ヲ",
                    "reading": "",
                    "surface": "を",
                    "curPos": "av"
                },
                {
                    "base": "向ける",
                    "pos": "動詞,自立,*,*",
                    "pronunciation": "ムケル",
                    "reading": "むける",
                    "surface": "向ける",
                    "curPos": "v"
                }
            ]
        },
        {
            "id": 21,
            "surface": "",
            "words": []
        },
        {
            "id": 22,
            "surface": "温もり求め　激しく抱きしめ　無邪気に笑った　思い出切なく…",
            "words": [
                {
                    "base": "温もり",
                    "pos": "名詞,一般,*,*",
                    "pronunciation": "ヌクモリ",
                    "reading": "ぬくもり",
                    "surface": "温もり",
                    "curPos": "n"
                },
                {
                    "base": "求める",
                    "pos": "動詞,自立,*,*",
                    "pronunciation": "モトメ",
                    "reading": "もとめ",
                    "surface": "求め",
                    "curPos": "v"
                },
                {
                    "base": "激しい",
                    "pos": "形容詞,自立,*,*",
                    "pronunciation": "ハゲシク",
                    "reading": "はげしく",
                    "surface": "激しく",
                    "curPos": "a"
                },
                {
                    "base": "抱きしめる",
                    "pos": "動詞,自立,*,*",
                    "pronunciation": "ダキシメ",
                    "reading": "だきしめ",
                    "surface": "抱きしめ",
                    "curPos": "v"
                },
                {
                    "base": "無邪気",
                    "pos": "名詞,形容動詞語幹,*,*",
                    "pronunciation": "ムジャキ",
                    "reading": "むじゃき",
                    "surface": "無邪気",
                    "curPos": "n"
                },
                {
                    "base": "に",
                    "pos": "助詞,副詞化,*,*",
                    "pronunciation": "ニ",
                    "reading": "",
                    "surface": "に",
                    "curPos": "av"
                },
                {
                    "base": "笑う",
                    "pos": "動詞,自立,*,*",
                    "pronunciation": "ワラッ",
                    "reading": "わらった",
                    "surface": "笑った",
                    "curPos": "v"
                },
                {
                    "base": "思い出",
                    "pos": "名詞,一般,*,*",
                    "pronunciation": "オモイデ",
                    "reading": "おもいで",
                    "surface": "思い出",
                    "curPos": "n"
                },
                {
                    "base": "切ない",
                    "pos": "形容詞,自立,*,*",
                    "pronunciation": "セツナク",
                    "reading": "せつなく",
                    "surface": "切なく",
                    "curPos": "a"
                },
                {
                    "base": "…",
                    "pos": "記号,一般,*,*",
                    "pronunciation": "…",
                    "reading": "",
                    "surface": "…",
                    "left": true,
                    "curPos": "/"
                }
            ]
        },
        {
            "id": 23,
            "surface": "あなたの中の　記憶に残った　私の瞳は　何を探している？",
            "words": [
                {
                    "base": "あなた",
                    "pos": "名詞,代名詞,一般,*",
                    "pronunciation": "アナタ",
                    "reading": "",
                    "surface": "あなた",
                    "curPos": "/"
                },
                {
                    "base": "の",
                    "pos": "助詞,連体化,*,*",
                    "pronunciation": "ノ",
                    "reading": "",
                    "surface": "の",
                    "curPos": "av"
                },
                {
                    "base": "中",
                    "pos": "名詞,非自立,副詞可能,*",
                    "pronunciation": "ナカ",
                    "reading": "なか",
                    "surface": "中",
                    "curPos": "n"
                },
                {
                    "base": "の",
                    "pos": "助詞,連体化,*,*",
                    "pronunciation": "ノ",
                    "reading": "",
                    "surface": "の",
                    "curPos": "av"
                },
                {
                    "base": "記憶",
                    "pos": "名詞,サ変接続,*,*",
                    "pronunciation": "キオク",
                    "reading": "きおく",
                    "surface": "記憶",
                    "curPos": "n"
                },
                {
                    "base": "に",
                    "pos": "助詞,格助詞,一般,*",
                    "pronunciation": "ニ",
                    "reading": "",
                    "surface": "に",
                    "curPos": "av"
                },
                {
                    "base": "残る",
                    "pos": "動詞,自立,*,*",
                    "pronunciation": "ノコッ",
                    "reading": "のこった",
                    "surface": "残った",
                    "curPos": "v"
                },
                {
                    "base": "私",
                    "pos": "名詞,代名詞,一般,*",
                    "pronunciation": "ワタシ",
                    "reading": "わたし",
                    "surface": "私",
                    "curPos": "/"
                },
                {
                    "base": "の",
                    "pos": "助詞,連体化,*,*",
                    "pronunciation": "ノ",
                    "reading": "",
                    "surface": "の",
                    "curPos": "av"
                },
                {
                    "base": "瞳",
                    "pos": "名詞,一般,*,*",
                    "pronunciation": "ヒトミ",
                    "reading": "ひとみ",
                    "surface": "瞳",
                    "curPos": "n"
                },
                {
                    "base": "は",
                    "pos": "助詞,係助詞,*,*",
                    "pronunciation": "ワ",
                    "reading": "",
                    "surface": "は",
                    "curPos": "av"
                },
                {
                    "base": "何",
                    "pos": "名詞,代名詞,一般,*",
                    "pronunciation": "ナニ",
                    "reading": "なに",
                    "surface": "何",
                    "curPos": "/"
                },
                {
                    "base": "を",
                    "pos": "助詞,格助詞,一般,*",
                    "pronunciation": "ヲ",
                    "reading": "",
                    "surface": "を",
                    "curPos": "av"
                },
                {
                    "base": "探す",
                    "pos": "動詞,自立,*,*",
                    "pronunciation": "サガシ",
                    "reading": "さがして",
                    "surface": "探して",
                    "curPos": "v"
                },
                {
                    "base": "いる",
                    "pos": "動詞,非自立,*,*",
                    "pronunciation": "イル",
                    "reading": "",
                    "surface": "いる",
                    "curPos": "v"
                },
                {
                    "base": "？",
                    "pos": "記号,一般,*,*",
                    "pronunciation": "？",
                    "reading": "",
                    "surface": "？",
                    "left": true,
                    "curPos": "/"
                }
            ]
        },
        {
            "id": 24,
            "surface": "あの日置き忘れた　小さな言葉　今さら呟いてる…",
            "words": [
                {
                    "base": "あの",
                    "pos": "連体詞,*,*,*",
                    "pronunciation": "アノ",
                    "reading": "",
                    "surface": "あの",
                    "curPos": "/"
                },
                {
                    "base": "日",
                    "pos": "名詞,非自立,副詞可能,*",
                    "pronunciation": "ヒ",
                    "reading": "ひ",
                    "surface": "日",
                    "curPos": "n"
                },
                {
                    "base": "置き忘れる",
                    "pos": "動詞,自立,*,*",
                    "pronunciation": "オキワスレ",
                    "reading": "おきわすれた",
                    "surface": "置き忘れた",
                    "curPos": "v"
                },
                {
                    "base": "小さな",
                    "pos": "連体詞,*,*,*",
                    "pronunciation": "チーサナ",
                    "reading": "ちいさな",
                    "surface": "小さな",
                    "curPos": "/"
                },
                {
                    "base": "言葉",
                    "pos": "名詞,一般,*,*",
                    "pronunciation": "コトバ",
                    "reading": "ことば",
                    "surface": "言葉",
                    "curPos": "n"
                },
                {
                    "base": "今さら",
                    "pos": "副詞,一般,*,*",
                    "pronunciation": "イマサラ",
                    "reading": "いまさら",
                    "surface": "今さら",
                    "curPos": "adv"
                },
                {
                    "base": "呟く",
                    "pos": "動詞,自立,*,*",
                    "pronunciation": "ツブヤイ",
                    "reading": "つぶやい",
                    "surface": "呟い",
                    "curPos": "v"
                },
                {
                    "base": "てる",
                    "pos": "動詞,非自立,*,*",
                    "pronunciation": "テル",
                    "reading": "",
                    "surface": "てる",
                    "curPos": "v"
                },
                {
                    "base": "…",
                    "pos": "記号,一般,*,*",
                    "pronunciation": "…",
                    "reading": "",
                    "surface": "…",
                    "left": true,
                    "curPos": "/"
                }
            ]
        },
        {
            "id": 25,
            "surface": "",
            "words": []
        },
        {
            "id": 26,
            "surface": "たとえ未来が　満月にあっても　私はあなたに　惹かれていたはず…",
            "words": [
                {
                    "base": "たとえ",
                    "pos": "副詞,一般,*,*",
                    "pronunciation": "タトエ",
                    "reading": "",
                    "surface": "たとえ",
                    "curPos": "adv"
                },
                {
                    "base": "未来",
                    "pos": "名詞,一般,*,*",
                    "pronunciation": "ミライ",
                    "reading": "みらい",
                    "surface": "未来",
                    "curPos": "n"
                },
                {
                    "base": "が",
                    "pos": "助詞,格助詞,一般,*",
                    "pronunciation": "ガ",
                    "reading": "",
                    "surface": "が",
                    "curPos": "av"
                },
                {
                    "base": "満月",
                    "pos": "名詞,一般,*,*",
                    "pronunciation": "マンゲツ",
                    "reading": "まんげつ",
                    "surface": "満月",
                    "curPos": "n"
                },
                {
                    "base": "に",
                    "pos": "助詞,格助詞,一般,*",
                    "pronunciation": "ニ",
                    "reading": "",
                    "surface": "に",
                    "curPos": "av"
                },
                {
                    "base": "ある",
                    "pos": "動詞,自立,*,*",
                    "pronunciation": "アッ",
                    "reading": "",
                    "surface": "あって",
                    "curPos": "v"
                },
                {
                    "base": "も",
                    "pos": "助詞,係助詞,*,*",
                    "pronunciation": "モ",
                    "reading": "",
                    "surface": "も",
                    "curPos": "av"
                },
                {
                    "base": "私",
                    "pos": "名詞,代名詞,一般,*",
                    "pronunciation": "ワタシ",
                    "reading": "わたし",
                    "surface": "私",
                    "curPos": "/"
                },
                {
                    "base": "は",
                    "pos": "助詞,係助詞,*,*",
                    "pronunciation": "ワ",
                    "reading": "",
                    "surface": "は",
                    "curPos": "av"
                },
                {
                    "base": "あなた",
                    "pos": "名詞,代名詞,一般,*",
                    "pronunciation": "アナタ",
                    "reading": "",
                    "surface": "あなた",
                    "curPos": "/"
                },
                {
                    "base": "に",
                    "pos": "助詞,格助詞,一般,*",
                    "pronunciation": "ニ",
                    "reading": "",
                    "surface": "に",
                    "curPos": "av"
                },
                {
                    "base": "惹く",
                    "pos": "動詞,自立,*,*",
                    "pronunciation": "ヒカ",
                    "reading": "ひか",
                    "surface": "惹か",
                    "curPos": "v"
                },
                {
                    "base": "れる",
                    "pos": "動詞,接尾,*,*",
                    "pronunciation": "レ",
                    "reading": "",
                    "surface": "れて",
                    "curPos": "v"
                },
                {
                    "base": "いる",
                    "pos": "動詞,非自立,*,*",
                    "pronunciation": "イ",
                    "reading": "",
                    "surface": "いた",
                    "curPos": "v"
                },
                {
                    "base": "はず",
                    "pos": "名詞,非自立,一般,*",
                    "pronunciation": "ハズ",
                    "reading": "",
                    "surface": "はず",
                    "curPos": "n"
                },
                {
                    "base": "…",
                    "pos": "記号,一般,*,*",
                    "pronunciation": "…",
                    "reading": "",
                    "surface": "…",
                    "left": true,
                    "curPos": "/"
                }
            ]
        },
        {
            "id": 27,
            "surface": "伝えきれずに　震える感情　涙は見せない　この恋物語",
            "words": [
                {
                    "base": "伝える",
                    "pos": "動詞,自立,*,*",
                    "pronunciation": "ツタエ",
                    "reading": "つたえ",
                    "surface": "伝え",
                    "curPos": "v"
                },
                {
                    "base": "きれる",
                    "pos": "動詞,非自立,*,*",
                    "pronunciation": "キレ",
                    "reading": "",
                    "surface": "きれず",
                    "curPos": "v"
                },
                {
                    "base": "に",
                    "pos": "助詞,格助詞,一般,*",
                    "pronunciation": "ニ",
                    "reading": "",
                    "surface": "に",
                    "curPos": "av"
                },
                {
                    "base": "震える",
                    "pos": "動詞,自立,*,*",
                    "pronunciation": "フルエル",
                    "reading": "ふるえる",
                    "surface": "震える",
                    "curPos": "v"
                },
                {
                    "base": "感情",
                    "pos": "名詞,一般,*,*",
                    "pronunciation": "カンジョー",
                    "reading": "かんじょう",
                    "surface": "感情",
                    "curPos": "n"
                },
                {
                    "base": "涙",
                    "pos": "名詞,一般,*,*",
                    "pronunciation": "ナミダ",
                    "reading": "なみだ",
                    "surface": "涙",
                    "curPos": "n"
                },
                {
                    "base": "は",
                    "pos": "助詞,係助詞,*,*",
                    "pronunciation": "ワ",
                    "reading": "",
                    "surface": "は",
                    "curPos": "av"
                },
                {
                    "base": "見せる",
                    "pos": "動詞,自立,*,*",
                    "pronunciation": "ミセ",
                    "reading": "みせない",
                    "surface": "見せない",
                    "curPos": "v"
                },
                {
                    "base": "この",
                    "pos": "連体詞,*,*,*",
                    "pronunciation": "コノ",
                    "reading": "",
                    "surface": "この",
                    "curPos": "/"
                },
                {
                    "base": "恋",
                    "pos": "名詞,一般,*,*",
                    "pronunciation": "コイ",
                    "reading": "こい",
                    "surface": "恋",
                    "curPos": "n"
                },
                {
                    "base": "物語",
                    "pos": "名詞,一般,*,*",
                    "pronunciation": "モノガタリ",
                    "reading": "ものがたり",
                    "surface": "物語",
                    "curPos": "n"
                }
            ]
        },
        {
            "id": 28,
            "surface": "泡沫にまぎれて　沈んで行くけれど　ただ幸せ祈るよ",
            "words": [
                {
                    "base": "泡沫",
                    "pos": "名詞,一般,*,*",
                    "pronunciation": "ホーマツ",
                    "reading": "ほうまつ",
                    "surface": "泡沫",
                    "curPos": "n"
                },
                {
                    "base": "に",
                    "pos": "助詞,格助詞,一般,*",
                    "pronunciation": "ニ",
                    "reading": "",
                    "surface": "に",
                    "curPos": "av"
                },
                {
                    "base": "まぎれる",
                    "pos": "動詞,自立,*,*",
                    "pronunciation": "マギレ",
                    "reading": "",
                    "surface": "まぎれて",
                    "curPos": "v"
                },
                {
                    "base": "沈む",
                    "pos": "動詞,自立,*,*",
                    "pronunciation": "シズン",
                    "reading": "しずん",
                    "surface": "沈ん",
                    "curPos": "v"
                },
                {
                    "base": "で",
                    "pos": "助詞,接続助詞,*,*",
                    "pronunciation": "デ",
                    "reading": "",
                    "surface": "で",
                    "curPos": "av"
                },
                {
                    "base": "行く",
                    "pos": "動詞,非自立,*,*",
                    "pronunciation": "イク",
                    "reading": "いく",
                    "surface": "行く",
                    "curPos": "v"
                },
                {
                    "base": "けれど",
                    "pos": "助詞,接続助詞,*,*",
                    "pronunciation": "ケレド",
                    "reading": "",
                    "surface": "けれど",
                    "curPos": "av"
                },
                {
                    "base": "ただ",
                    "pos": "接続詞,*,*,*",
                    "pronunciation": "タダ",
                    "reading": "",
                    "surface": "ただ",
                    "curPos": "/"
                },
                {
                    "base": "幸せ",
                    "pos": "名詞,形容動詞語幹,*,*",
                    "pronunciation": "シアワセ",
                    "reading": "しあわせ",
                    "surface": "幸せ",
                    "curPos": "n"
                },
                {
                    "base": "祈る",
                    "pos": "動詞,自立,*,*",
                    "pronunciation": "イノル",
                    "reading": "いのる",
                    "surface": "祈る",
                    "curPos": "v"
                },
                {
                    "base": "よ",
                    "pos": "助詞,終助詞,*,*",
                    "pronunciation": "ヨ",
                    "reading": "",
                    "surface": "よ",
                    "curPos": "av"
                }
            ]
        },
        {
            "id": 29,
            "surface": "",
            "words": []
        },
        {
            "id": 30,
            "surface": "Last Mermaid…",
            "words": [
                {
                    "base": "*",
                    "pos": "名詞,固有名詞,組織,*",
                    "pronunciation": "?",
                    "reading": "",
                    "surface": "Last",
                    "curPos": "n"
                },
                {
                    "base": "*",
                    "pos": "名詞,固有名詞,組織,*",
                    "pronunciation": "?",
                    "reading": "",
                    "surface": "Mermaid",
                    "curPos": "n"
                },
                {
                    "base": "…",
                    "pos": "記号,一般,*,*",
                    "pronunciation": "…",
                    "reading": "",
                    "surface": "…",
                    "left": true,
                    "curPos": "/"
                }
            ]
        },
        {
            "id": 31,
            "surface": "",
            "words": []
        }
    ],
    "pureLrc": [
        "浮かばぬ言葉　かき集め飾るより",
        "今だけ二人は　あの頃のままで",
        "",
        "忘れられる恋なら割りきって",
        "何気ない優しさ　迎えたはず…",
        "",
        "さめたくない夢でも離れ行く",
        "悲しみ抱えてた　いつの日も…",
        "",
        "流れて行く自分に　歯止めかけるフリして　過ごしていたけれど",
        "不意に魅せる笑顔に　この気持ち揺らぐけど　旅立つよここから",
        "",
        "あなたに出逢い　素直に染まって　変わった私に　気付かず過ぎたね",
        "伝えきれずに　儚い感情　涙も隠した　哀しい人魚姫",
        "泡沫(うたかた)にまぎれて　消えて行くけれど　サヨナラすら言えない…",
        "",
        "季節変わり　違った風の色",
        "感じて別の舟　見つめてた…",
        "",
        "人は人に縛られ　それも愛と言うけど　嘘の壁をつくる",
        "失う事怖れて　駆け引きを繰り返し　リアルから背を向ける",
        "",
        "温もり求め　激しく抱きしめ　無邪気に笑った　思い出切なく…",
        "あなたの中の　記憶に残った　私の瞳は　何を探している？",
        "あの日置き忘れた　小さな言葉　今さら呟いてる…",
        "",
        "たとえ未来が　満月にあっても　私はあなたに　惹かれていたはず…",
        "伝えきれずに　震える感情　涙は見せない　この恋物語",
        "泡沫にまぎれて　沈んで行くけれど　ただ幸せ祈るよ",
        "",
        "Last Mermaid…",
        ""
    ]
}