{
    "name": "Letter",
    "reading": "レター",
    "info": [
        {
            "label": "作詞",
            "value": [
                "DECO*27"
            ]
        },
        {
            "label": "作曲",
            "value": [
                "DECO*27"
            ]
        }
    ],
    "lrc": [
        {
            "id": 0,
            "surface": "ツライときでも　聞こえる魔法",
            "words": [
                {
                    "base": "*",
                    "pos": "名詞,一般,*,*",
                    "pronunciation": "?",
                    "reading": "",
                    "surface": "ツライ",
                    "curPos": "n"
                },
                {
                    "base": "とき",
                    "pos": "名詞,非自立,副詞可能,*",
                    "pronunciation": "トキ",
                    "reading": "",
                    "surface": "とき",
                    "curPos": "n"
                },
                {
                    "base": "でも",
                    "pos": "助詞,副助詞,*,*",
                    "pronunciation": "デモ",
                    "reading": "",
                    "surface": "でも",
                    "curPos": "av"
                },
                {
                    "base": "聞こえる",
                    "pos": "動詞,自立,*,*",
                    "pronunciation": "キコエル",
                    "reading": "きこえる",
                    "surface": "聞こえる",
                    "curPos": "v"
                },
                {
                    "base": "魔法",
                    "pos": "名詞,一般,*,*",
                    "pronunciation": "マホー",
                    "reading": "まほう",
                    "surface": "魔法",
                    "curPos": "n"
                }
            ]
        },
        {
            "id": 1,
            "surface": "離れてても　ちゃんと届いちゃうから",
            "words": [
                {
                    "base": "離れる",
                    "pos": "動詞,自立,*,*",
                    "pronunciation": "ハナレ",
                    "reading": "はなれてて",
                    "surface": "離れてて",
                    "curPos": "v"
                },
                {
                    "base": "も",
                    "pos": "助詞,係助詞,*,*",
                    "pronunciation": "モ",
                    "reading": "",
                    "surface": "も",
                    "curPos": "av"
                },
                {
                    "base": "ちゃんと",
                    "pos": "副詞,一般,*,*",
                    "pronunciation": "チャント",
                    "reading": "",
                    "surface": "ちゃんと",
                    "curPos": "adv"
                },
                {
                    "base": "届く",
                    "pos": "動詞,自立,*,*",
                    "pronunciation": "トドイ",
                    "reading": "とどい",
                    "surface": "届い",
                    "curPos": "v"
                },
                {
                    "base": "ちゃう",
                    "pos": "動詞,非自立,*,*",
                    "pronunciation": "チャウ",
                    "reading": "",
                    "surface": "ちゃう",
                    "curPos": "v"
                },
                {
                    "base": "から",
                    "pos": "助詞,接続助詞,*,*",
                    "pronunciation": "カラ",
                    "reading": "",
                    "surface": "から",
                    "curPos": "av"
                }
            ]
        },
        {
            "id": 2,
            "surface": "君と生きる世界　色付いていくよ",
            "words": [
                {
                    "base": "君",
                    "pos": "名詞,代名詞,一般,*",
                    "pronunciation": "キミ",
                    "reading": "きみ",
                    "surface": "君",
                    "curPos": "/"
                },
                {
                    "base": "と",
                    "pos": "助詞,格助詞,一般,*",
                    "pronunciation": "ト",
                    "reading": "",
                    "surface": "と",
                    "curPos": "av"
                },
                {
                    "base": "生きる",
                    "pos": "動詞,自立,*,*",
                    "pronunciation": "イキル",
                    "reading": "いきる",
                    "surface": "生きる",
                    "curPos": "v"
                },
                {
                    "base": "世界",
                    "pos": "名詞,一般,*,*",
                    "pronunciation": "セカイ",
                    "reading": "せかい",
                    "surface": "世界",
                    "curPos": "n"
                },
                {
                    "base": "色付く",
                    "pos": "動詞,自立,*,*",
                    "pronunciation": "イロズイ",
                    "reading": "いろづいて",
                    "surface": "色付いて",
                    "curPos": "v"
                },
                {
                    "base": "いく",
                    "pos": "動詞,非自立,*,*",
                    "pronunciation": "イク",
                    "reading": "",
                    "surface": "いく",
                    "curPos": "v"
                },
                {
                    "base": "よ",
                    "pos": "助詞,終助詞,*,*",
                    "pronunciation": "ヨ",
                    "reading": "",
                    "surface": "よ",
                    "curPos": "av"
                }
            ]
        },
        {
            "id": 3,
            "surface": "きっとこれからも変わらない気持ちの Letter",
            "words": [
                {
                    "base": "きっと",
                    "pos": "副詞,一般,*,*",
                    "pronunciation": "キット",
                    "reading": "",
                    "surface": "きっと",
                    "curPos": "adv"
                },
                {
                    "base": "これから",
                    "pos": "副詞,助詞類接続,*,*",
                    "pronunciation": "コレカラ",
                    "reading": "",
                    "surface": "これから",
                    "curPos": "adv"
                },
                {
                    "base": "も",
                    "pos": "助詞,係助詞,*,*",
                    "pronunciation": "モ",
                    "reading": "",
                    "surface": "も",
                    "curPos": "av"
                },
                {
                    "base": "変わる",
                    "pos": "動詞,自立,*,*",
                    "pronunciation": "カワラ",
                    "reading": "かわらない",
                    "surface": "変わらない",
                    "curPos": "v"
                },
                {
                    "base": "気持ち",
                    "pos": "名詞,一般,*,*",
                    "pronunciation": "キモチ",
                    "reading": "きもち",
                    "surface": "気持ち",
                    "curPos": "n"
                },
                {
                    "base": "の",
                    "pos": "助詞,連体化,*,*",
                    "pronunciation": "ノ",
                    "reading": "",
                    "surface": "の",
                    "curPos": "av"
                },
                {
                    "base": "*",
                    "pos": "名詞,固有名詞,組織,*",
                    "pronunciation": "?",
                    "reading": "",
                    "surface": "Letter",
                    "curPos": "n"
                }
            ]
        },
        {
            "id": 4,
            "surface": "",
            "words": []
        },
        {
            "id": 5,
            "surface": "僕らは支え合って　何でもできるみたいだ",
            "words": [
                {
                    "base": "僕ら",
                    "pos": "名詞,代名詞,一般,*",
                    "pronunciation": "ボクラ",
                    "reading": "ぼくら",
                    "surface": "僕ら",
                    "curPos": "/"
                },
                {
                    "base": "は",
                    "pos": "助詞,係助詞,*,*",
                    "pronunciation": "ワ",
                    "reading": "",
                    "surface": "は",
                    "curPos": "av"
                },
                {
                    "base": "支える",
                    "pos": "動詞,自立,*,*",
                    "pronunciation": "ササエ",
                    "reading": "ささえ",
                    "surface": "支え",
                    "curPos": "v"
                },
                {
                    "base": "合う",
                    "pos": "動詞,非自立,*,*",
                    "pronunciation": "アッ",
                    "reading": "あって",
                    "surface": "合って",
                    "curPos": "v"
                },
                {
                    "base": "何",
                    "pos": "名詞,代名詞,一般,*",
                    "pronunciation": "ナニ",
                    "reading": "なに",
                    "surface": "何",
                    "curPos": "/"
                },
                {
                    "base": "でも",
                    "pos": "助詞,副助詞,*,*",
                    "pronunciation": "デモ",
                    "reading": "",
                    "surface": "でも",
                    "curPos": "av"
                },
                {
                    "base": "できる",
                    "pos": "動詞,自立,*,*",
                    "pronunciation": "デキル",
                    "reading": "",
                    "surface": "できる",
                    "curPos": "v"
                },
                {
                    "base": "みたい",
                    "pos": "名詞,非自立,形容動詞語幹,*",
                    "pronunciation": "ミタイ",
                    "reading": "",
                    "surface": "みたい",
                    "curPos": "n"
                },
                {
                    "base": "だ",
                    "pos": "助動詞,*,*,*",
                    "pronunciation": "ダ",
                    "reading": "",
                    "surface": "だ",
                    "curPos": "mv"
                }
            ]
        },
        {
            "id": 6,
            "surface": "君の笑顔があって　僕も輝けるよ",
            "words": [
                {
                    "base": "君",
                    "pos": "名詞,代名詞,一般,*",
                    "pronunciation": "キミ",
                    "reading": "きみ",
                    "surface": "君",
                    "curPos": "/"
                },
                {
                    "base": "の",
                    "pos": "助詞,連体化,*,*",
                    "pronunciation": "ノ",
                    "reading": "",
                    "surface": "の",
                    "curPos": "av"
                },
                {
                    "base": "笑顔",
                    "pos": "名詞,一般,*,*",
                    "pronunciation": "エガオ",
                    "reading": "えがお",
                    "surface": "笑顔",
                    "curPos": "n"
                },
                {
                    "base": "が",
                    "pos": "助詞,格助詞,一般,*",
                    "pronunciation": "ガ",
                    "reading": "",
                    "surface": "が",
                    "curPos": "av"
                },
                {
                    "base": "ある",
                    "pos": "動詞,自立,*,*",
                    "pronunciation": "アッ",
                    "reading": "",
                    "surface": "あって",
                    "curPos": "v"
                },
                {
                    "base": "僕",
                    "pos": "名詞,代名詞,一般,*",
                    "pronunciation": "ボク",
                    "reading": "ぼく",
                    "surface": "僕",
                    "curPos": "/"
                },
                {
                    "base": "も",
                    "pos": "助詞,係助詞,*,*",
                    "pronunciation": "モ",
                    "reading": "",
                    "surface": "も",
                    "curPos": "av"
                },
                {
                    "base": "輝ける",
                    "pos": "連体詞,*,*,*",
                    "pronunciation": "カガヤケル",
                    "reading": "かがやける",
                    "surface": "輝ける",
                    "curPos": "/"
                },
                {
                    "base": "よ",
                    "pos": "助詞,終助詞,*,*",
                    "pronunciation": "ヨ",
                    "reading": "",
                    "surface": "よ",
                    "curPos": "av"
                }
            ]
        },
        {
            "id": 7,
            "surface": "",
            "words": []
        },
        {
            "id": 8,
            "surface": "やけに Good しちゃっても　同じくらいの Bad しちゃったり",
            "words": [
                {
                    "base": "やけに",
                    "pos": "副詞,一般,*,*",
                    "pronunciation": "ヤケニ",
                    "reading": "",
                    "surface": "やけに",
                    "curPos": "adv"
                },
                {
                    "base": "*",
                    "pos": "名詞,固有名詞,組織,*",
                    "pronunciation": "?",
                    "reading": "",
                    "surface": "Good",
                    "curPos": "n"
                },
                {
                    "base": "する",
                    "pos": "動詞,自立,*,*",
                    "pronunciation": "シ",
                    "reading": "",
                    "surface": "し",
                    "curPos": "v"
                },
                {
                    "base": "ちゃう",
                    "pos": "動詞,非自立,*,*",
                    "pronunciation": "チャッ",
                    "reading": "",
                    "surface": "ちゃって",
                    "curPos": "v"
                },
                {
                    "base": "も",
                    "pos": "助詞,係助詞,*,*",
                    "pronunciation": "モ",
                    "reading": "",
                    "surface": "も",
                    "curPos": "av"
                },
                {
                    "base": "同じ",
                    "pos": "連体詞,*,*,*",
                    "pronunciation": "オナジ",
                    "reading": "おなじ",
                    "surface": "同じ",
                    "curPos": "/"
                },
                {
                    "base": "くらい",
                    "pos": "助詞,副助詞,*,*",
                    "pronunciation": "クライ",
                    "reading": "",
                    "surface": "くらい",
                    "curPos": "av"
                },
                {
                    "base": "の",
                    "pos": "助詞,連体化,*,*",
                    "pronunciation": "ノ",
                    "reading": "",
                    "surface": "の",
                    "curPos": "av"
                },
                {
                    "base": "*",
                    "pos": "名詞,固有名詞,組織,*",
                    "pronunciation": "?",
                    "reading": "",
                    "surface": "Bad",
                    "curPos": "n"
                },
                {
                    "base": "する",
                    "pos": "動詞,自立,*,*",
                    "pronunciation": "シ",
                    "reading": "",
                    "surface": "し",
                    "curPos": "v"
                },
                {
                    "base": "ちゃう",
                    "pos": "動詞,非自立,*,*",
                    "pronunciation": "チャッ",
                    "reading": "",
                    "surface": "ちゃっ",
                    "curPos": "v"
                },
                {
                    "base": "たり",
                    "pos": "助詞,並立助詞,*,*",
                    "pronunciation": "タリ",
                    "reading": "",
                    "surface": "たり",
                    "curPos": "av"
                }
            ]
        },
        {
            "id": 9,
            "surface": "ちゃんと頑張ったって思うようにいかない",
            "words": [
                {
                    "base": "ちゃんと",
                    "pos": "副詞,一般,*,*",
                    "pronunciation": "チャント",
                    "reading": "",
                    "surface": "ちゃんと",
                    "curPos": "adv"
                },
                {
                    "base": "頑張る",
                    "pos": "動詞,自立,*,*",
                    "pronunciation": "ガンバッ",
                    "reading": "がんばった",
                    "surface": "頑張った",
                    "curPos": "v"
                },
                {
                    "base": "って",
                    "pos": "助詞,格助詞,連語,*",
                    "pronunciation": "ッテ",
                    "reading": "",
                    "surface": "って",
                    "curPos": "av"
                },
                {
                    "base": "思う",
                    "pos": "動詞,自立,*,*",
                    "pronunciation": "オモウ",
                    "reading": "おもうよう",
                    "surface": "思うよう",
                    "curPos": "v"
                },
                {
                    "base": "に",
                    "pos": "助詞,副詞化,*,*",
                    "pronunciation": "ニ",
                    "reading": "",
                    "surface": "に",
                    "curPos": "av"
                },
                {
                    "base": "いく",
                    "pos": "動詞,自立,*,*",
                    "pronunciation": "イカ",
                    "reading": "",
                    "surface": "いかない",
                    "curPos": "v"
                }
            ]
        },
        {
            "id": 10,
            "surface": "それでも…なれるのは　凹んでいても前を向けるのは",
            "words": [
                {
                    "base": "それでも",
                    "pos": "接続詞,*,*,*",
                    "pronunciation": "ソレデモ",
                    "reading": "",
                    "surface": "それでも",
                    "curPos": "/"
                },
                {
                    "base": "…",
                    "pos": "記号,一般,*,*",
                    "pronunciation": "…",
                    "reading": "",
                    "surface": "…",
                    "left": true,
                    "curPos": "/"
                },
                {
                    "base": "なれる",
                    "pos": "動詞,自立,*,*",
                    "pronunciation": "ナレル",
                    "reading": "",
                    "surface": "なれる",
                    "curPos": "v"
                },
                {
                    "base": "の",
                    "pos": "名詞,非自立,一般,*",
                    "pronunciation": "ノ",
                    "reading": "",
                    "surface": "の",
                    "curPos": "n"
                },
                {
                    "base": "は",
                    "pos": "助詞,係助詞,*,*",
                    "pronunciation": "ワ",
                    "reading": "",
                    "surface": "は",
                    "curPos": "av"
                },
                {
                    "base": "凹む",
                    "pos": "動詞,自立,*,*",
                    "pronunciation": "ヘコン",
                    "reading": "へこん",
                    "surface": "凹ん",
                    "curPos": "v"
                },
                {
                    "base": "で",
                    "pos": "助詞,接続助詞,*,*",
                    "pronunciation": "デ",
                    "reading": "",
                    "surface": "で",
                    "curPos": "av"
                },
                {
                    "base": "いる",
                    "pos": "動詞,非自立,*,*",
                    "pronunciation": "イ",
                    "reading": "",
                    "surface": "いて",
                    "curPos": "v"
                },
                {
                    "base": "も",
                    "pos": "助詞,係助詞,*,*",
                    "pronunciation": "モ",
                    "reading": "",
                    "surface": "も",
                    "curPos": "av"
                },
                {
                    "base": "前",
                    "pos": "名詞,副詞可能,*,*",
                    "pronunciation": "マエ",
                    "reading": "まえ",
                    "surface": "前",
                    "curPos": "n"
                },
                {
                    "base": "を",
                    "pos": "助詞,格助詞,一般,*",
                    "pronunciation": "ヲ",
                    "reading": "",
                    "surface": "を",
                    "curPos": "av"
                },
                {
                    "base": "向ける",
                    "pos": "動詞,自立,*,*",
                    "pronunciation": "ムケル",
                    "reading": "むける",
                    "surface": "向ける",
                    "curPos": "v"
                },
                {
                    "base": "の",
                    "pos": "名詞,非自立,一般,*",
                    "pronunciation": "ノ",
                    "reading": "",
                    "surface": "の",
                    "curPos": "n"
                },
                {
                    "base": "は",
                    "pos": "助詞,係助詞,*,*",
                    "pronunciation": "ワ",
                    "reading": "",
                    "surface": "は",
                    "curPos": "av"
                }
            ]
        },
        {
            "id": 11,
            "surface": "もらったぶんを全部、全部返したいから",
            "words": [
                {
                    "base": "もらう",
                    "pos": "動詞,自立,*,*",
                    "pronunciation": "モラッ",
                    "reading": "",
                    "surface": "もらった",
                    "curPos": "v"
                },
                {
                    "base": "ぶん",
                    "pos": "名詞,一般,*,*",
                    "pronunciation": "ブン",
                    "reading": "",
                    "surface": "ぶん",
                    "curPos": "n"
                },
                {
                    "base": "を",
                    "pos": "助詞,格助詞,一般,*",
                    "pronunciation": "ヲ",
                    "reading": "",
                    "surface": "を",
                    "curPos": "av"
                },
                {
                    "base": "全部",
                    "pos": "名詞,副詞可能,*,*",
                    "pronunciation": "ゼンブ",
                    "reading": "ぜんぶ",
                    "surface": "全部",
                    "curPos": "n"
                },
                {
                    "base": "、",
                    "pos": "記号,読点,*,*",
                    "pronunciation": "、",
                    "reading": "",
                    "surface": "、",
                    "left": true,
                    "curPos": "/"
                },
                {
                    "base": "全部",
                    "pos": "名詞,副詞可能,*,*",
                    "pronunciation": "ゼンブ",
                    "reading": "ぜんぶ",
                    "surface": "全部",
                    "curPos": "n"
                },
                {
                    "base": "返す",
                    "pos": "動詞,自立,*,*",
                    "pronunciation": "カエシ",
                    "reading": "かえしたい",
                    "surface": "返したい",
                    "curPos": "v"
                },
                {
                    "base": "から",
                    "pos": "助詞,接続助詞,*,*",
                    "pronunciation": "カラ",
                    "reading": "",
                    "surface": "から",
                    "curPos": "av"
                }
            ]
        },
        {
            "id": 12,
            "surface": "",
            "words": []
        },
        {
            "id": 13,
            "surface": "ひとりじゃない　与えあって　もっと先へ行こうよ",
            "words": [
                {
                    "base": "ひとり",
                    "pos": "名詞,一般,*,*",
                    "pronunciation": "ヒトリ",
                    "reading": "",
                    "surface": "ひとり",
                    "curPos": "n"
                },
                {
                    "base": "じゃ",
                    "pos": "助詞,副助詞,*,*",
                    "pronunciation": "ジャ",
                    "reading": "",
                    "surface": "じゃ",
                    "curPos": "av"
                },
                {
                    "base": "ない",
                    "pos": "助動詞,*,*,*",
                    "pronunciation": "ナイ",
                    "reading": "",
                    "surface": "ない",
                    "curPos": "mv"
                },
                {
                    "base": "与える",
                    "pos": "動詞,自立,*,*",
                    "pronunciation": "アタエ",
                    "reading": "あたえ",
                    "surface": "与え",
                    "curPos": "v"
                },
                {
                    "base": "あう",
                    "pos": "動詞,非自立,*,*",
                    "pronunciation": "アッ",
                    "reading": "",
                    "surface": "あって",
                    "curPos": "v"
                },
                {
                    "base": "もっと",
                    "pos": "副詞,一般,*,*",
                    "pronunciation": "モット",
                    "reading": "",
                    "surface": "もっと",
                    "curPos": "adv"
                },
                {
                    "base": "先",
                    "pos": "名詞,一般,*,*",
                    "pronunciation": "サキ",
                    "reading": "さき",
                    "surface": "先",
                    "curPos": "n"
                },
                {
                    "base": "へ",
                    "pos": "助詞,格助詞,一般,*",
                    "pronunciation": "エ",
                    "reading": "",
                    "surface": "へ",
                    "curPos": "av"
                },
                {
                    "base": "行く",
                    "pos": "動詞,自立,*,*",
                    "pronunciation": "イコ",
                    "reading": "いこう",
                    "surface": "行こう",
                    "curPos": "v"
                },
                {
                    "base": "よ",
                    "pos": "助詞,終助詞,*,*",
                    "pronunciation": "ヨ",
                    "reading": "",
                    "surface": "よ",
                    "curPos": "av"
                }
            ]
        },
        {
            "id": 14,
            "surface": "この距離が希望の答えだ　何度でもはじめよう",
            "words": [
                {
                    "base": "この",
                    "pos": "連体詞,*,*,*",
                    "pronunciation": "コノ",
                    "reading": "",
                    "surface": "この",
                    "curPos": "/"
                },
                {
                    "base": "距離",
                    "pos": "名詞,一般,*,*",
                    "pronunciation": "キョリ",
                    "reading": "きょり",
                    "surface": "距離",
                    "curPos": "n"
                },
                {
                    "base": "が",
                    "pos": "助詞,格助詞,一般,*",
                    "pronunciation": "ガ",
                    "reading": "",
                    "surface": "が",
                    "curPos": "av"
                },
                {
                    "base": "希望",
                    "pos": "名詞,サ変接続,*,*",
                    "pronunciation": "キボー",
                    "reading": "きぼう",
                    "surface": "希望",
                    "curPos": "n"
                },
                {
                    "base": "の",
                    "pos": "助詞,連体化,*,*",
                    "pronunciation": "ノ",
                    "reading": "",
                    "surface": "の",
                    "curPos": "av"
                },
                {
                    "base": "答え",
                    "pos": "名詞,一般,*,*",
                    "pronunciation": "コタエ",
                    "reading": "こたえ",
                    "surface": "答え",
                    "curPos": "n"
                },
                {
                    "base": "だ",
                    "pos": "助動詞,*,*,*",
                    "pronunciation": "ダ",
                    "reading": "",
                    "surface": "だ",
                    "curPos": "mv"
                },
                {
                    "base": "何",
                    "pos": "名詞,数,*,*",
                    "pronunciation": "ナン",
                    "reading": "なんど",
                    "surface": "何度",
                    "curPos": "/"
                },
                {
                    "base": "でも",
                    "pos": "助詞,副助詞,*,*",
                    "pronunciation": "デモ",
                    "reading": "",
                    "surface": "でも",
                    "curPos": "av"
                },
                {
                    "base": "はじめる",
                    "pos": "動詞,自立,*,*",
                    "pronunciation": "ハジメヨ",
                    "reading": "",
                    "surface": "はじめよう",
                    "curPos": "v"
                }
            ]
        },
        {
            "id": 15,
            "surface": "",
            "words": []
        },
        {
            "id": 16,
            "surface": "“伝えたいこと”　“伝えないこと”",
            "words": [
                {
                    "base": "“",
                    "pos": "記号,括弧開,*,*",
                    "pronunciation": "“",
                    "reading": "",
                    "surface": "“",
                    "left": true,
                    "curPos": "/"
                },
                {
                    "base": "伝える",
                    "pos": "動詞,自立,*,*",
                    "pronunciation": "ツタエ",
                    "reading": "つたえたい",
                    "surface": "伝えたい",
                    "curPos": "v"
                },
                {
                    "base": "こと",
                    "pos": "名詞,非自立,一般,*",
                    "pronunciation": "コト",
                    "reading": "",
                    "surface": "こと",
                    "curPos": "n"
                },
                {
                    "base": "”",
                    "pos": "記号,括弧閉,*,*",
                    "pronunciation": "”",
                    "reading": "",
                    "surface": "”",
                    "left": true,
                    "curPos": "/"
                },
                {
                    "base": "“",
                    "pos": "記号,括弧開,*,*",
                    "pronunciation": "“",
                    "reading": "",
                    "surface": "“",
                    "left": true,
                    "curPos": "/"
                },
                {
                    "base": "伝える",
                    "pos": "動詞,自立,*,*",
                    "pronunciation": "ツタエ",
                    "reading": "つたえない",
                    "surface": "伝えない",
                    "curPos": "v"
                },
                {
                    "base": "こと",
                    "pos": "名詞,非自立,一般,*",
                    "pronunciation": "コト",
                    "reading": "",
                    "surface": "こと",
                    "curPos": "n"
                },
                {
                    "base": "”",
                    "pos": "記号,括弧閉,*,*",
                    "pronunciation": "”",
                    "reading": "",
                    "surface": "”",
                    "left": true,
                    "curPos": "/"
                }
            ]
        },
        {
            "id": 17,
            "surface": "僕の中で　重なっていくんだ",
            "words": [
                {
                    "base": "僕",
                    "pos": "名詞,代名詞,一般,*",
                    "pronunciation": "ボク",
                    "reading": "ぼく",
                    "surface": "僕",
                    "curPos": "/"
                },
                {
                    "base": "の",
                    "pos": "助詞,連体化,*,*",
                    "pronunciation": "ノ",
                    "reading": "",
                    "surface": "の",
                    "curPos": "av"
                },
                {
                    "base": "中",
                    "pos": "名詞,非自立,副詞可能,*",
                    "pronunciation": "ナカ",
                    "reading": "なか",
                    "surface": "中",
                    "curPos": "n"
                },
                {
                    "base": "で",
                    "pos": "助詞,格助詞,一般,*",
                    "pronunciation": "デ",
                    "reading": "",
                    "surface": "で",
                    "curPos": "av"
                },
                {
                    "base": "重なる",
                    "pos": "動詞,自立,*,*",
                    "pronunciation": "カサナッ",
                    "reading": "かさなって",
                    "surface": "重なって",
                    "curPos": "v"
                },
                {
                    "base": "いく",
                    "pos": "動詞,非自立,*,*",
                    "pronunciation": "イク",
                    "reading": "",
                    "surface": "いく",
                    "curPos": "v"
                },
                {
                    "base": "ん",
                    "pos": "名詞,非自立,一般,*",
                    "pronunciation": "ン",
                    "reading": "",
                    "surface": "ん",
                    "curPos": "n"
                },
                {
                    "base": "だ",
                    "pos": "助動詞,*,*,*",
                    "pronunciation": "ダ",
                    "reading": "",
                    "surface": "だ",
                    "curPos": "mv"
                }
            ]
        },
        {
            "id": 18,
            "surface": "口にすればほら　君は困るから",
            "words": [
                {
                    "base": "口",
                    "pos": "名詞,一般,*,*",
                    "pronunciation": "クチ",
                    "reading": "くち",
                    "surface": "口",
                    "curPos": "n"
                },
                {
                    "base": "に",
                    "pos": "助詞,格助詞,一般,*",
                    "pronunciation": "ニ",
                    "reading": "",
                    "surface": "に",
                    "curPos": "av"
                },
                {
                    "base": "する",
                    "pos": "動詞,自立,*,*",
                    "pronunciation": "スレ",
                    "reading": "",
                    "surface": "すれ",
                    "curPos": "v"
                },
                {
                    "base": "ば",
                    "pos": "助詞,接続助詞,*,*",
                    "pronunciation": "バ",
                    "reading": "",
                    "surface": "ば",
                    "curPos": "av"
                },
                {
                    "base": "ほら",
                    "pos": "感動詞,*,*,*",
                    "pronunciation": "ホラ",
                    "reading": "",
                    "surface": "ほら",
                    "curPos": "/"
                },
                {
                    "base": "君",
                    "pos": "名詞,代名詞,一般,*",
                    "pronunciation": "キミ",
                    "reading": "きみ",
                    "surface": "君",
                    "curPos": "/"
                },
                {
                    "base": "は",
                    "pos": "助詞,係助詞,*,*",
                    "pronunciation": "ワ",
                    "reading": "",
                    "surface": "は",
                    "curPos": "av"
                },
                {
                    "base": "困る",
                    "pos": "動詞,自立,*,*",
                    "pronunciation": "コマル",
                    "reading": "こまる",
                    "surface": "困る",
                    "curPos": "v"
                },
                {
                    "base": "から",
                    "pos": "助詞,接続助詞,*,*",
                    "pronunciation": "カラ",
                    "reading": "",
                    "surface": "から",
                    "curPos": "av"
                }
            ]
        },
        {
            "id": 19,
            "surface": "ただ見てるだけでいいんだよ",
            "words": [
                {
                    "base": "ただ",
                    "pos": "接続詞,*,*,*",
                    "pronunciation": "タダ",
                    "reading": "",
                    "surface": "ただ",
                    "curPos": "/"
                },
                {
                    "base": "見る",
                    "pos": "動詞,自立,*,*",
                    "pronunciation": "ミ",
                    "reading": "み",
                    "surface": "見",
                    "curPos": "v"
                },
                {
                    "base": "てる",
                    "pos": "動詞,非自立,*,*",
                    "pronunciation": "テル",
                    "reading": "",
                    "surface": "てる",
                    "curPos": "v"
                },
                {
                    "base": "だけ",
                    "pos": "助詞,副助詞,*,*",
                    "pronunciation": "ダケ",
                    "reading": "",
                    "surface": "だけ",
                    "curPos": "av"
                },
                {
                    "base": "だ",
                    "pos": "助動詞,*,*,*",
                    "pronunciation": "デ",
                    "reading": "",
                    "surface": "で",
                    "curPos": "mv"
                },
                {
                    "base": "いい",
                    "pos": "形容詞,非自立,*,*",
                    "pronunciation": "イイ",
                    "reading": "",
                    "surface": "いい",
                    "curPos": "a"
                },
                {
                    "base": "ん",
                    "pos": "名詞,非自立,一般,*",
                    "pronunciation": "ン",
                    "reading": "",
                    "surface": "ん",
                    "curPos": "n"
                },
                {
                    "base": "だ",
                    "pos": "助動詞,*,*,*",
                    "pronunciation": "ダ",
                    "reading": "",
                    "surface": "だ",
                    "curPos": "mv"
                },
                {
                    "base": "よ",
                    "pos": "助詞,終助詞,*,*",
                    "pronunciation": "ヨ",
                    "reading": "",
                    "surface": "よ",
                    "curPos": "av"
                }
            ]
        },
        {
            "id": 20,
            "surface": "",
            "words": []
        },
        {
            "id": 21,
            "surface": "ツライときでも　聞こえる魔法",
            "words": [
                {
                    "base": "*",
                    "pos": "名詞,一般,*,*",
                    "pronunciation": "?",
                    "reading": "",
                    "surface": "ツライ",
                    "curPos": "n"
                },
                {
                    "base": "とき",
                    "pos": "名詞,非自立,副詞可能,*",
                    "pronunciation": "トキ",
                    "reading": "",
                    "surface": "とき",
                    "curPos": "n"
                },
                {
                    "base": "でも",
                    "pos": "助詞,副助詞,*,*",
                    "pronunciation": "デモ",
                    "reading": "",
                    "surface": "でも",
                    "curPos": "av"
                },
                {
                    "base": "聞こえる",
                    "pos": "動詞,自立,*,*",
                    "pronunciation": "キコエル",
                    "reading": "きこえる",
                    "surface": "聞こえる",
                    "curPos": "v"
                },
                {
                    "base": "魔法",
                    "pos": "名詞,一般,*,*",
                    "pronunciation": "マホー",
                    "reading": "まほう",
                    "surface": "魔法",
                    "curPos": "n"
                }
            ]
        },
        {
            "id": 22,
            "surface": "離れてても　ちゃんと届いちゃうから",
            "words": [
                {
                    "base": "離れる",
                    "pos": "動詞,自立,*,*",
                    "pronunciation": "ハナレ",
                    "reading": "はなれてて",
                    "surface": "離れてて",
                    "curPos": "v"
                },
                {
                    "base": "も",
                    "pos": "助詞,係助詞,*,*",
                    "pronunciation": "モ",
                    "reading": "",
                    "surface": "も",
                    "curPos": "av"
                },
                {
                    "base": "ちゃんと",
                    "pos": "副詞,一般,*,*",
                    "pronunciation": "チャント",
                    "reading": "",
                    "surface": "ちゃんと",
                    "curPos": "adv"
                },
                {
                    "base": "届く",
                    "pos": "動詞,自立,*,*",
                    "pronunciation": "トドイ",
                    "reading": "とどい",
                    "surface": "届い",
                    "curPos": "v"
                },
                {
                    "base": "ちゃう",
                    "pos": "動詞,非自立,*,*",
                    "pronunciation": "チャウ",
                    "reading": "",
                    "surface": "ちゃう",
                    "curPos": "v"
                },
                {
                    "base": "から",
                    "pos": "助詞,接続助詞,*,*",
                    "pronunciation": "カラ",
                    "reading": "",
                    "surface": "から",
                    "curPos": "av"
                }
            ]
        },
        {
            "id": 23,
            "surface": "君と生きる世界　色付いていくよ",
            "words": [
                {
                    "base": "君",
                    "pos": "名詞,代名詞,一般,*",
                    "pronunciation": "キミ",
                    "reading": "きみ",
                    "surface": "君",
                    "curPos": "/"
                },
                {
                    "base": "と",
                    "pos": "助詞,格助詞,一般,*",
                    "pronunciation": "ト",
                    "reading": "",
                    "surface": "と",
                    "curPos": "av"
                },
                {
                    "base": "生きる",
                    "pos": "動詞,自立,*,*",
                    "pronunciation": "イキル",
                    "reading": "いきる",
                    "surface": "生きる",
                    "curPos": "v"
                },
                {
                    "base": "世界",
                    "pos": "名詞,一般,*,*",
                    "pronunciation": "セカイ",
                    "reading": "せかい",
                    "surface": "世界",
                    "curPos": "n"
                },
                {
                    "base": "色付く",
                    "pos": "動詞,自立,*,*",
                    "pronunciation": "イロズイ",
                    "reading": "いろづいて",
                    "surface": "色付いて",
                    "curPos": "v"
                },
                {
                    "base": "いく",
                    "pos": "動詞,非自立,*,*",
                    "pronunciation": "イク",
                    "reading": "",
                    "surface": "いく",
                    "curPos": "v"
                },
                {
                    "base": "よ",
                    "pos": "助詞,終助詞,*,*",
                    "pronunciation": "ヨ",
                    "reading": "",
                    "surface": "よ",
                    "curPos": "av"
                }
            ]
        },
        {
            "id": 24,
            "surface": "きっとこれからも変わらない気持ちの Letter",
            "words": [
                {
                    "base": "きっと",
                    "pos": "副詞,一般,*,*",
                    "pronunciation": "キット",
                    "reading": "",
                    "surface": "きっと",
                    "curPos": "adv"
                },
                {
                    "base": "これから",
                    "pos": "副詞,助詞類接続,*,*",
                    "pronunciation": "コレカラ",
                    "reading": "",
                    "surface": "これから",
                    "curPos": "adv"
                },
                {
                    "base": "も",
                    "pos": "助詞,係助詞,*,*",
                    "pronunciation": "モ",
                    "reading": "",
                    "surface": "も",
                    "curPos": "av"
                },
                {
                    "base": "変わる",
                    "pos": "動詞,自立,*,*",
                    "pronunciation": "カワラ",
                    "reading": "かわらない",
                    "surface": "変わらない",
                    "curPos": "v"
                },
                {
                    "base": "気持ち",
                    "pos": "名詞,一般,*,*",
                    "pronunciation": "キモチ",
                    "reading": "きもち",
                    "surface": "気持ち",
                    "curPos": "n"
                },
                {
                    "base": "の",
                    "pos": "助詞,連体化,*,*",
                    "pronunciation": "ノ",
                    "reading": "",
                    "surface": "の",
                    "curPos": "av"
                },
                {
                    "base": "*",
                    "pos": "名詞,固有名詞,組織,*",
                    "pronunciation": "?",
                    "reading": "",
                    "surface": "Letter",
                    "curPos": "n"
                }
            ]
        },
        {
            "id": 25,
            "surface": "",
            "words": []
        },
        {
            "id": 26,
            "surface": "僕らは支え合って　弱さを預け合うんだ",
            "words": [
                {
                    "base": "僕ら",
                    "pos": "名詞,代名詞,一般,*",
                    "pronunciation": "ボクラ",
                    "reading": "ぼくら",
                    "surface": "僕ら",
                    "curPos": "/"
                },
                {
                    "base": "は",
                    "pos": "助詞,係助詞,*,*",
                    "pronunciation": "ワ",
                    "reading": "",
                    "surface": "は",
                    "curPos": "av"
                },
                {
                    "base": "支える",
                    "pos": "動詞,自立,*,*",
                    "pronunciation": "ササエ",
                    "reading": "ささえ",
                    "surface": "支え",
                    "curPos": "v"
                },
                {
                    "base": "合う",
                    "pos": "動詞,非自立,*,*",
                    "pronunciation": "アッ",
                    "reading": "あって",
                    "surface": "合って",
                    "curPos": "v"
                },
                {
                    "base": "弱い",
                    "pos": "形容詞,自立,*,*",
                    "pronunciation": "ヨワ",
                    "reading": "よわ",
                    "surface": "弱",
                    "curPos": "a"
                },
                {
                    "base": "さ",
                    "pos": "名詞,接尾,特殊,*",
                    "pronunciation": "サ",
                    "reading": "",
                    "surface": "さ",
                    "left": true,
                    "curPos": "n"
                },
                {
                    "base": "を",
                    "pos": "助詞,格助詞,一般,*",
                    "pronunciation": "ヲ",
                    "reading": "",
                    "surface": "を",
                    "curPos": "av"
                },
                {
                    "base": "預ける",
                    "pos": "動詞,自立,*,*",
                    "pronunciation": "アズケ",
                    "reading": "あづけ",
                    "surface": "預け",
                    "curPos": "v"
                },
                {
                    "base": "合う",
                    "pos": "動詞,非自立,*,*",
                    "pronunciation": "アウ",
                    "reading": "あう",
                    "surface": "合う",
                    "curPos": "v"
                },
                {
                    "base": "ん",
                    "pos": "名詞,非自立,一般,*",
                    "pronunciation": "ン",
                    "reading": "",
                    "surface": "ん",
                    "curPos": "n"
                },
                {
                    "base": "だ",
                    "pos": "助動詞,*,*,*",
                    "pronunciation": "ダ",
                    "reading": "",
                    "surface": "だ",
                    "curPos": "mv"
                }
            ]
        },
        {
            "id": 27,
            "surface": "どうしようもなくなって　でも笑い飛ばせるよ",
            "words": [
                {
                    "base": "どう",
                    "pos": "副詞,助詞類接続,*,*",
                    "pronunciation": "ドー",
                    "reading": "",
                    "surface": "どう",
                    "curPos": "adv"
                },
                {
                    "base": "しよう",
                    "pos": "名詞,一般,*,*",
                    "pronunciation": "シヨー",
                    "reading": "",
                    "surface": "しよう",
                    "curPos": "n"
                },
                {
                    "base": "も",
                    "pos": "助詞,係助詞,*,*",
                    "pronunciation": "モ",
                    "reading": "",
                    "surface": "も",
                    "curPos": "av"
                },
                {
                    "base": "なくなる",
                    "pos": "動詞,自立,*,*",
                    "pronunciation": "ナクナッ",
                    "reading": "",
                    "surface": "なくなって",
                    "curPos": "v"
                },
                {
                    "base": "でも",
                    "pos": "助詞,副助詞,*,*",
                    "pronunciation": "デモ",
                    "reading": "",
                    "surface": "でも",
                    "curPos": "av"
                },
                {
                    "base": "笑い飛ばせる",
                    "pos": "動詞,自立,*,*",
                    "pronunciation": "ワライトバセル",
                    "reading": "わらいとばせる",
                    "surface": "笑い飛ばせる",
                    "curPos": "v"
                },
                {
                    "base": "よ",
                    "pos": "助詞,終助詞,*,*",
                    "pronunciation": "ヨ",
                    "reading": "",
                    "surface": "よ",
                    "curPos": "av"
                }
            ]
        },
        {
            "id": 28,
            "surface": "",
            "words": []
        },
        {
            "id": 29,
            "surface": "「絶対大丈夫」思ってるけど　心のどこかで心配",
            "words": [
                {
                    "base": "「",
                    "pos": "記号,括弧開,*,*",
                    "pronunciation": "「",
                    "reading": "",
                    "surface": "「",
                    "left": true,
                    "curPos": "/"
                },
                {
                    "base": "絶対",
                    "pos": "名詞,副詞可能,*,*",
                    "pronunciation": "ゼッタイ",
                    "reading": "ぜったい",
                    "surface": "絶対",
                    "curPos": "n"
                },
                {
                    "base": "大丈夫",
                    "pos": "名詞,形容動詞語幹,*,*",
                    "pronunciation": "ダイジョーブ",
                    "reading": "だいじょうぶ",
                    "surface": "大丈夫",
                    "curPos": "n"
                },
                {
                    "base": "」",
                    "pos": "記号,括弧閉,*,*",
                    "pronunciation": "」",
                    "reading": "",
                    "surface": "」",
                    "left": true,
                    "curPos": "/"
                },
                {
                    "base": "思う",
                    "pos": "動詞,自立,*,*",
                    "pronunciation": "オモッ",
                    "reading": "おもっ",
                    "surface": "思っ",
                    "curPos": "v"
                },
                {
                    "base": "てる",
                    "pos": "動詞,非自立,*,*",
                    "pronunciation": "テル",
                    "reading": "",
                    "surface": "てる",
                    "curPos": "v"
                },
                {
                    "base": "けど",
                    "pos": "助詞,接続助詞,*,*",
                    "pronunciation": "ケド",
                    "reading": "",
                    "surface": "けど",
                    "curPos": "av"
                },
                {
                    "base": "心",
                    "pos": "名詞,一般,*,*",
                    "pronunciation": "ココロ",
                    "reading": "こころ",
                    "surface": "心",
                    "curPos": "n"
                },
                {
                    "base": "の",
                    "pos": "助詞,連体化,*,*",
                    "pronunciation": "ノ",
                    "reading": "",
                    "surface": "の",
                    "curPos": "av"
                },
                {
                    "base": "どこ",
                    "pos": "名詞,代名詞,一般,*",
                    "pronunciation": "ドコ",
                    "reading": "",
                    "surface": "どこ",
                    "curPos": "/"
                },
                {
                    "base": "か",
                    "pos": "助詞,副助詞／並立助詞／終助詞,*,*",
                    "pronunciation": "カ",
                    "reading": "",
                    "surface": "か",
                    "curPos": "av"
                },
                {
                    "base": "で",
                    "pos": "助詞,格助詞,一般,*",
                    "pronunciation": "デ",
                    "reading": "",
                    "surface": "で",
                    "curPos": "av"
                },
                {
                    "base": "心配",
                    "pos": "名詞,サ変接続,*,*",
                    "pronunciation": "シンパイ",
                    "reading": "しんぱい",
                    "surface": "心配",
                    "curPos": "n"
                }
            ]
        },
        {
            "id": 30,
            "surface": "いっぱい悩んだら吹っ切っちゃおう　夢はみんなで叶えよう",
            "words": [
                {
                    "base": "いっぱい",
                    "pos": "副詞,一般,*,*",
                    "pronunciation": "イッパイ",
                    "reading": "",
                    "surface": "いっぱい",
                    "curPos": "adv"
                },
                {
                    "base": "悩む",
                    "pos": "動詞,自立,*,*",
                    "pronunciation": "ナヤン",
                    "reading": "なやんだら",
                    "surface": "悩んだら",
                    "curPos": "v"
                },
                {
                    "base": "吹っ切る",
                    "pos": "動詞,自立,*,*",
                    "pronunciation": "フッキッ",
                    "reading": "ふっきっ",
                    "surface": "吹っ切っ",
                    "curPos": "v"
                },
                {
                    "base": "ちゃう",
                    "pos": "動詞,非自立,*,*",
                    "pronunciation": "チャオ",
                    "reading": "",
                    "surface": "ちゃおう",
                    "curPos": "v"
                },
                {
                    "base": "夢",
                    "pos": "名詞,一般,*,*",
                    "pronunciation": "ユメ",
                    "reading": "ゆめ",
                    "surface": "夢",
                    "curPos": "n"
                },
                {
                    "base": "は",
                    "pos": "助詞,係助詞,*,*",
                    "pronunciation": "ワ",
                    "reading": "",
                    "surface": "は",
                    "curPos": "av"
                },
                {
                    "base": "みんな",
                    "pos": "名詞,代名詞,一般,*",
                    "pronunciation": "ミンナ",
                    "reading": "",
                    "surface": "みんな",
                    "curPos": "/"
                },
                {
                    "base": "で",
                    "pos": "助詞,格助詞,一般,*",
                    "pronunciation": "デ",
                    "reading": "",
                    "surface": "で",
                    "curPos": "av"
                },
                {
                    "base": "叶える",
                    "pos": "動詞,自立,*,*",
                    "pronunciation": "カナエヨ",
                    "reading": "かなえよう",
                    "surface": "叶えよう",
                    "curPos": "v"
                }
            ]
        },
        {
            "id": 31,
            "surface": "",
            "words": []
        },
        {
            "id": 32,
            "surface": "気付いてる　これ以上へ　きっと行ける未来に",
            "words": [
                {
                    "base": "気付く",
                    "pos": "動詞,自立,*,*",
                    "pronunciation": "キズイ",
                    "reading": "きづい",
                    "surface": "気付い",
                    "curPos": "v"
                },
                {
                    "base": "てる",
                    "pos": "動詞,非自立,*,*",
                    "pronunciation": "テル",
                    "reading": "",
                    "surface": "てる",
                    "curPos": "v"
                },
                {
                    "base": "これ",
                    "pos": "名詞,代名詞,一般,*",
                    "pronunciation": "コレ",
                    "reading": "",
                    "surface": "これ",
                    "curPos": "/"
                },
                {
                    "base": "以上",
                    "pos": "名詞,非自立,副詞可能,*",
                    "pronunciation": "イジョー",
                    "reading": "いじょう",
                    "surface": "以上",
                    "curPos": "n"
                },
                {
                    "base": "へ",
                    "pos": "助詞,格助詞,一般,*",
                    "pronunciation": "エ",
                    "reading": "",
                    "surface": "へ",
                    "curPos": "av"
                },
                {
                    "base": "きっと",
                    "pos": "副詞,一般,*,*",
                    "pronunciation": "キット",
                    "reading": "",
                    "surface": "きっと",
                    "curPos": "adv"
                },
                {
                    "base": "行ける",
                    "pos": "動詞,自立,*,*",
                    "pronunciation": "イケル",
                    "reading": "いける",
                    "surface": "行ける",
                    "curPos": "v"
                },
                {
                    "base": "未来",
                    "pos": "名詞,一般,*,*",
                    "pronunciation": "ミライ",
                    "reading": "みらい",
                    "surface": "未来",
                    "curPos": "n"
                },
                {
                    "base": "に",
                    "pos": "助詞,格助詞,一般,*",
                    "pronunciation": "ニ",
                    "reading": "",
                    "surface": "に",
                    "curPos": "av"
                }
            ]
        },
        {
            "id": 33,
            "surface": "歩き出そう期待を揃えて　明日もよろしくね",
            "words": [
                {
                    "base": "歩く",
                    "pos": "動詞,自立,*,*",
                    "pronunciation": "アルキ",
                    "reading": "あるき",
                    "surface": "歩き",
                    "curPos": "v"
                },
                {
                    "base": "出る",
                    "pos": "動詞,自立,*,*",
                    "pronunciation": "デ",
                    "reading": "でそう",
                    "surface": "出そう",
                    "curPos": "v"
                },
                {
                    "base": "期待",
                    "pos": "名詞,サ変接続,*,*",
                    "pronunciation": "キタイ",
                    "reading": "きたい",
                    "surface": "期待",
                    "curPos": "n"
                },
                {
                    "base": "を",
                    "pos": "助詞,格助詞,一般,*",
                    "pronunciation": "ヲ",
                    "reading": "",
                    "surface": "を",
                    "curPos": "av"
                },
                {
                    "base": "揃える",
                    "pos": "動詞,自立,*,*",
                    "pronunciation": "ソロエ",
                    "reading": "そろえて",
                    "surface": "揃えて",
                    "curPos": "v"
                },
                {
                    "base": "明日",
                    "pos": "名詞,副詞可能,*,*",
                    "pronunciation": "アシタ",
                    "reading": "あした",
                    "surface": "明日",
                    "curPos": "n"
                },
                {
                    "base": "も",
                    "pos": "助詞,係助詞,*,*",
                    "pronunciation": "モ",
                    "reading": "",
                    "surface": "も",
                    "curPos": "av"
                },
                {
                    "base": "よろしく",
                    "pos": "副詞,一般,*,*",
                    "pronunciation": "ヨロシク",
                    "reading": "",
                    "surface": "よろしく",
                    "curPos": "adv"
                },
                {
                    "base": "ね",
                    "pos": "助詞,終助詞,*,*",
                    "pronunciation": "ネ",
                    "reading": "",
                    "surface": "ね",
                    "curPos": "av"
                }
            ]
        },
        {
            "id": 34,
            "surface": "",
            "words": []
        },
        {
            "id": 35,
            "surface": "“伝えたいこと”　“伝えないこと”",
            "words": [
                {
                    "base": "“",
                    "pos": "記号,括弧開,*,*",
                    "pronunciation": "“",
                    "reading": "",
                    "surface": "“",
                    "left": true,
                    "curPos": "/"
                },
                {
                    "base": "伝える",
                    "pos": "動詞,自立,*,*",
                    "pronunciation": "ツタエ",
                    "reading": "つたえたい",
                    "surface": "伝えたい",
                    "curPos": "v"
                },
                {
                    "base": "こと",
                    "pos": "名詞,非自立,一般,*",
                    "pronunciation": "コト",
                    "reading": "",
                    "surface": "こと",
                    "curPos": "n"
                },
                {
                    "base": "”",
                    "pos": "記号,括弧閉,*,*",
                    "pronunciation": "”",
                    "reading": "",
                    "surface": "”",
                    "left": true,
                    "curPos": "/"
                },
                {
                    "base": "“",
                    "pos": "記号,括弧開,*,*",
                    "pronunciation": "“",
                    "reading": "",
                    "surface": "“",
                    "left": true,
                    "curPos": "/"
                },
                {
                    "base": "伝える",
                    "pos": "動詞,自立,*,*",
                    "pronunciation": "ツタエ",
                    "reading": "つたえない",
                    "surface": "伝えない",
                    "curPos": "v"
                },
                {
                    "base": "こと",
                    "pos": "名詞,非自立,一般,*",
                    "pronunciation": "コト",
                    "reading": "",
                    "surface": "こと",
                    "curPos": "n"
                },
                {
                    "base": "”",
                    "pos": "記号,括弧閉,*,*",
                    "pronunciation": "”",
                    "reading": "",
                    "surface": "”",
                    "left": true,
                    "curPos": "/"
                }
            ]
        },
        {
            "id": 36,
            "surface": "僕の中で　重なっていくんだ",
            "words": [
                {
                    "base": "僕",
                    "pos": "名詞,代名詞,一般,*",
                    "pronunciation": "ボク",
                    "reading": "ぼく",
                    "surface": "僕",
                    "curPos": "/"
                },
                {
                    "base": "の",
                    "pos": "助詞,連体化,*,*",
                    "pronunciation": "ノ",
                    "reading": "",
                    "surface": "の",
                    "curPos": "av"
                },
                {
                    "base": "中",
                    "pos": "名詞,非自立,副詞可能,*",
                    "pronunciation": "ナカ",
                    "reading": "なか",
                    "surface": "中",
                    "curPos": "n"
                },
                {
                    "base": "で",
                    "pos": "助詞,格助詞,一般,*",
                    "pronunciation": "デ",
                    "reading": "",
                    "surface": "で",
                    "curPos": "av"
                },
                {
                    "base": "重なる",
                    "pos": "動詞,自立,*,*",
                    "pronunciation": "カサナッ",
                    "reading": "かさなって",
                    "surface": "重なって",
                    "curPos": "v"
                },
                {
                    "base": "いく",
                    "pos": "動詞,非自立,*,*",
                    "pronunciation": "イク",
                    "reading": "",
                    "surface": "いく",
                    "curPos": "v"
                },
                {
                    "base": "ん",
                    "pos": "名詞,非自立,一般,*",
                    "pronunciation": "ン",
                    "reading": "",
                    "surface": "ん",
                    "curPos": "n"
                },
                {
                    "base": "だ",
                    "pos": "助動詞,*,*,*",
                    "pronunciation": "ダ",
                    "reading": "",
                    "surface": "だ",
                    "curPos": "mv"
                }
            ]
        },
        {
            "id": 37,
            "surface": "口にすればほら　君は困るから",
            "words": [
                {
                    "base": "口",
                    "pos": "名詞,一般,*,*",
                    "pronunciation": "クチ",
                    "reading": "くち",
                    "surface": "口",
                    "curPos": "n"
                },
                {
                    "base": "に",
                    "pos": "助詞,格助詞,一般,*",
                    "pronunciation": "ニ",
                    "reading": "",
                    "surface": "に",
                    "curPos": "av"
                },
                {
                    "base": "する",
                    "pos": "動詞,自立,*,*",
                    "pronunciation": "スレ",
                    "reading": "",
                    "surface": "すれ",
                    "curPos": "v"
                },
                {
                    "base": "ば",
                    "pos": "助詞,接続助詞,*,*",
                    "pronunciation": "バ",
                    "reading": "",
                    "surface": "ば",
                    "curPos": "av"
                },
                {
                    "base": "ほら",
                    "pos": "感動詞,*,*,*",
                    "pronunciation": "ホラ",
                    "reading": "",
                    "surface": "ほら",
                    "curPos": "/"
                },
                {
                    "base": "君",
                    "pos": "名詞,代名詞,一般,*",
                    "pronunciation": "キミ",
                    "reading": "きみ",
                    "surface": "君",
                    "curPos": "/"
                },
                {
                    "base": "は",
                    "pos": "助詞,係助詞,*,*",
                    "pronunciation": "ワ",
                    "reading": "",
                    "surface": "は",
                    "curPos": "av"
                },
                {
                    "base": "困る",
                    "pos": "動詞,自立,*,*",
                    "pronunciation": "コマル",
                    "reading": "こまる",
                    "surface": "困る",
                    "curPos": "v"
                },
                {
                    "base": "から",
                    "pos": "助詞,接続助詞,*,*",
                    "pronunciation": "カラ",
                    "reading": "",
                    "surface": "から",
                    "curPos": "av"
                }
            ]
        },
        {
            "id": 38,
            "surface": "ただ見てるだけでいいんだよ",
            "words": [
                {
                    "base": "ただ",
                    "pos": "接続詞,*,*,*",
                    "pronunciation": "タダ",
                    "reading": "",
                    "surface": "ただ",
                    "curPos": "/"
                },
                {
                    "base": "見る",
                    "pos": "動詞,自立,*,*",
                    "pronunciation": "ミ",
                    "reading": "み",
                    "surface": "見",
                    "curPos": "v"
                },
                {
                    "base": "てる",
                    "pos": "動詞,非自立,*,*",
                    "pronunciation": "テル",
                    "reading": "",
                    "surface": "てる",
                    "curPos": "v"
                },
                {
                    "base": "だけ",
                    "pos": "助詞,副助詞,*,*",
                    "pronunciation": "ダケ",
                    "reading": "",
                    "surface": "だけ",
                    "curPos": "av"
                },
                {
                    "base": "だ",
                    "pos": "助動詞,*,*,*",
                    "pronunciation": "デ",
                    "reading": "",
                    "surface": "で",
                    "curPos": "mv"
                },
                {
                    "base": "いい",
                    "pos": "形容詞,非自立,*,*",
                    "pronunciation": "イイ",
                    "reading": "",
                    "surface": "いい",
                    "curPos": "a"
                },
                {
                    "base": "ん",
                    "pos": "名詞,非自立,一般,*",
                    "pronunciation": "ン",
                    "reading": "",
                    "surface": "ん",
                    "curPos": "n"
                },
                {
                    "base": "だ",
                    "pos": "助動詞,*,*,*",
                    "pronunciation": "ダ",
                    "reading": "",
                    "surface": "だ",
                    "curPos": "mv"
                },
                {
                    "base": "よ",
                    "pos": "助詞,終助詞,*,*",
                    "pronunciation": "ヨ",
                    "reading": "",
                    "surface": "よ",
                    "curPos": "av"
                }
            ]
        },
        {
            "id": 39,
            "surface": "",
            "words": []
        },
        {
            "id": 40,
            "surface": "ツライときでも　聞こえる魔法",
            "words": [
                {
                    "base": "*",
                    "pos": "名詞,一般,*,*",
                    "pronunciation": "?",
                    "reading": "",
                    "surface": "ツライ",
                    "curPos": "n"
                },
                {
                    "base": "とき",
                    "pos": "名詞,非自立,副詞可能,*",
                    "pronunciation": "トキ",
                    "reading": "",
                    "surface": "とき",
                    "curPos": "n"
                },
                {
                    "base": "でも",
                    "pos": "助詞,副助詞,*,*",
                    "pronunciation": "デモ",
                    "reading": "",
                    "surface": "でも",
                    "curPos": "av"
                },
                {
                    "base": "聞こえる",
                    "pos": "動詞,自立,*,*",
                    "pronunciation": "キコエル",
                    "reading": "きこえる",
                    "surface": "聞こえる",
                    "curPos": "v"
                },
                {
                    "base": "魔法",
                    "pos": "名詞,一般,*,*",
                    "pronunciation": "マホー",
                    "reading": "まほう",
                    "surface": "魔法",
                    "curPos": "n"
                }
            ]
        },
        {
            "id": 41,
            "surface": "離れてても　ちゃんと届いちゃうから",
            "words": [
                {
                    "base": "離れる",
                    "pos": "動詞,自立,*,*",
                    "pronunciation": "ハナレ",
                    "reading": "はなれてて",
                    "surface": "離れてて",
                    "curPos": "v"
                },
                {
                    "base": "も",
                    "pos": "助詞,係助詞,*,*",
                    "pronunciation": "モ",
                    "reading": "",
                    "surface": "も",
                    "curPos": "av"
                },
                {
                    "base": "ちゃんと",
                    "pos": "副詞,一般,*,*",
                    "pronunciation": "チャント",
                    "reading": "",
                    "surface": "ちゃんと",
                    "curPos": "adv"
                },
                {
                    "base": "届く",
                    "pos": "動詞,自立,*,*",
                    "pronunciation": "トドイ",
                    "reading": "とどい",
                    "surface": "届い",
                    "curPos": "v"
                },
                {
                    "base": "ちゃう",
                    "pos": "動詞,非自立,*,*",
                    "pronunciation": "チャウ",
                    "reading": "",
                    "surface": "ちゃう",
                    "curPos": "v"
                },
                {
                    "base": "から",
                    "pos": "助詞,接続助詞,*,*",
                    "pronunciation": "カラ",
                    "reading": "",
                    "surface": "から",
                    "curPos": "av"
                }
            ]
        },
        {
            "id": 42,
            "surface": "君と生きる世界　色付いていくよ",
            "words": [
                {
                    "base": "君",
                    "pos": "名詞,代名詞,一般,*",
                    "pronunciation": "キミ",
                    "reading": "きみ",
                    "surface": "君",
                    "curPos": "/"
                },
                {
                    "base": "と",
                    "pos": "助詞,格助詞,一般,*",
                    "pronunciation": "ト",
                    "reading": "",
                    "surface": "と",
                    "curPos": "av"
                },
                {
                    "base": "生きる",
                    "pos": "動詞,自立,*,*",
                    "pronunciation": "イキル",
                    "reading": "いきる",
                    "surface": "生きる",
                    "curPos": "v"
                },
                {
                    "base": "世界",
                    "pos": "名詞,一般,*,*",
                    "pronunciation": "セカイ",
                    "reading": "せかい",
                    "surface": "世界",
                    "curPos": "n"
                },
                {
                    "base": "色付く",
                    "pos": "動詞,自立,*,*",
                    "pronunciation": "イロズイ",
                    "reading": "いろづいて",
                    "surface": "色付いて",
                    "curPos": "v"
                },
                {
                    "base": "いく",
                    "pos": "動詞,非自立,*,*",
                    "pronunciation": "イク",
                    "reading": "",
                    "surface": "いく",
                    "curPos": "v"
                },
                {
                    "base": "よ",
                    "pos": "助詞,終助詞,*,*",
                    "pronunciation": "ヨ",
                    "reading": "",
                    "surface": "よ",
                    "curPos": "av"
                }
            ]
        },
        {
            "id": 43,
            "surface": "きっとこれからも変わらない気持ちの Letter",
            "words": [
                {
                    "base": "きっと",
                    "pos": "副詞,一般,*,*",
                    "pronunciation": "キット",
                    "reading": "",
                    "surface": "きっと",
                    "curPos": "adv"
                },
                {
                    "base": "これから",
                    "pos": "副詞,助詞類接続,*,*",
                    "pronunciation": "コレカラ",
                    "reading": "",
                    "surface": "これから",
                    "curPos": "adv"
                },
                {
                    "base": "も",
                    "pos": "助詞,係助詞,*,*",
                    "pronunciation": "モ",
                    "reading": "",
                    "surface": "も",
                    "curPos": "av"
                },
                {
                    "base": "変わる",
                    "pos": "動詞,自立,*,*",
                    "pronunciation": "カワラ",
                    "reading": "かわらない",
                    "surface": "変わらない",
                    "curPos": "v"
                },
                {
                    "base": "気持ち",
                    "pos": "名詞,一般,*,*",
                    "pronunciation": "キモチ",
                    "reading": "きもち",
                    "surface": "気持ち",
                    "curPos": "n"
                },
                {
                    "base": "の",
                    "pos": "助詞,連体化,*,*",
                    "pronunciation": "ノ",
                    "reading": "",
                    "surface": "の",
                    "curPos": "av"
                },
                {
                    "base": "*",
                    "pos": "名詞,固有名詞,組織,*",
                    "pronunciation": "?",
                    "reading": "",
                    "surface": "Letter",
                    "curPos": "n"
                }
            ]
        },
        {
            "id": 44,
            "surface": "溢れ出す　終わらない僕ら Forever",
            "words": [
                {
                    "base": "溢れる",
                    "pos": "動詞,自立,*,*",
                    "pronunciation": "アフレ",
                    "reading": "あふれ",
                    "surface": "溢れ",
                    "curPos": "v"
                },
                {
                    "base": "出す",
                    "pos": "動詞,非自立,*,*",
                    "pronunciation": "ダス",
                    "reading": "だす",
                    "surface": "出す",
                    "curPos": "v"
                },
                {
                    "base": "終わる",
                    "pos": "動詞,自立,*,*",
                    "pronunciation": "オワラ",
                    "reading": "おわらない",
                    "surface": "終わらない",
                    "curPos": "v"
                },
                {
                    "base": "僕ら",
                    "pos": "名詞,代名詞,一般,*",
                    "pronunciation": "ボクラ",
                    "reading": "ぼくら",
                    "surface": "僕ら",
                    "curPos": "/"
                },
                {
                    "base": "*",
                    "pos": "名詞,固有名詞,組織,*",
                    "pronunciation": "?",
                    "reading": "",
                    "surface": "Forever",
                    "curPos": "n"
                }
            ]
        },
        {
            "id": 45,
            "surface": "君に向け届けたい気持ちの Letter",
            "words": [
                {
                    "base": "君",
                    "pos": "名詞,代名詞,一般,*",
                    "pronunciation": "キミ",
                    "reading": "きみ",
                    "surface": "君",
                    "curPos": "/"
                },
                {
                    "base": "に",
                    "pos": "助詞,格助詞,一般,*",
                    "pronunciation": "ニ",
                    "reading": "",
                    "surface": "に",
                    "curPos": "av"
                },
                {
                    "base": "向ける",
                    "pos": "動詞,自立,*,*",
                    "pronunciation": "ムケ",
                    "reading": "むけ",
                    "surface": "向け",
                    "curPos": "v"
                },
                {
                    "base": "届ける",
                    "pos": "動詞,自立,*,*",
                    "pronunciation": "トドケ",
                    "reading": "とどけたい",
                    "surface": "届けたい",
                    "curPos": "v"
                },
                {
                    "base": "気持ち",
                    "pos": "名詞,一般,*,*",
                    "pronunciation": "キモチ",
                    "reading": "きもち",
                    "surface": "気持ち",
                    "curPos": "n"
                },
                {
                    "base": "の",
                    "pos": "助詞,連体化,*,*",
                    "pronunciation": "ノ",
                    "reading": "",
                    "surface": "の",
                    "curPos": "av"
                },
                {
                    "base": "*",
                    "pos": "名詞,固有名詞,組織,*",
                    "pronunciation": "?",
                    "reading": "",
                    "surface": "Letter",
                    "curPos": "n"
                }
            ]
        },
        {
            "id": 46,
            "surface": "",
            "words": []
        }
    ],
    "pureLrc": [
        "ツライときでも　聞こえる魔法",
        "離れてても　ちゃんと届いちゃうから",
        "君と生きる世界　色付いていくよ",
        "きっとこれからも変わらない気持ちの Letter",
        "",
        "僕らは支え合って　何でもできるみたいだ",
        "君の笑顔があって　僕も輝けるよ",
        "",
        "やけに Good しちゃっても　同じくらいの Bad しちゃったり",
        "ちゃんと頑張ったって思うようにいかない",
        "それでも…なれるのは　凹んでいても前を向けるのは",
        "もらったぶんを全部、全部返したいから",
        "",
        "ひとりじゃない　与えあって　もっと先へ行こうよ",
        "この距離が希望の答えだ　何度でもはじめよう",
        "",
        "“伝えたいこと”　“伝えないこと”",
        "僕の中で　重なっていくんだ",
        "口にすればほら　君は困るから",
        "ただ見てるだけでいいんだよ",
        "",
        "ツライときでも　聞こえる魔法",
        "離れてても　ちゃんと届いちゃうから",
        "君と生きる世界　色付いていくよ",
        "きっとこれからも変わらない気持ちの Letter",
        "",
        "僕らは支え合って　弱さを預け合うんだ",
        "どうしようもなくなって　でも笑い飛ばせるよ",
        "",
        "「絶対大丈夫」思ってるけど　心のどこかで心配",
        "いっぱい悩んだら吹っ切っちゃおう　夢はみんなで叶えよう",
        "",
        "気付いてる　これ以上へ　きっと行ける未来に",
        "歩き出そう期待を揃えて　明日もよろしくね",
        "",
        "“伝えたいこと”　“伝えないこと”",
        "僕の中で　重なっていくんだ",
        "口にすればほら　君は困るから",
        "ただ見てるだけでいいんだよ",
        "",
        "ツライときでも　聞こえる魔法",
        "離れてても　ちゃんと届いちゃうから",
        "君と生きる世界　色付いていくよ",
        "きっとこれからも変わらない気持ちの Letter",
        "溢れ出す　終わらない僕ら Forever",
        "君に向け届けたい気持ちの Letter",
        ""
    ]
}