{
    "name": "Love me PLZ",
    "info": [
        {
            "label": "作詞：",
            "value": [
                "Takuya Harada",
                "MiNE"
            ]
        },
        {
            "label": "作曲：",
            "value": [
                "Takuya Harada",
                "MiNE"
            ]
        }
    ],
    "lrc": [
        {
            "id": 0,
            "surface": "恋は Non Stop",
            "words": [
                {
                    "base": "恋",
                    "pos": "名詞,一般,*,*",
                    "pronunciation": "コイ",
                    "reading": "こい",
                    "surface": "恋",
                    "curPos": "n"
                },
                {
                    "base": "は",
                    "pos": "助詞,係助詞,*,*",
                    "pronunciation": "ワ",
                    "reading": "",
                    "surface": "は",
                    "curPos": "av"
                },
                {
                    "base": "*",
                    "pos": "名詞,固有名詞,組織,*",
                    "pronunciation": "?",
                    "reading": "",
                    "surface": "Non",
                    "curPos": "n"
                },
                {
                    "base": "*",
                    "pos": "名詞,固有名詞,組織,*",
                    "pronunciation": "?",
                    "reading": "",
                    "surface": "Stop",
                    "curPos": "n"
                }
            ]
        },
        {
            "id": 1,
            "surface": "恋は Don't Stop",
            "words": [
                {
                    "base": "恋",
                    "pos": "名詞,一般,*,*",
                    "pronunciation": "コイ",
                    "reading": "こい",
                    "surface": "恋",
                    "curPos": "n"
                },
                {
                    "base": "は",
                    "pos": "助詞,係助詞,*,*",
                    "pronunciation": "ワ",
                    "reading": "",
                    "surface": "は",
                    "curPos": "av"
                },
                {
                    "base": "*",
                    "pos": "名詞,固有名詞,組織,*",
                    "pronunciation": "?",
                    "reading": "",
                    "surface": "Don",
                    "curPos": "n"
                },
                {
                    "base": "*",
                    "pos": "名詞,サ変接続,*,*",
                    "pronunciation": "?",
                    "reading": "",
                    "surface": "'",
                    "curPos": "n"
                },
                {
                    "base": "*",
                    "pos": "名詞,固有名詞,組織,*",
                    "pronunciation": "?",
                    "reading": "",
                    "surface": "t",
                    "curPos": "n"
                },
                {
                    "base": "*",
                    "pos": "名詞,固有名詞,組織,*",
                    "pronunciation": "?",
                    "reading": "",
                    "surface": "Stop",
                    "curPos": "n"
                }
            ]
        },
        {
            "id": 2,
            "surface": "恋は Non Stop",
            "words": [
                {
                    "base": "恋",
                    "pos": "名詞,一般,*,*",
                    "pronunciation": "コイ",
                    "reading": "こい",
                    "surface": "恋",
                    "curPos": "n"
                },
                {
                    "base": "は",
                    "pos": "助詞,係助詞,*,*",
                    "pronunciation": "ワ",
                    "reading": "",
                    "surface": "は",
                    "curPos": "av"
                },
                {
                    "base": "*",
                    "pos": "名詞,固有名詞,組織,*",
                    "pronunciation": "?",
                    "reading": "",
                    "surface": "Non",
                    "curPos": "n"
                },
                {
                    "base": "*",
                    "pos": "名詞,固有名詞,組織,*",
                    "pronunciation": "?",
                    "reading": "",
                    "surface": "Stop",
                    "curPos": "n"
                }
            ]
        },
        {
            "id": 3,
            "surface": "",
            "words": []
        },
        {
            "id": 4,
            "surface": "確かなものなんて何もないけどね　僕は",
            "words": [
                {
                    "base": "確か",
                    "pos": "名詞,形容動詞語幹,*,*",
                    "pronunciation": "タシカ",
                    "reading": "たしかな",
                    "surface": "確かな",
                    "curPos": "a"
                },
                {
                    "base": "もの",
                    "pos": "名詞,非自立,一般,*",
                    "pronunciation": "モノ",
                    "reading": "",
                    "surface": "もの",
                    "curPos": "n"
                },
                {
                    "base": "なんて",
                    "pos": "助詞,副助詞,*,*",
                    "pronunciation": "ナンテ",
                    "reading": "",
                    "surface": "なんて",
                    "curPos": "av"
                },
                {
                    "base": "何",
                    "pos": "名詞,代名詞,一般,*",
                    "pronunciation": "ナニ",
                    "reading": "なに",
                    "surface": "何",
                    "curPos": "/"
                },
                {
                    "base": "も",
                    "pos": "助詞,係助詞,*,*",
                    "pronunciation": "モ",
                    "reading": "",
                    "surface": "も",
                    "curPos": "av"
                },
                {
                    "base": "ない",
                    "pos": "形容詞,自立,*,*",
                    "pronunciation": "ナイ",
                    "reading": "",
                    "surface": "ない",
                    "curPos": "a"
                },
                {
                    "base": "けど",
                    "pos": "助詞,接続助詞,*,*",
                    "pronunciation": "ケド",
                    "reading": "",
                    "surface": "けど",
                    "curPos": "av"
                },
                {
                    "base": "ね",
                    "pos": "助詞,終助詞,*,*",
                    "pronunciation": "ネ",
                    "reading": "",
                    "surface": "ね",
                    "curPos": "av"
                },
                {
                    "base": "僕",
                    "pos": "名詞,代名詞,一般,*",
                    "pronunciation": "ボク",
                    "reading": "ぼく",
                    "surface": "僕",
                    "curPos": "/"
                },
                {
                    "base": "は",
                    "pos": "助詞,係助詞,*,*",
                    "pronunciation": "ワ",
                    "reading": "",
                    "surface": "は",
                    "curPos": "av"
                }
            ]
        },
        {
            "id": 5,
            "surface": "全てがひっくり返るくらい君が好きだ　“Love is wonderful”",
            "words": [
                {
                    "base": "全て",
                    "pos": "名詞,副詞可能,*,*",
                    "pronunciation": "スベテ",
                    "reading": "すべて",
                    "surface": "全て",
                    "curPos": "n"
                },
                {
                    "base": "が",
                    "pos": "助詞,格助詞,一般,*",
                    "pronunciation": "ガ",
                    "reading": "",
                    "surface": "が",
                    "curPos": "av"
                },
                {
                    "base": "ひっくり返る",
                    "pos": "動詞,自立,*,*",
                    "pronunciation": "ヒックリカエル",
                    "reading": "ひっくりかえる",
                    "surface": "ひっくり返る",
                    "curPos": "v"
                },
                {
                    "base": "くらい",
                    "pos": "助詞,副助詞,*,*",
                    "pronunciation": "クライ",
                    "reading": "",
                    "surface": "くらい",
                    "curPos": "av"
                },
                {
                    "base": "君",
                    "pos": "名詞,代名詞,一般,*",
                    "pronunciation": "キミ",
                    "reading": "きみ",
                    "surface": "君",
                    "curPos": "/"
                },
                {
                    "base": "が",
                    "pos": "助詞,格助詞,一般,*",
                    "pronunciation": "ガ",
                    "reading": "",
                    "surface": "が",
                    "curPos": "av"
                },
                {
                    "base": "好き",
                    "pos": "名詞,形容動詞語幹,*,*",
                    "pronunciation": "スキ",
                    "reading": "すき",
                    "surface": "好き",
                    "curPos": "n"
                },
                {
                    "base": "だ",
                    "pos": "助動詞,*,*,*",
                    "pronunciation": "ダ",
                    "reading": "",
                    "surface": "だ",
                    "curPos": "mv"
                },
                {
                    "base": "“",
                    "pos": "記号,括弧開,*,*",
                    "pronunciation": "“",
                    "reading": "",
                    "surface": "“",
                    "left": true,
                    "curPos": "/"
                },
                {
                    "base": "*",
                    "pos": "名詞,固有名詞,組織,*",
                    "pronunciation": "?",
                    "reading": "",
                    "surface": "Love",
                    "curPos": "n"
                },
                {
                    "base": "*",
                    "pos": "名詞,固有名詞,組織,*",
                    "pronunciation": "?",
                    "reading": "",
                    "surface": "is",
                    "curPos": "n"
                },
                {
                    "base": "*",
                    "pos": "名詞,固有名詞,組織,*",
                    "pronunciation": "?",
                    "reading": "",
                    "surface": "wonderful",
                    "curPos": "n"
                },
                {
                    "base": "”",
                    "pos": "記号,括弧閉,*,*",
                    "pronunciation": "”",
                    "reading": "",
                    "surface": "”",
                    "left": true,
                    "curPos": "/"
                }
            ]
        },
        {
            "id": 6,
            "surface": "僕の心の中を見せたい　君と四六時中いられるなら OK",
            "words": [
                {
                    "base": "僕",
                    "pos": "名詞,代名詞,一般,*",
                    "pronunciation": "ボク",
                    "reading": "ぼく",
                    "surface": "僕",
                    "curPos": "/"
                },
                {
                    "base": "の",
                    "pos": "助詞,連体化,*,*",
                    "pronunciation": "ノ",
                    "reading": "",
                    "surface": "の",
                    "curPos": "av"
                },
                {
                    "base": "心",
                    "pos": "名詞,一般,*,*",
                    "pronunciation": "ココロ",
                    "reading": "こころ",
                    "surface": "心",
                    "curPos": "n"
                },
                {
                    "base": "の",
                    "pos": "助詞,連体化,*,*",
                    "pronunciation": "ノ",
                    "reading": "",
                    "surface": "の",
                    "curPos": "av"
                },
                {
                    "base": "中",
                    "pos": "名詞,非自立,副詞可能,*",
                    "pronunciation": "ナカ",
                    "reading": "なか",
                    "surface": "中",
                    "curPos": "n"
                },
                {
                    "base": "を",
                    "pos": "助詞,格助詞,一般,*",
                    "pronunciation": "ヲ",
                    "reading": "",
                    "surface": "を",
                    "curPos": "av"
                },
                {
                    "base": "見せる",
                    "pos": "動詞,自立,*,*",
                    "pronunciation": "ミセ",
                    "reading": "みせたい",
                    "surface": "見せたい",
                    "curPos": "v"
                },
                {
                    "base": "君",
                    "pos": "名詞,代名詞,一般,*",
                    "pronunciation": "キミ",
                    "reading": "きみ",
                    "surface": "君",
                    "curPos": "/"
                },
                {
                    "base": "と",
                    "pos": "助詞,格助詞,一般,*",
                    "pronunciation": "ト",
                    "reading": "",
                    "surface": "と",
                    "curPos": "av"
                },
                {
                    "base": "四",
                    "pos": "名詞,数,*,*",
                    "pronunciation": "ヨン",
                    "reading": "よんろくじ",
                    "surface": "四六時",
                    "curPos": "/"
                },
                {
                    "base": "中",
                    "pos": "名詞,接尾,副詞可能,*",
                    "pronunciation": "チュー",
                    "reading": "ちゅう",
                    "surface": "中",
                    "left": true,
                    "curPos": "n"
                },
                {
                    "base": "いる",
                    "pos": "動詞,自立,*,*",
                    "pronunciation": "イ",
                    "reading": "",
                    "surface": "い",
                    "curPos": "v"
                },
                {
                    "base": "られる",
                    "pos": "動詞,接尾,*,*",
                    "pronunciation": "ラレル",
                    "reading": "",
                    "surface": "られるなら",
                    "curPos": "v"
                },
                {
                    "base": "*",
                    "pos": "名詞,固有名詞,組織,*",
                    "pronunciation": "?",
                    "reading": "",
                    "surface": "OK",
                    "curPos": "n"
                }
            ]
        },
        {
            "id": 7,
            "surface": "世界は君の為に回って　僕を突き動かすんだ",
            "words": [
                {
                    "base": "世界",
                    "pos": "名詞,一般,*,*",
                    "pronunciation": "セカイ",
                    "reading": "せかい",
                    "surface": "世界",
                    "curPos": "n"
                },
                {
                    "base": "は",
                    "pos": "助詞,係助詞,*,*",
                    "pronunciation": "ワ",
                    "reading": "",
                    "surface": "は",
                    "curPos": "av"
                },
                {
                    "base": "君",
                    "pos": "名詞,代名詞,一般,*",
                    "pronunciation": "キミ",
                    "reading": "きみ",
                    "surface": "君",
                    "curPos": "/"
                },
                {
                    "base": "の",
                    "pos": "助詞,連体化,*,*",
                    "pronunciation": "ノ",
                    "reading": "",
                    "surface": "の",
                    "curPos": "av"
                },
                {
                    "base": "為",
                    "pos": "名詞,非自立,副詞可能,*",
                    "pronunciation": "タメ",
                    "reading": "ため",
                    "surface": "為",
                    "curPos": "n"
                },
                {
                    "base": "に",
                    "pos": "助詞,格助詞,一般,*",
                    "pronunciation": "ニ",
                    "reading": "",
                    "surface": "に",
                    "curPos": "av"
                },
                {
                    "base": "回る",
                    "pos": "動詞,自立,*,*",
                    "pronunciation": "マワッ",
                    "reading": "まわって",
                    "surface": "回って",
                    "curPos": "v"
                },
                {
                    "base": "僕",
                    "pos": "名詞,代名詞,一般,*",
                    "pronunciation": "ボク",
                    "reading": "ぼく",
                    "surface": "僕",
                    "curPos": "/"
                },
                {
                    "base": "を",
                    "pos": "助詞,格助詞,一般,*",
                    "pronunciation": "ヲ",
                    "reading": "",
                    "surface": "を",
                    "curPos": "av"
                },
                {
                    "base": "突く",
                    "pos": "動詞,自立,*,*",
                    "pronunciation": "ツキ",
                    "reading": "つき",
                    "surface": "突き",
                    "curPos": "v"
                },
                {
                    "base": "動かす",
                    "pos": "動詞,自立,*,*",
                    "pronunciation": "ウゴカス",
                    "reading": "うごかす",
                    "surface": "動かす",
                    "curPos": "v"
                },
                {
                    "base": "ん",
                    "pos": "名詞,非自立,一般,*",
                    "pronunciation": "ン",
                    "reading": "",
                    "surface": "ん",
                    "curPos": "n"
                },
                {
                    "base": "だ",
                    "pos": "助動詞,*,*,*",
                    "pronunciation": "ダ",
                    "reading": "",
                    "surface": "だ",
                    "curPos": "mv"
                }
            ]
        },
        {
            "id": 8,
            "surface": "",
            "words": []
        },
        {
            "id": 9,
            "surface": "胸の奥　何度だって　想い告げたなら",
            "words": [
                {
                    "base": "胸",
                    "pos": "名詞,一般,*,*",
                    "pronunciation": "ムネ",
                    "reading": "むね",
                    "surface": "胸",
                    "curPos": "n"
                },
                {
                    "base": "の",
                    "pos": "助詞,連体化,*,*",
                    "pronunciation": "ノ",
                    "reading": "",
                    "surface": "の",
                    "curPos": "av"
                },
                {
                    "base": "奥",
                    "pos": "名詞,一般,*,*",
                    "pronunciation": "オク",
                    "reading": "おく",
                    "surface": "奥",
                    "curPos": "n"
                },
                {
                    "base": "何",
                    "pos": "名詞,数,*,*",
                    "pronunciation": "ナン",
                    "reading": "なんど",
                    "surface": "何度",
                    "curPos": "/"
                },
                {
                    "base": "だって",
                    "pos": "助詞,副助詞,*,*",
                    "pronunciation": "ダッテ",
                    "reading": "",
                    "surface": "だって",
                    "curPos": "av"
                },
                {
                    "base": "想い",
                    "pos": "名詞,一般,*,*",
                    "pronunciation": "オモイ",
                    "reading": "おもい",
                    "surface": "想い",
                    "curPos": "n"
                },
                {
                    "base": "告げる",
                    "pos": "動詞,自立,*,*",
                    "pronunciation": "ツゲ",
                    "reading": "つげたなら",
                    "surface": "告げたなら",
                    "curPos": "v"
                }
            ]
        },
        {
            "id": 10,
            "surface": "昼も　夜も　夢の中も　君にずっと夢中",
            "words": [
                {
                    "base": "昼",
                    "pos": "名詞,副詞可能,*,*",
                    "pronunciation": "ヒル",
                    "reading": "ひる",
                    "surface": "昼",
                    "curPos": "n"
                },
                {
                    "base": "も",
                    "pos": "助詞,係助詞,*,*",
                    "pronunciation": "モ",
                    "reading": "",
                    "surface": "も",
                    "curPos": "av"
                },
                {
                    "base": "夜",
                    "pos": "名詞,副詞可能,*,*",
                    "pronunciation": "ヨル",
                    "reading": "よる",
                    "surface": "夜",
                    "curPos": "n"
                },
                {
                    "base": "も",
                    "pos": "助詞,係助詞,*,*",
                    "pronunciation": "モ",
                    "reading": "",
                    "surface": "も",
                    "curPos": "av"
                },
                {
                    "base": "夢",
                    "pos": "名詞,一般,*,*",
                    "pronunciation": "ユメ",
                    "reading": "ゆめ",
                    "surface": "夢",
                    "curPos": "n"
                },
                {
                    "base": "の",
                    "pos": "助詞,連体化,*,*",
                    "pronunciation": "ノ",
                    "reading": "",
                    "surface": "の",
                    "curPos": "av"
                },
                {
                    "base": "中",
                    "pos": "名詞,非自立,副詞可能,*",
                    "pronunciation": "ナカ",
                    "reading": "なか",
                    "surface": "中",
                    "curPos": "n"
                },
                {
                    "base": "も",
                    "pos": "助詞,係助詞,*,*",
                    "pronunciation": "モ",
                    "reading": "",
                    "surface": "も",
                    "curPos": "av"
                },
                {
                    "base": "君",
                    "pos": "名詞,接尾,人名,*",
                    "pronunciation": "クン",
                    "reading": "くん",
                    "surface": "君",
                    "left": true,
                    "curPos": "/"
                },
                {
                    "base": "に",
                    "pos": "助詞,格助詞,一般,*",
                    "pronunciation": "ニ",
                    "reading": "",
                    "surface": "に",
                    "curPos": "av"
                },
                {
                    "base": "ずっと",
                    "pos": "副詞,一般,*,*",
                    "pronunciation": "ズット",
                    "reading": "",
                    "surface": "ずっと",
                    "curPos": "adv"
                },
                {
                    "base": "夢中",
                    "pos": "名詞,形容動詞語幹,*,*",
                    "pronunciation": "ムチュー",
                    "reading": "むちゅう",
                    "surface": "夢中",
                    "curPos": "n"
                }
            ]
        },
        {
            "id": 11,
            "surface": "",
            "words": []
        },
        {
            "id": 12,
            "surface": "恋は恋、恋、恋心　君でしか救えない恋病",
            "words": [
                {
                    "base": "恋",
                    "pos": "名詞,一般,*,*",
                    "pronunciation": "コイ",
                    "reading": "こい",
                    "surface": "恋",
                    "curPos": "n"
                },
                {
                    "base": "は",
                    "pos": "助詞,係助詞,*,*",
                    "pronunciation": "ワ",
                    "reading": "",
                    "surface": "は",
                    "curPos": "av"
                },
                {
                    "base": "恋",
                    "pos": "名詞,一般,*,*",
                    "pronunciation": "コイ",
                    "reading": "こい",
                    "surface": "恋",
                    "curPos": "n"
                },
                {
                    "base": "、",
                    "pos": "記号,読点,*,*",
                    "pronunciation": "、",
                    "reading": "",
                    "surface": "、",
                    "left": true,
                    "curPos": "/"
                },
                {
                    "base": "恋",
                    "pos": "名詞,一般,*,*",
                    "pronunciation": "コイ",
                    "reading": "こい",
                    "surface": "恋",
                    "curPos": "n"
                },
                {
                    "base": "、",
                    "pos": "記号,読点,*,*",
                    "pronunciation": "、",
                    "reading": "",
                    "surface": "、",
                    "left": true,
                    "curPos": "/"
                },
                {
                    "base": "恋心",
                    "pos": "名詞,一般,*,*",
                    "pronunciation": "コイゴコロ",
                    "reading": "こいごころ",
                    "surface": "恋心",
                    "curPos": "n"
                },
                {
                    "base": "君",
                    "pos": "名詞,代名詞,一般,*",
                    "pronunciation": "キミ",
                    "reading": "きみ",
                    "surface": "君",
                    "curPos": "/"
                },
                {
                    "base": "で",
                    "pos": "助詞,格助詞,一般,*",
                    "pronunciation": "デ",
                    "reading": "",
                    "surface": "で",
                    "curPos": "av"
                },
                {
                    "base": "しか",
                    "pos": "助詞,係助詞,*,*",
                    "pronunciation": "シカ",
                    "reading": "",
                    "surface": "しか",
                    "curPos": "av"
                },
                {
                    "base": "救える",
                    "pos": "動詞,自立,*,*",
                    "pronunciation": "スクエ",
                    "reading": "すくえない",
                    "surface": "救えない",
                    "curPos": "v"
                },
                {
                    "base": "恋",
                    "pos": "名詞,一般,*,*",
                    "pronunciation": "コイ",
                    "reading": "こい",
                    "surface": "恋",
                    "curPos": "n"
                },
                {
                    "base": "病",
                    "pos": "名詞,接尾,一般,*",
                    "pronunciation": "ビョー",
                    "reading": "びょう",
                    "surface": "病",
                    "left": true,
                    "curPos": "n"
                }
            ]
        },
        {
            "id": 13,
            "surface": "独り占めにしたいよ　Boys & Girls",
            "words": [
                {
                    "base": "独り占め",
                    "pos": "名詞,サ変接続,*,*",
                    "pronunciation": "ヒトリジメ",
                    "reading": "ひとりじめ",
                    "surface": "独り占め",
                    "curPos": "n"
                },
                {
                    "base": "に",
                    "pos": "助詞,格助詞,一般,*",
                    "pronunciation": "ニ",
                    "reading": "",
                    "surface": "に",
                    "curPos": "av"
                },
                {
                    "base": "する",
                    "pos": "動詞,自立,*,*",
                    "pronunciation": "シ",
                    "reading": "",
                    "surface": "したい",
                    "curPos": "v"
                },
                {
                    "base": "よ",
                    "pos": "助詞,終助詞,*,*",
                    "pronunciation": "ヨ",
                    "reading": "",
                    "surface": "よ",
                    "curPos": "av"
                },
                {
                    "base": "*",
                    "pos": "名詞,固有名詞,組織,*",
                    "pronunciation": "?",
                    "reading": "",
                    "surface": "Boys",
                    "curPos": "n"
                },
                {
                    "base": "*",
                    "pos": "名詞,サ変接続,*,*",
                    "pronunciation": "?",
                    "reading": "",
                    "surface": "&",
                    "curPos": "n"
                },
                {
                    "base": "*",
                    "pos": "名詞,固有名詞,組織,*",
                    "pronunciation": "?",
                    "reading": "",
                    "surface": "Girls",
                    "curPos": "n"
                }
            ]
        },
        {
            "id": 14,
            "surface": "恋は恋、恋、恋心　トキメク世界　恋模様",
            "words": [
                {
                    "base": "恋",
                    "pos": "名詞,一般,*,*",
                    "pronunciation": "コイ",
                    "reading": "こい",
                    "surface": "恋",
                    "curPos": "n"
                },
                {
                    "base": "は",
                    "pos": "助詞,係助詞,*,*",
                    "pronunciation": "ワ",
                    "reading": "",
                    "surface": "は",
                    "curPos": "av"
                },
                {
                    "base": "恋",
                    "pos": "名詞,一般,*,*",
                    "pronunciation": "コイ",
                    "reading": "こい",
                    "surface": "恋",
                    "curPos": "n"
                },
                {
                    "base": "、",
                    "pos": "記号,読点,*,*",
                    "pronunciation": "、",
                    "reading": "",
                    "surface": "、",
                    "left": true,
                    "curPos": "/"
                },
                {
                    "base": "恋",
                    "pos": "名詞,一般,*,*",
                    "pronunciation": "コイ",
                    "reading": "こい",
                    "surface": "恋",
                    "curPos": "n"
                },
                {
                    "base": "、",
                    "pos": "記号,読点,*,*",
                    "pronunciation": "、",
                    "reading": "",
                    "surface": "、",
                    "left": true,
                    "curPos": "/"
                },
                {
                    "base": "恋心",
                    "pos": "名詞,一般,*,*",
                    "pronunciation": "コイゴコロ",
                    "reading": "こいごころ",
                    "surface": "恋心",
                    "curPos": "n"
                },
                {
                    "base": "*",
                    "pos": "名詞,一般,*,*",
                    "pronunciation": "?",
                    "reading": "",
                    "surface": "トキメク",
                    "curPos": "n"
                },
                {
                    "base": "世界",
                    "pos": "名詞,一般,*,*",
                    "pronunciation": "セカイ",
                    "reading": "せかい",
                    "surface": "世界",
                    "curPos": "n"
                },
                {
                    "base": "恋",
                    "pos": "名詞,一般,*,*",
                    "pronunciation": "コイ",
                    "reading": "こい",
                    "surface": "恋",
                    "curPos": "n"
                },
                {
                    "base": "模様",
                    "pos": "名詞,一般,*,*",
                    "pronunciation": "モヨー",
                    "reading": "もよう",
                    "surface": "模様",
                    "curPos": "n"
                }
            ]
        },
        {
            "id": 15,
            "surface": "嗚呼　マボロシで終わらせないで　Love me PLZ",
            "words": [
                {
                    "base": "嗚呼",
                    "pos": "感動詞,*,*,*",
                    "pronunciation": "アー",
                    "reading": "ああ",
                    "surface": "嗚呼",
                    "curPos": "/"
                },
                {
                    "base": "*",
                    "pos": "名詞,一般,*,*",
                    "pronunciation": "?",
                    "reading": "",
                    "surface": "マボロシ",
                    "curPos": "n"
                },
                {
                    "base": "で",
                    "pos": "助詞,格助詞,一般,*",
                    "pronunciation": "デ",
                    "reading": "",
                    "surface": "で",
                    "curPos": "av"
                },
                {
                    "base": "終わる",
                    "pos": "動詞,自立,*,*",
                    "pronunciation": "オワラ",
                    "reading": "おわら",
                    "surface": "終わら",
                    "curPos": "v"
                },
                {
                    "base": "せる",
                    "pos": "動詞,接尾,*,*",
                    "pronunciation": "セ",
                    "reading": "",
                    "surface": "せない",
                    "curPos": "v"
                },
                {
                    "base": "で",
                    "pos": "助詞,接続助詞,*,*",
                    "pronunciation": "デ",
                    "reading": "",
                    "surface": "で",
                    "curPos": "av"
                },
                {
                    "base": "*",
                    "pos": "名詞,固有名詞,組織,*",
                    "pronunciation": "?",
                    "reading": "",
                    "surface": "Love",
                    "curPos": "n"
                },
                {
                    "base": "*",
                    "pos": "名詞,固有名詞,組織,*",
                    "pronunciation": "?",
                    "reading": "",
                    "surface": "me",
                    "curPos": "n"
                },
                {
                    "base": "*",
                    "pos": "名詞,固有名詞,組織,*",
                    "pronunciation": "?",
                    "reading": "",
                    "surface": "PLZ",
                    "curPos": "n"
                }
            ]
        },
        {
            "id": 16,
            "surface": "",
            "words": []
        },
        {
            "id": 17,
            "surface": "何気ないセリフが　宝石みたいに輝く",
            "words": [
                {
                    "base": "何気ない",
                    "pos": "形容詞,自立,*,*",
                    "pronunciation": "ナニゲナイ",
                    "reading": "なにげない",
                    "surface": "何気ない",
                    "curPos": "a"
                },
                {
                    "base": "セリフ",
                    "pos": "名詞,一般,*,*",
                    "pronunciation": "セリフ",
                    "reading": "",
                    "surface": "セリフ",
                    "curPos": "n"
                },
                {
                    "base": "が",
                    "pos": "助詞,格助詞,一般,*",
                    "pronunciation": "ガ",
                    "reading": "",
                    "surface": "が",
                    "curPos": "av"
                },
                {
                    "base": "宝石",
                    "pos": "名詞,一般,*,*",
                    "pronunciation": "ホーセキ",
                    "reading": "ほうせき",
                    "surface": "宝石",
                    "curPos": "n"
                },
                {
                    "base": "みたい",
                    "pos": "名詞,非自立,形容動詞語幹,*",
                    "pronunciation": "ミタイ",
                    "reading": "",
                    "surface": "みたい",
                    "curPos": "n"
                },
                {
                    "base": "に",
                    "pos": "助詞,副詞化,*,*",
                    "pronunciation": "ニ",
                    "reading": "",
                    "surface": "に",
                    "curPos": "av"
                },
                {
                    "base": "輝く",
                    "pos": "動詞,自立,*,*",
                    "pronunciation": "カガヤク",
                    "reading": "かがやく",
                    "surface": "輝く",
                    "curPos": "v"
                }
            ]
        },
        {
            "id": 18,
            "surface": "僕のラブストーリー　中心には君が",
            "words": [
                {
                    "base": "僕",
                    "pos": "名詞,代名詞,一般,*",
                    "pronunciation": "ボク",
                    "reading": "ぼく",
                    "surface": "僕",
                    "curPos": "/"
                },
                {
                    "base": "の",
                    "pos": "助詞,連体化,*,*",
                    "pronunciation": "ノ",
                    "reading": "",
                    "surface": "の",
                    "curPos": "av"
                },
                {
                    "base": "ラブストーリー",
                    "pos": "名詞,一般,*,*",
                    "pronunciation": "ラブストーリー",
                    "reading": "",
                    "surface": "ラブストーリー",
                    "curPos": "n"
                },
                {
                    "base": "中心",
                    "pos": "名詞,一般,*,*",
                    "pronunciation": "チューシン",
                    "reading": "ちゅうしん",
                    "surface": "中心",
                    "curPos": "n"
                },
                {
                    "base": "に",
                    "pos": "助詞,格助詞,一般,*",
                    "pronunciation": "ニ",
                    "reading": "",
                    "surface": "に",
                    "curPos": "av"
                },
                {
                    "base": "は",
                    "pos": "助詞,係助詞,*,*",
                    "pronunciation": "ワ",
                    "reading": "",
                    "surface": "は",
                    "curPos": "av"
                },
                {
                    "base": "君",
                    "pos": "名詞,代名詞,一般,*",
                    "pronunciation": "キミ",
                    "reading": "きみ",
                    "surface": "君",
                    "curPos": "/"
                },
                {
                    "base": "が",
                    "pos": "助詞,格助詞,一般,*",
                    "pronunciation": "ガ",
                    "reading": "",
                    "surface": "が",
                    "curPos": "av"
                }
            ]
        },
        {
            "id": 19,
            "surface": "",
            "words": []
        },
        {
            "id": 20,
            "surface": "枯れる程　何万回　“好き”と叫んだら",
            "words": [
                {
                    "base": "枯れる",
                    "pos": "動詞,自立,*,*",
                    "pronunciation": "カレル",
                    "reading": "かれる",
                    "surface": "枯れる",
                    "curPos": "v"
                },
                {
                    "base": "程",
                    "pos": "名詞,副詞可能,*,*",
                    "pronunciation": "ホド",
                    "reading": "ほど",
                    "surface": "程",
                    "curPos": "n"
                },
                {
                    "base": "何",
                    "pos": "名詞,数,*,*",
                    "pronunciation": "ナン",
                    "reading": "なんまんかい",
                    "surface": "何万回",
                    "curPos": "/"
                },
                {
                    "base": "“",
                    "pos": "記号,括弧開,*,*",
                    "pronunciation": "“",
                    "reading": "",
                    "surface": "“",
                    "left": true,
                    "curPos": "/"
                },
                {
                    "base": "好き",
                    "pos": "名詞,形容動詞語幹,*,*",
                    "pronunciation": "スキ",
                    "reading": "すき",
                    "surface": "好き",
                    "curPos": "n"
                },
                {
                    "base": "”",
                    "pos": "記号,括弧閉,*,*",
                    "pronunciation": "”",
                    "reading": "",
                    "surface": "”",
                    "left": true,
                    "curPos": "/"
                },
                {
                    "base": "と",
                    "pos": "助詞,格助詞,引用,*",
                    "pronunciation": "ト",
                    "reading": "",
                    "surface": "と",
                    "curPos": "av"
                },
                {
                    "base": "叫ぶ",
                    "pos": "動詞,自立,*,*",
                    "pronunciation": "サケン",
                    "reading": "さけんだら",
                    "surface": "叫んだら",
                    "curPos": "v"
                }
            ]
        },
        {
            "id": 21,
            "surface": "いつか　絶対　君の元へ　届くと信じていい？",
            "words": [
                {
                    "base": "いつか",
                    "pos": "名詞,副詞可能,*,*",
                    "pronunciation": "イツカ",
                    "reading": "",
                    "surface": "いつか",
                    "curPos": "n"
                },
                {
                    "base": "絶対",
                    "pos": "名詞,副詞可能,*,*",
                    "pronunciation": "ゼッタイ",
                    "reading": "ぜったい",
                    "surface": "絶対",
                    "curPos": "n"
                },
                {
                    "base": "君",
                    "pos": "名詞,代名詞,一般,*",
                    "pronunciation": "キミ",
                    "reading": "きみ",
                    "surface": "君",
                    "curPos": "/"
                },
                {
                    "base": "の",
                    "pos": "助詞,連体化,*,*",
                    "pronunciation": "ノ",
                    "reading": "",
                    "surface": "の",
                    "curPos": "av"
                },
                {
                    "base": "元",
                    "pos": "名詞,一般,*,*",
                    "pronunciation": "モト",
                    "reading": "もと",
                    "surface": "元",
                    "curPos": "n"
                },
                {
                    "base": "へ",
                    "pos": "助詞,格助詞,一般,*",
                    "pronunciation": "エ",
                    "reading": "",
                    "surface": "へ",
                    "curPos": "av"
                },
                {
                    "base": "届く",
                    "pos": "動詞,自立,*,*",
                    "pronunciation": "トドク",
                    "reading": "とどく",
                    "surface": "届く",
                    "curPos": "v"
                },
                {
                    "base": "と",
                    "pos": "助詞,格助詞,引用,*",
                    "pronunciation": "ト",
                    "reading": "",
                    "surface": "と",
                    "curPos": "av"
                },
                {
                    "base": "信じる",
                    "pos": "動詞,自立,*,*",
                    "pronunciation": "シンジ",
                    "reading": "しんじて",
                    "surface": "信じて",
                    "curPos": "v"
                },
                {
                    "base": "いい",
                    "pos": "形容詞,非自立,*,*",
                    "pronunciation": "イイ",
                    "reading": "",
                    "surface": "いい",
                    "curPos": "a"
                },
                {
                    "base": "？",
                    "pos": "記号,一般,*,*",
                    "pronunciation": "？",
                    "reading": "",
                    "surface": "？",
                    "left": true,
                    "curPos": "/"
                }
            ]
        },
        {
            "id": 22,
            "surface": "",
            "words": []
        },
        {
            "id": 23,
            "surface": "愛し愛たい相思相愛　僕では治せないんだ恋病",
            "words": [
                {
                    "base": "愛しい",
                    "pos": "形容詞,自立,*,*",
                    "pronunciation": "イトシ",
                    "reading": "いとし",
                    "surface": "愛し",
                    "curPos": "a"
                },
                {
                    "base": "愛",
                    "pos": "名詞,一般,*,*",
                    "pronunciation": "アイ",
                    "reading": "あい",
                    "surface": "愛",
                    "curPos": "n"
                },
                {
                    "base": "たい",
                    "pos": "助動詞,*,*,*",
                    "pronunciation": "タイ",
                    "reading": "",
                    "surface": "たい",
                    "curPos": "mv"
                },
                {
                    "base": "相思相愛",
                    "pos": "名詞,一般,*,*",
                    "pronunciation": "ソーシソーアイ",
                    "reading": "そうしそうあい",
                    "surface": "相思相愛",
                    "curPos": "n"
                },
                {
                    "base": "僕",
                    "pos": "名詞,代名詞,一般,*",
                    "pronunciation": "ボク",
                    "reading": "ぼく",
                    "surface": "僕",
                    "curPos": "/"
                },
                {
                    "base": "で",
                    "pos": "助詞,格助詞,一般,*",
                    "pronunciation": "デ",
                    "reading": "",
                    "surface": "で",
                    "curPos": "av"
                },
                {
                    "base": "は",
                    "pos": "助詞,係助詞,*,*",
                    "pronunciation": "ワ",
                    "reading": "",
                    "surface": "は",
                    "curPos": "av"
                },
                {
                    "base": "治せる",
                    "pos": "動詞,自立,*,*",
                    "pronunciation": "ナオセ",
                    "reading": "なおせない",
                    "surface": "治せない",
                    "curPos": "v"
                },
                {
                    "base": "ん",
                    "pos": "名詞,非自立,一般,*",
                    "pronunciation": "ン",
                    "reading": "",
                    "surface": "ん",
                    "curPos": "n"
                },
                {
                    "base": "だ",
                    "pos": "助動詞,*,*,*",
                    "pronunciation": "ダ",
                    "reading": "",
                    "surface": "だ",
                    "curPos": "mv"
                },
                {
                    "base": "恋",
                    "pos": "名詞,一般,*,*",
                    "pronunciation": "コイ",
                    "reading": "こい",
                    "surface": "恋",
                    "curPos": "n"
                },
                {
                    "base": "病",
                    "pos": "名詞,接尾,一般,*",
                    "pronunciation": "ビョー",
                    "reading": "びょう",
                    "surface": "病",
                    "left": true,
                    "curPos": "n"
                }
            ]
        },
        {
            "id": 24,
            "surface": "無我夢中で心は　Up & Down",
            "words": [
                {
                    "base": "無我夢中",
                    "pos": "名詞,一般,*,*",
                    "pronunciation": "ムガムチュー",
                    "reading": "むがむちゅう",
                    "surface": "無我夢中",
                    "curPos": "n"
                },
                {
                    "base": "で",
                    "pos": "助詞,格助詞,一般,*",
                    "pronunciation": "デ",
                    "reading": "",
                    "surface": "で",
                    "curPos": "av"
                },
                {
                    "base": "心",
                    "pos": "名詞,一般,*,*",
                    "pronunciation": "ココロ",
                    "reading": "こころ",
                    "surface": "心",
                    "curPos": "n"
                },
                {
                    "base": "は",
                    "pos": "助詞,係助詞,*,*",
                    "pronunciation": "ワ",
                    "reading": "",
                    "surface": "は",
                    "curPos": "av"
                },
                {
                    "base": "*",
                    "pos": "名詞,固有名詞,組織,*",
                    "pronunciation": "?",
                    "reading": "",
                    "surface": "Up",
                    "curPos": "n"
                },
                {
                    "base": "*",
                    "pos": "名詞,サ変接続,*,*",
                    "pronunciation": "?",
                    "reading": "",
                    "surface": "&",
                    "curPos": "n"
                },
                {
                    "base": "*",
                    "pos": "名詞,固有名詞,組織,*",
                    "pronunciation": "?",
                    "reading": "",
                    "surface": "Down",
                    "curPos": "n"
                }
            ]
        },
        {
            "id": 25,
            "surface": "愛し愛たい相思相愛　ズルイよ君は　恋泥棒",
            "words": [
                {
                    "base": "愛しい",
                    "pos": "形容詞,自立,*,*",
                    "pronunciation": "イトシ",
                    "reading": "いとし",
                    "surface": "愛し",
                    "curPos": "a"
                },
                {
                    "base": "愛",
                    "pos": "名詞,一般,*,*",
                    "pronunciation": "アイ",
                    "reading": "あい",
                    "surface": "愛",
                    "curPos": "n"
                },
                {
                    "base": "たい",
                    "pos": "助動詞,*,*,*",
                    "pronunciation": "タイ",
                    "reading": "",
                    "surface": "たい",
                    "curPos": "mv"
                },
                {
                    "base": "相思相愛",
                    "pos": "名詞,一般,*,*",
                    "pronunciation": "ソーシソーアイ",
                    "reading": "そうしそうあい",
                    "surface": "相思相愛",
                    "curPos": "n"
                },
                {
                    "base": "*",
                    "pos": "名詞,一般,*,*",
                    "pronunciation": "?",
                    "reading": "",
                    "surface": "ズルイ",
                    "curPos": "n"
                },
                {
                    "base": "よ",
                    "pos": "助詞,終助詞,*,*",
                    "pronunciation": "ヨ",
                    "reading": "",
                    "surface": "よ",
                    "curPos": "av"
                },
                {
                    "base": "君",
                    "pos": "名詞,代名詞,一般,*",
                    "pronunciation": "キミ",
                    "reading": "きみ",
                    "surface": "君",
                    "curPos": "/"
                },
                {
                    "base": "は",
                    "pos": "助詞,係助詞,*,*",
                    "pronunciation": "ワ",
                    "reading": "",
                    "surface": "は",
                    "curPos": "av"
                },
                {
                    "base": "恋",
                    "pos": "名詞,一般,*,*",
                    "pronunciation": "コイ",
                    "reading": "こい",
                    "surface": "恋",
                    "curPos": "n"
                },
                {
                    "base": "泥棒",
                    "pos": "名詞,一般,*,*",
                    "pronunciation": "ドロボー",
                    "reading": "どろぼう",
                    "surface": "泥棒",
                    "curPos": "n"
                }
            ]
        },
        {
            "id": 26,
            "surface": "嗚呼　サイコウの攻防戦だ　Love me PLZ",
            "words": [
                {
                    "base": "嗚呼",
                    "pos": "感動詞,*,*,*",
                    "pronunciation": "アー",
                    "reading": "ああ",
                    "surface": "嗚呼",
                    "curPos": "/"
                },
                {
                    "base": "サイ",
                    "pos": "名詞,一般,*,*",
                    "pronunciation": "サイ",
                    "reading": "",
                    "surface": "サイ",
                    "curPos": "n"
                },
                {
                    "base": "コウ",
                    "pos": "名詞,一般,*,*",
                    "pronunciation": "コー",
                    "reading": "",
                    "surface": "コウ",
                    "curPos": "n"
                },
                {
                    "base": "の",
                    "pos": "助詞,連体化,*,*",
                    "pronunciation": "ノ",
                    "reading": "",
                    "surface": "の",
                    "curPos": "av"
                },
                {
                    "base": "攻防",
                    "pos": "名詞,一般,*,*",
                    "pronunciation": "コーボー",
                    "reading": "こうぼう",
                    "surface": "攻防",
                    "curPos": "n"
                },
                {
                    "base": "戦",
                    "pos": "名詞,接尾,一般,*",
                    "pronunciation": "セン",
                    "reading": "せん",
                    "surface": "戦",
                    "left": true,
                    "curPos": "n"
                },
                {
                    "base": "だ",
                    "pos": "助動詞,*,*,*",
                    "pronunciation": "ダ",
                    "reading": "",
                    "surface": "だ",
                    "curPos": "mv"
                },
                {
                    "base": "*",
                    "pos": "名詞,固有名詞,組織,*",
                    "pronunciation": "?",
                    "reading": "",
                    "surface": "Love",
                    "curPos": "n"
                },
                {
                    "base": "*",
                    "pos": "名詞,固有名詞,組織,*",
                    "pronunciation": "?",
                    "reading": "",
                    "surface": "me",
                    "curPos": "n"
                },
                {
                    "base": "*",
                    "pos": "名詞,固有名詞,組織,*",
                    "pronunciation": "?",
                    "reading": "",
                    "surface": "PLZ",
                    "curPos": "n"
                }
            ]
        },
        {
            "id": 27,
            "surface": "",
            "words": []
        },
        {
            "id": 28,
            "surface": "ギュッと抱き締めたら　(きっと　きっと)",
            "words": [
                {
                    "base": "ギュッ",
                    "pos": "副詞,助詞類接続,*,*",
                    "pronunciation": "ギュッ",
                    "reading": "",
                    "surface": "ギュッ",
                    "curPos": "adv"
                },
                {
                    "base": "と",
                    "pos": "助詞,副詞化,*,*",
                    "pronunciation": "ト",
                    "reading": "",
                    "surface": "と",
                    "curPos": "av"
                },
                {
                    "base": "抱き締める",
                    "pos": "動詞,自立,*,*",
                    "pronunciation": "ダキシメ",
                    "reading": "だきしめたら",
                    "surface": "抱き締めたら",
                    "curPos": "v"
                },
                {
                    "base": "*",
                    "pos": "名詞,サ変接続,*,*",
                    "pronunciation": "?",
                    "reading": "",
                    "surface": "　(",
                    "curPos": "n"
                },
                {
                    "base": "きっと",
                    "pos": "副詞,一般,*,*",
                    "pronunciation": "キット",
                    "reading": "",
                    "surface": "きっと",
                    "curPos": "adv"
                },
                {
                    "base": "きっと",
                    "pos": "副詞,一般,*,*",
                    "pronunciation": "キット",
                    "reading": "",
                    "surface": "きっと",
                    "curPos": "adv"
                },
                {
                    "base": "*",
                    "pos": "名詞,サ変接続,*,*",
                    "pronunciation": "?",
                    "reading": "",
                    "surface": ")",
                    "curPos": "/",
                    "left": true
                }
            ]
        },
        {
            "id": 29,
            "surface": "想いを君に告げよう…",
            "words": [
                {
                    "base": "想い",
                    "pos": "名詞,一般,*,*",
                    "pronunciation": "オモイ",
                    "reading": "おもい",
                    "surface": "想い",
                    "curPos": "n"
                },
                {
                    "base": "を",
                    "pos": "助詞,格助詞,一般,*",
                    "pronunciation": "ヲ",
                    "reading": "",
                    "surface": "を",
                    "curPos": "av"
                },
                {
                    "base": "君",
                    "pos": "名詞,代名詞,一般,*",
                    "pronunciation": "キミ",
                    "reading": "きみ",
                    "surface": "君",
                    "curPos": "/"
                },
                {
                    "base": "に",
                    "pos": "助詞,格助詞,一般,*",
                    "pronunciation": "ニ",
                    "reading": "",
                    "surface": "に",
                    "curPos": "av"
                },
                {
                    "base": "告げる",
                    "pos": "動詞,自立,*,*",
                    "pronunciation": "ツゲヨ",
                    "reading": "つげよう",
                    "surface": "告げよう",
                    "curPos": "v"
                },
                {
                    "base": "…",
                    "pos": "記号,一般,*,*",
                    "pronunciation": "…",
                    "reading": "",
                    "surface": "…",
                    "left": true,
                    "curPos": "/"
                }
            ]
        },
        {
            "id": 30,
            "surface": "",
            "words": []
        },
        {
            "id": 31,
            "surface": "大好き過ぎる大問題　君でしか救えない恋病",
            "words": [
                {
                    "base": "大好き",
                    "pos": "名詞,形容動詞語幹,*,*",
                    "pronunciation": "ダイスキ",
                    "reading": "だいすき",
                    "surface": "大好き",
                    "curPos": "n"
                },
                {
                    "base": "過ぎる",
                    "pos": "動詞,非自立,*,*",
                    "pronunciation": "スギル",
                    "reading": "すぎる",
                    "surface": "過ぎる",
                    "curPos": "v"
                },
                {
                    "base": "大",
                    "pos": "接頭詞,名詞接続,*,*",
                    "pronunciation": "ダイ",
                    "reading": "だい",
                    "surface": "大",
                    "curPos": "/"
                },
                {
                    "base": "問題",
                    "pos": "名詞,ナイ形容詞語幹,*,*",
                    "pronunciation": "モンダイ",
                    "reading": "もんだい",
                    "surface": "問題",
                    "curPos": "n"
                },
                {
                    "base": "君",
                    "pos": "名詞,代名詞,一般,*",
                    "pronunciation": "キミ",
                    "reading": "きみ",
                    "surface": "君",
                    "curPos": "/"
                },
                {
                    "base": "で",
                    "pos": "助詞,格助詞,一般,*",
                    "pronunciation": "デ",
                    "reading": "",
                    "surface": "で",
                    "curPos": "av"
                },
                {
                    "base": "しか",
                    "pos": "助詞,係助詞,*,*",
                    "pronunciation": "シカ",
                    "reading": "",
                    "surface": "しか",
                    "curPos": "av"
                },
                {
                    "base": "救える",
                    "pos": "動詞,自立,*,*",
                    "pronunciation": "スクエ",
                    "reading": "すくえない",
                    "surface": "救えない",
                    "curPos": "v"
                },
                {
                    "base": "恋",
                    "pos": "名詞,一般,*,*",
                    "pronunciation": "コイ",
                    "reading": "こい",
                    "surface": "恋",
                    "curPos": "n"
                },
                {
                    "base": "病",
                    "pos": "名詞,接尾,一般,*",
                    "pronunciation": "ビョー",
                    "reading": "びょう",
                    "surface": "病",
                    "left": true,
                    "curPos": "n"
                }
            ]
        },
        {
            "id": 32,
            "surface": "",
            "words": []
        },
        {
            "id": 33,
            "surface": "恋は恋、恋、恋心　君でしか救えない恋病",
            "words": [
                {
                    "base": "恋",
                    "pos": "名詞,一般,*,*",
                    "pronunciation": "コイ",
                    "reading": "こい",
                    "surface": "恋",
                    "curPos": "n"
                },
                {
                    "base": "は",
                    "pos": "助詞,係助詞,*,*",
                    "pronunciation": "ワ",
                    "reading": "",
                    "surface": "は",
                    "curPos": "av"
                },
                {
                    "base": "恋",
                    "pos": "名詞,一般,*,*",
                    "pronunciation": "コイ",
                    "reading": "こい",
                    "surface": "恋",
                    "curPos": "n"
                },
                {
                    "base": "、",
                    "pos": "記号,読点,*,*",
                    "pronunciation": "、",
                    "reading": "",
                    "surface": "、",
                    "left": true,
                    "curPos": "/"
                },
                {
                    "base": "恋",
                    "pos": "名詞,一般,*,*",
                    "pronunciation": "コイ",
                    "reading": "こい",
                    "surface": "恋",
                    "curPos": "n"
                },
                {
                    "base": "、",
                    "pos": "記号,読点,*,*",
                    "pronunciation": "、",
                    "reading": "",
                    "surface": "、",
                    "left": true,
                    "curPos": "/"
                },
                {
                    "base": "恋心",
                    "pos": "名詞,一般,*,*",
                    "pronunciation": "コイゴコロ",
                    "reading": "こいごころ",
                    "surface": "恋心",
                    "curPos": "n"
                },
                {
                    "base": "君",
                    "pos": "名詞,代名詞,一般,*",
                    "pronunciation": "キミ",
                    "reading": "きみ",
                    "surface": "君",
                    "curPos": "/"
                },
                {
                    "base": "で",
                    "pos": "助詞,格助詞,一般,*",
                    "pronunciation": "デ",
                    "reading": "",
                    "surface": "で",
                    "curPos": "av"
                },
                {
                    "base": "しか",
                    "pos": "助詞,係助詞,*,*",
                    "pronunciation": "シカ",
                    "reading": "",
                    "surface": "しか",
                    "curPos": "av"
                },
                {
                    "base": "救える",
                    "pos": "動詞,自立,*,*",
                    "pronunciation": "スクエ",
                    "reading": "すくえない",
                    "surface": "救えない",
                    "curPos": "v"
                },
                {
                    "base": "恋",
                    "pos": "名詞,一般,*,*",
                    "pronunciation": "コイ",
                    "reading": "こい",
                    "surface": "恋",
                    "curPos": "n"
                },
                {
                    "base": "病",
                    "pos": "名詞,接尾,一般,*",
                    "pronunciation": "ビョー",
                    "reading": "びょう",
                    "surface": "病",
                    "left": true,
                    "curPos": "n"
                }
            ]
        },
        {
            "id": 34,
            "surface": "独り占めにしたいよ　Boys & Girls",
            "words": [
                {
                    "base": "独り占め",
                    "pos": "名詞,サ変接続,*,*",
                    "pronunciation": "ヒトリジメ",
                    "reading": "ひとりじめ",
                    "surface": "独り占め",
                    "curPos": "n"
                },
                {
                    "base": "に",
                    "pos": "助詞,格助詞,一般,*",
                    "pronunciation": "ニ",
                    "reading": "",
                    "surface": "に",
                    "curPos": "av"
                },
                {
                    "base": "する",
                    "pos": "動詞,自立,*,*",
                    "pronunciation": "シ",
                    "reading": "",
                    "surface": "したい",
                    "curPos": "v"
                },
                {
                    "base": "よ",
                    "pos": "助詞,終助詞,*,*",
                    "pronunciation": "ヨ",
                    "reading": "",
                    "surface": "よ",
                    "curPos": "av"
                },
                {
                    "base": "*",
                    "pos": "名詞,固有名詞,組織,*",
                    "pronunciation": "?",
                    "reading": "",
                    "surface": "Boys",
                    "curPos": "n"
                },
                {
                    "base": "*",
                    "pos": "名詞,サ変接続,*,*",
                    "pronunciation": "?",
                    "reading": "",
                    "surface": "&",
                    "curPos": "n"
                },
                {
                    "base": "*",
                    "pos": "名詞,固有名詞,組織,*",
                    "pronunciation": "?",
                    "reading": "",
                    "surface": "Girls",
                    "curPos": "n"
                }
            ]
        },
        {
            "id": 35,
            "surface": "恋は恋、恋、恋心　トキメク世界　恋模様",
            "words": [
                {
                    "base": "恋",
                    "pos": "名詞,一般,*,*",
                    "pronunciation": "コイ",
                    "reading": "こい",
                    "surface": "恋",
                    "curPos": "n"
                },
                {
                    "base": "は",
                    "pos": "助詞,係助詞,*,*",
                    "pronunciation": "ワ",
                    "reading": "",
                    "surface": "は",
                    "curPos": "av"
                },
                {
                    "base": "恋",
                    "pos": "名詞,一般,*,*",
                    "pronunciation": "コイ",
                    "reading": "こい",
                    "surface": "恋",
                    "curPos": "n"
                },
                {
                    "base": "、",
                    "pos": "記号,読点,*,*",
                    "pronunciation": "、",
                    "reading": "",
                    "surface": "、",
                    "left": true,
                    "curPos": "/"
                },
                {
                    "base": "恋",
                    "pos": "名詞,一般,*,*",
                    "pronunciation": "コイ",
                    "reading": "こい",
                    "surface": "恋",
                    "curPos": "n"
                },
                {
                    "base": "、",
                    "pos": "記号,読点,*,*",
                    "pronunciation": "、",
                    "reading": "",
                    "surface": "、",
                    "left": true,
                    "curPos": "/"
                },
                {
                    "base": "恋心",
                    "pos": "名詞,一般,*,*",
                    "pronunciation": "コイゴコロ",
                    "reading": "こいごころ",
                    "surface": "恋心",
                    "curPos": "n"
                },
                {
                    "base": "*",
                    "pos": "名詞,一般,*,*",
                    "pronunciation": "?",
                    "reading": "",
                    "surface": "トキメク",
                    "curPos": "n"
                },
                {
                    "base": "世界",
                    "pos": "名詞,一般,*,*",
                    "pronunciation": "セカイ",
                    "reading": "せかい",
                    "surface": "世界",
                    "curPos": "n"
                },
                {
                    "base": "恋",
                    "pos": "名詞,一般,*,*",
                    "pronunciation": "コイ",
                    "reading": "こい",
                    "surface": "恋",
                    "curPos": "n"
                },
                {
                    "base": "模様",
                    "pos": "名詞,一般,*,*",
                    "pronunciation": "モヨー",
                    "reading": "もよう",
                    "surface": "模様",
                    "curPos": "n"
                }
            ]
        },
        {
            "id": 36,
            "surface": "嗚呼　マボロシで終わらせないで　Love me PLZ",
            "words": [
                {
                    "base": "嗚呼",
                    "pos": "感動詞,*,*,*",
                    "pronunciation": "アー",
                    "reading": "ああ",
                    "surface": "嗚呼",
                    "curPos": "/"
                },
                {
                    "base": "*",
                    "pos": "名詞,一般,*,*",
                    "pronunciation": "?",
                    "reading": "",
                    "surface": "マボロシ",
                    "curPos": "n"
                },
                {
                    "base": "で",
                    "pos": "助詞,格助詞,一般,*",
                    "pronunciation": "デ",
                    "reading": "",
                    "surface": "で",
                    "curPos": "av"
                },
                {
                    "base": "終わる",
                    "pos": "動詞,自立,*,*",
                    "pronunciation": "オワラ",
                    "reading": "おわら",
                    "surface": "終わら",
                    "curPos": "v"
                },
                {
                    "base": "せる",
                    "pos": "動詞,接尾,*,*",
                    "pronunciation": "セ",
                    "reading": "",
                    "surface": "せない",
                    "curPos": "v"
                },
                {
                    "base": "で",
                    "pos": "助詞,接続助詞,*,*",
                    "pronunciation": "デ",
                    "reading": "",
                    "surface": "で",
                    "curPos": "av"
                },
                {
                    "base": "*",
                    "pos": "名詞,固有名詞,組織,*",
                    "pronunciation": "?",
                    "reading": "",
                    "surface": "Love",
                    "curPos": "n"
                },
                {
                    "base": "*",
                    "pos": "名詞,固有名詞,組織,*",
                    "pronunciation": "?",
                    "reading": "",
                    "surface": "me",
                    "curPos": "n"
                },
                {
                    "base": "*",
                    "pos": "名詞,固有名詞,組織,*",
                    "pronunciation": "?",
                    "reading": "",
                    "surface": "PLZ",
                    "curPos": "n"
                }
            ]
        },
        {
            "id": 37,
            "surface": "",
            "words": []
        },
        {
            "id": 38,
            "surface": "恋は Non Stop",
            "words": [
                {
                    "base": "恋",
                    "pos": "名詞,一般,*,*",
                    "pronunciation": "コイ",
                    "reading": "こい",
                    "surface": "恋",
                    "curPos": "n"
                },
                {
                    "base": "は",
                    "pos": "助詞,係助詞,*,*",
                    "pronunciation": "ワ",
                    "reading": "",
                    "surface": "は",
                    "curPos": "av"
                },
                {
                    "base": "*",
                    "pos": "名詞,固有名詞,組織,*",
                    "pronunciation": "?",
                    "reading": "",
                    "surface": "Non",
                    "curPos": "n"
                },
                {
                    "base": "*",
                    "pos": "名詞,固有名詞,組織,*",
                    "pronunciation": "?",
                    "reading": "",
                    "surface": "Stop",
                    "curPos": "n"
                }
            ]
        },
        {
            "id": 39,
            "surface": "恋は Don't Stop",
            "words": [
                {
                    "base": "恋",
                    "pos": "名詞,一般,*,*",
                    "pronunciation": "コイ",
                    "reading": "こい",
                    "surface": "恋",
                    "curPos": "n"
                },
                {
                    "base": "は",
                    "pos": "助詞,係助詞,*,*",
                    "pronunciation": "ワ",
                    "reading": "",
                    "surface": "は",
                    "curPos": "av"
                },
                {
                    "base": "*",
                    "pos": "名詞,固有名詞,組織,*",
                    "pronunciation": "?",
                    "reading": "",
                    "surface": "Don",
                    "curPos": "n"
                },
                {
                    "base": "*",
                    "pos": "名詞,サ変接続,*,*",
                    "pronunciation": "?",
                    "reading": "",
                    "surface": "'",
                    "curPos": "n"
                },
                {
                    "base": "*",
                    "pos": "名詞,固有名詞,組織,*",
                    "pronunciation": "?",
                    "reading": "",
                    "surface": "t",
                    "curPos": "n"
                },
                {
                    "base": "*",
                    "pos": "名詞,固有名詞,組織,*",
                    "pronunciation": "?",
                    "reading": "",
                    "surface": "Stop",
                    "curPos": "n"
                }
            ]
        },
        {
            "id": 40,
            "surface": "恋は Non Stop",
            "words": [
                {
                    "base": "恋",
                    "pos": "名詞,一般,*,*",
                    "pronunciation": "コイ",
                    "reading": "こい",
                    "surface": "恋",
                    "curPos": "n"
                },
                {
                    "base": "は",
                    "pos": "助詞,係助詞,*,*",
                    "pronunciation": "ワ",
                    "reading": "",
                    "surface": "は",
                    "curPos": "av"
                },
                {
                    "base": "*",
                    "pos": "名詞,固有名詞,組織,*",
                    "pronunciation": "?",
                    "reading": "",
                    "surface": "Non",
                    "curPos": "n"
                },
                {
                    "base": "*",
                    "pos": "名詞,固有名詞,組織,*",
                    "pronunciation": "?",
                    "reading": "",
                    "surface": "Stop",
                    "curPos": "n"
                }
            ]
        },
        {
            "id": 41,
            "surface": "",
            "words": []
        }
    ],
    "pureLrc": [
        "恋は Non Stop",
        "恋は Don't Stop",
        "恋は Non Stop",
        "",
        "確かなものなんて何もないけどね　僕は",
        "全てがひっくり返るくらい君が好きだ　“Love is wonderful”",
        "僕の心の中を見せたい　君と四六時中いられるなら OK",
        "世界は君の為に回って　僕を突き動かすんだ",
        "",
        "胸の奥　何度だって　想い告げたなら",
        "昼も　夜も　夢の中も　君にずっと夢中",
        "",
        "恋は恋、恋、恋心　君でしか救えない恋病",
        "独り占めにしたいよ　Boys & Girls",
        "恋は恋、恋、恋心　トキメク世界　恋模様",
        "嗚呼　マボロシで終わらせないで　Love me PLZ",
        "",
        "何気ないセリフが　宝石みたいに輝く",
        "僕のラブストーリー　中心には君が",
        "",
        "枯れる程　何万回　“好き”と叫んだら",
        "いつか　絶対　君の元へ　届くと信じていい？",
        "",
        "愛し愛たい相思相愛　僕では治せないんだ恋病",
        "無我夢中で心は　Up & Down",
        "愛し愛たい相思相愛　ズルイよ君は　恋泥棒",
        "嗚呼　サイコウの攻防戦だ　Love me PLZ",
        "",
        "ギュッと抱き締めたら　(きっと　きっと)",
        "想いを君に告げよう…",
        "",
        "大好き過ぎる大問題　君でしか救えない恋病",
        "",
        "恋は恋、恋、恋心　君でしか救えない恋病",
        "独り占めにしたいよ　Boys & Girls",
        "恋は恋、恋、恋心　トキメク世界　恋模様",
        "嗚呼　マボロシで終わらせないで　Love me PLZ",
        "",
        "恋は Non Stop",
        "恋は Don't Stop",
        "恋は Non Stop",
        ""
    ]
}