{
    "name": "Moonlight",
    "artist": [
        "山田涼介"
    ],
    "producer": [
        {
            "label": "作詞",
            "value": [
                "アタネガク"
            ]
        },
        {
            "label": "作曲",
            "value": [
                "QQ"
            ]
        }
    ],
    "lrc": [
        {
            "id": 0,
            "surface": "夢の中の笑顔 忘れられない涙",
            "words": [
                {
                    "base": "夢",
                    "pos": "名詞,一般,*,*",
                    "pronunciation": "ユメ",
                    "reading": "ゆめ",
                    "surface": "夢",
                    "curPos": "n"
                },
                {
                    "base": "の",
                    "pos": "助詞,連体化,*,*",
                    "pronunciation": "ノ",
                    "reading": "",
                    "surface": "の",
                    "curPos": "av"
                },
                {
                    "base": "中",
                    "pos": "名詞,非自立,副詞可能,*",
                    "pronunciation": "ナカ",
                    "reading": "なか",
                    "surface": "中",
                    "curPos": "n"
                },
                {
                    "base": "の",
                    "pos": "助詞,連体化,*,*",
                    "pronunciation": "ノ",
                    "reading": "",
                    "surface": "の",
                    "curPos": "av"
                },
                {
                    "base": "笑顔",
                    "pos": "名詞,一般,*,*",
                    "pronunciation": "エガオ",
                    "reading": "えがお",
                    "surface": "笑顔",
                    "curPos": "n"
                },
                {
                    "base": "忘れる",
                    "pos": "動詞,自立,*,*",
                    "pronunciation": "ワスレ",
                    "reading": "わすれ",
                    "surface": "忘れ",
                    "curPos": "v"
                },
                {
                    "base": "られる",
                    "pos": "動詞,接尾,*,*",
                    "pronunciation": "ラレ",
                    "reading": "",
                    "surface": "られない",
                    "curPos": "v"
                },
                {
                    "base": "涙",
                    "pos": "名詞,一般,*,*",
                    "pronunciation": "ナミダ",
                    "reading": "なみだ",
                    "surface": "涙",
                    "curPos": "n"
                }
            ]
        },
        {
            "id": 1,
            "surface": "満ちて行く君を抱きしめたくて",
            "words": [
                {
                    "base": "満ちる",
                    "pos": "動詞,自立,*,*",
                    "pronunciation": "ミチ",
                    "reading": "みちて",
                    "surface": "満ちて",
                    "curPos": "v"
                },
                {
                    "base": "行く",
                    "pos": "動詞,非自立,*,*",
                    "pronunciation": "イク",
                    "reading": "いく",
                    "surface": "行く",
                    "curPos": "v"
                },
                {
                    "base": "君",
                    "pos": "名詞,代名詞,一般,*",
                    "pronunciation": "キミ",
                    "reading": "きみ",
                    "surface": "君",
                    "curPos": "/"
                },
                {
                    "base": "を",
                    "pos": "助詞,格助詞,一般,*",
                    "pronunciation": "ヲ",
                    "reading": "",
                    "surface": "を",
                    "curPos": "av"
                },
                {
                    "base": "抱きしめる",
                    "pos": "動詞,自立,*,*",
                    "pronunciation": "ダキシメ",
                    "reading": "だきしめたくて",
                    "surface": "抱きしめたくて",
                    "curPos": "v"
                }
            ]
        },
        {
            "id": 2,
            "surface": "",
            "words": []
        },
        {
            "id": 3,
            "surface": "You are moonlight",
            "words": [
                {
                    "base": "*",
                    "pos": "名詞,固有名詞,組織,*",
                    "pronunciation": "?",
                    "reading": "",
                    "surface": "You",
                    "curPos": "n"
                },
                {
                    "base": "*",
                    "pos": "名詞,固有名詞,組織,*",
                    "pronunciation": "?",
                    "reading": "",
                    "surface": "are",
                    "curPos": "n"
                },
                {
                    "base": "*",
                    "pos": "名詞,固有名詞,組織,*",
                    "pronunciation": "?",
                    "reading": "",
                    "surface": "moonlight",
                    "curPos": "n"
                }
            ]
        },
        {
            "id": 4,
            "surface": "Don't leave me alone",
            "words": [
                {
                    "base": "*",
                    "pos": "名詞,固有名詞,組織,*",
                    "pronunciation": "?",
                    "reading": "",
                    "surface": "Don",
                    "curPos": "n"
                },
                {
                    "base": "*",
                    "pos": "名詞,サ変接続,*,*",
                    "pronunciation": "?",
                    "reading": "",
                    "surface": "'",
                    "curPos": "n"
                },
                {
                    "base": "*",
                    "pos": "名詞,固有名詞,組織,*",
                    "pronunciation": "?",
                    "reading": "",
                    "surface": "t",
                    "curPos": "n"
                },
                {
                    "base": "*",
                    "pos": "名詞,固有名詞,組織,*",
                    "pronunciation": "?",
                    "reading": "",
                    "surface": "leave",
                    "curPos": "n"
                },
                {
                    "base": "*",
                    "pos": "名詞,固有名詞,組織,*",
                    "pronunciation": "?",
                    "reading": "",
                    "surface": "me",
                    "curPos": "n"
                },
                {
                    "base": "*",
                    "pos": "名詞,固有名詞,組織,*",
                    "pronunciation": "?",
                    "reading": "",
                    "surface": "alone",
                    "curPos": "n"
                }
            ]
        },
        {
            "id": 5,
            "surface": "",
            "words": []
        },
        {
            "id": 6,
            "surface": "眠りの暗闇ひとり 目指して行く光",
            "words": [
                {
                    "base": "眠り",
                    "pos": "名詞,一般,*,*",
                    "pronunciation": "ネムリ",
                    "reading": "ねむり",
                    "surface": "眠り",
                    "curPos": "n"
                },
                {
                    "base": "の",
                    "pos": "助詞,連体化,*,*",
                    "pronunciation": "ノ",
                    "reading": "",
                    "surface": "の",
                    "curPos": "av"
                },
                {
                    "base": "暗闇",
                    "pos": "名詞,一般,*,*",
                    "pronunciation": "クラヤミ",
                    "reading": "くらやみ",
                    "surface": "暗闇",
                    "curPos": "n"
                },
                {
                    "base": "ひとり",
                    "pos": "名詞,一般,*,*",
                    "pronunciation": "ヒトリ",
                    "reading": "",
                    "surface": "ひとり",
                    "curPos": "n"
                },
                {
                    "base": "目指す",
                    "pos": "動詞,自立,*,*",
                    "pronunciation": "メザシ",
                    "reading": "めざして",
                    "surface": "目指して",
                    "curPos": "v"
                },
                {
                    "base": "行く",
                    "pos": "動詞,非自立,*,*",
                    "pronunciation": "イク",
                    "reading": "いく",
                    "surface": "行く",
                    "curPos": "v"
                },
                {
                    "base": "光",
                    "pos": "名詞,一般,*,*",
                    "pronunciation": "ヒカリ",
                    "reading": "ひかり",
                    "surface": "光",
                    "curPos": "n"
                }
            ]
        },
        {
            "id": 7,
            "surface": "微笑んだ君が 見つめて呼んでる",
            "words": [
                {
                    "base": "微笑む",
                    "pos": "動詞,自立,*,*",
                    "pronunciation": "ホホエン",
                    "reading": "ほほえんだ",
                    "surface": "微笑んだ",
                    "curPos": "v"
                },
                {
                    "base": "君",
                    "pos": "名詞,代名詞,一般,*",
                    "pronunciation": "キミ",
                    "reading": "きみ",
                    "surface": "君",
                    "curPos": "/"
                },
                {
                    "base": "が",
                    "pos": "助詞,格助詞,一般,*",
                    "pronunciation": "ガ",
                    "reading": "",
                    "surface": "が",
                    "curPos": "av"
                },
                {
                    "base": "見つめる",
                    "pos": "動詞,自立,*,*",
                    "pronunciation": "ミツメ",
                    "reading": "みつめて",
                    "surface": "見つめて",
                    "curPos": "v"
                },
                {
                    "base": "呼ぶ",
                    "pos": "動詞,自立,*,*",
                    "pronunciation": "ヨン",
                    "reading": "よん",
                    "surface": "呼ん",
                    "curPos": "v"
                },
                {
                    "base": "でる",
                    "pos": "動詞,非自立,*,*",
                    "pronunciation": "デル",
                    "reading": "",
                    "surface": "でる",
                    "curPos": "v"
                }
            ]
        },
        {
            "id": 8,
            "surface": "カーテンの隙間から 月が消えたなら ベッドの上にひとつ",
            "words": [
                {
                    "base": "カーテン",
                    "pos": "名詞,一般,*,*",
                    "pronunciation": "カーテン",
                    "reading": "",
                    "surface": "カーテン",
                    "curPos": "n"
                },
                {
                    "base": "の",
                    "pos": "助詞,連体化,*,*",
                    "pronunciation": "ノ",
                    "reading": "",
                    "surface": "の",
                    "curPos": "av"
                },
                {
                    "base": "隙間",
                    "pos": "名詞,一般,*,*",
                    "pronunciation": "スキマ",
                    "reading": "すきま",
                    "surface": "隙間",
                    "curPos": "n"
                },
                {
                    "base": "から",
                    "pos": "助詞,格助詞,一般,*",
                    "pronunciation": "カラ",
                    "reading": "",
                    "surface": "から",
                    "curPos": "av"
                },
                {
                    "base": "月",
                    "pos": "名詞,一般,*,*",
                    "pronunciation": "ツキ",
                    "reading": "つき",
                    "surface": "月",
                    "curPos": "n"
                },
                {
                    "base": "が",
                    "pos": "助詞,格助詞,一般,*",
                    "pronunciation": "ガ",
                    "reading": "",
                    "surface": "が",
                    "curPos": "av"
                },
                {
                    "base": "消える",
                    "pos": "動詞,自立,*,*",
                    "pronunciation": "キエ",
                    "reading": "きえたなら",
                    "surface": "消えたなら",
                    "curPos": "v"
                },
                {
                    "base": "ベッド",
                    "pos": "名詞,一般,*,*",
                    "pronunciation": "ベッド",
                    "reading": "",
                    "surface": "ベッド",
                    "curPos": "n"
                },
                {
                    "base": "の",
                    "pos": "助詞,連体化,*,*",
                    "pronunciation": "ノ",
                    "reading": "",
                    "surface": "の",
                    "curPos": "av"
                },
                {
                    "base": "上",
                    "pos": "名詞,非自立,副詞可能,*",
                    "pronunciation": "ウエ",
                    "reading": "うえ",
                    "surface": "上",
                    "curPos": "n"
                },
                {
                    "base": "に",
                    "pos": "助詞,格助詞,一般,*",
                    "pronunciation": "ニ",
                    "reading": "",
                    "surface": "に",
                    "curPos": "av"
                },
                {
                    "base": "ひとつ",
                    "pos": "名詞,副詞可能,*,*",
                    "pronunciation": "ヒトツ",
                    "reading": "",
                    "surface": "ひとつ",
                    "curPos": "n"
                }
            ]
        },
        {
            "id": 9,
            "surface": "孤独な心が凍えてた",
            "words": [
                {
                    "base": "孤独",
                    "pos": "名詞,形容動詞語幹,*,*",
                    "pronunciation": "コドク",
                    "reading": "こどくな",
                    "surface": "孤独な",
                    "curPos": "a"
                },
                {
                    "base": "心",
                    "pos": "名詞,一般,*,*",
                    "pronunciation": "ココロ",
                    "reading": "こころ",
                    "surface": "心",
                    "curPos": "n"
                },
                {
                    "base": "が",
                    "pos": "助詞,格助詞,一般,*",
                    "pronunciation": "ガ",
                    "reading": "",
                    "surface": "が",
                    "curPos": "av"
                },
                {
                    "base": "凍える",
                    "pos": "動詞,自立,*,*",
                    "pronunciation": "コゴエ",
                    "reading": "こごえてた",
                    "surface": "凍えてた",
                    "curPos": "v"
                }
            ]
        },
        {
            "id": 10,
            "surface": "",
            "words": []
        },
        {
            "id": 11,
            "surface": "想いだけを焦がしてる",
            "words": [
                {
                    "base": "想い",
                    "pos": "名詞,一般,*,*",
                    "pronunciation": "オモイ",
                    "reading": "おもい",
                    "surface": "想い",
                    "curPos": "n"
                },
                {
                    "base": "だけ",
                    "pos": "助詞,副助詞,*,*",
                    "pronunciation": "ダケ",
                    "reading": "",
                    "surface": "だけ",
                    "curPos": "av"
                },
                {
                    "base": "を",
                    "pos": "助詞,格助詞,一般,*",
                    "pronunciation": "ヲ",
                    "reading": "",
                    "surface": "を",
                    "curPos": "av"
                },
                {
                    "base": "焦がす",
                    "pos": "動詞,自立,*,*",
                    "pronunciation": "コガシ",
                    "reading": "こがし",
                    "surface": "焦がし",
                    "curPos": "v"
                },
                {
                    "base": "てる",
                    "pos": "動詞,非自立,*,*",
                    "pronunciation": "テル",
                    "reading": "",
                    "surface": "てる",
                    "curPos": "v"
                }
            ]
        },
        {
            "id": 12,
            "surface": "",
            "words": []
        },
        {
            "id": 13,
            "surface": "君に触れたいまま 何も出来ないまま",
            "words": [
                {
                    "base": "君",
                    "pos": "名詞,代名詞,一般,*",
                    "pronunciation": "キミ",
                    "reading": "きみ",
                    "surface": "君",
                    "curPos": "/"
                },
                {
                    "base": "に",
                    "pos": "助詞,格助詞,一般,*",
                    "pronunciation": "ニ",
                    "reading": "",
                    "surface": "に",
                    "curPos": "av"
                },
                {
                    "base": "触れる",
                    "pos": "動詞,自立,*,*",
                    "pronunciation": "フレ",
                    "reading": "ふれたい",
                    "surface": "触れたい",
                    "curPos": "v"
                },
                {
                    "base": "まま",
                    "pos": "名詞,非自立,副詞可能,*",
                    "pronunciation": "ママ",
                    "reading": "",
                    "surface": "まま",
                    "curPos": "n"
                },
                {
                    "base": "何",
                    "pos": "名詞,代名詞,一般,*",
                    "pronunciation": "ナニ",
                    "reading": "なに",
                    "surface": "何",
                    "curPos": "/"
                },
                {
                    "base": "も",
                    "pos": "助詞,係助詞,*,*",
                    "pronunciation": "モ",
                    "reading": "",
                    "surface": "も",
                    "curPos": "av"
                },
                {
                    "base": "出来る",
                    "pos": "動詞,自立,*,*",
                    "pronunciation": "デキ",
                    "reading": "できない",
                    "surface": "出来ない",
                    "curPos": "v"
                },
                {
                    "base": "まま",
                    "pos": "名詞,非自立,副詞可能,*",
                    "pronunciation": "ママ",
                    "reading": "",
                    "surface": "まま",
                    "curPos": "n"
                }
            ]
        },
        {
            "id": 14,
            "surface": "今夜もひとりで夢に堕ちる",
            "words": [
                {
                    "base": "今夜",
                    "pos": "名詞,副詞可能,*,*",
                    "pronunciation": "コンヤ",
                    "reading": "こんや",
                    "surface": "今夜",
                    "curPos": "n"
                },
                {
                    "base": "も",
                    "pos": "助詞,係助詞,*,*",
                    "pronunciation": "モ",
                    "reading": "",
                    "surface": "も",
                    "curPos": "av"
                },
                {
                    "base": "ひとり",
                    "pos": "名詞,一般,*,*",
                    "pronunciation": "ヒトリ",
                    "reading": "",
                    "surface": "ひとり",
                    "curPos": "n"
                },
                {
                    "base": "で",
                    "pos": "助詞,格助詞,一般,*",
                    "pronunciation": "デ",
                    "reading": "",
                    "surface": "で",
                    "curPos": "av"
                },
                {
                    "base": "夢",
                    "pos": "名詞,一般,*,*",
                    "pronunciation": "ユメ",
                    "reading": "ゆめ",
                    "surface": "夢",
                    "curPos": "n"
                },
                {
                    "base": "に",
                    "pos": "助詞,格助詞,一般,*",
                    "pronunciation": "ニ",
                    "reading": "",
                    "surface": "に",
                    "curPos": "av"
                },
                {
                    "base": "堕ちる",
                    "pos": "動詞,自立,*,*",
                    "pronunciation": "オチル",
                    "reading": "おちる",
                    "surface": "堕ちる",
                    "curPos": "v"
                }
            ]
        },
        {
            "id": 15,
            "surface": "微笑んでこないで 胸の中にこないで",
            "words": [
                {
                    "base": "微笑む",
                    "pos": "動詞,自立,*,*",
                    "pronunciation": "ホホエン",
                    "reading": "ほほえん",
                    "surface": "微笑ん",
                    "curPos": "v"
                },
                {
                    "base": "で",
                    "pos": "助詞,接続助詞,*,*",
                    "pronunciation": "デ",
                    "reading": "",
                    "surface": "で",
                    "curPos": "av"
                },
                {
                    "base": "くる",
                    "pos": "動詞,非自立,*,*",
                    "pronunciation": "コ",
                    "reading": "",
                    "surface": "こない",
                    "curPos": "v"
                },
                {
                    "base": "で",
                    "pos": "助詞,接続助詞,*,*",
                    "pronunciation": "デ",
                    "reading": "",
                    "surface": "で",
                    "curPos": "av"
                },
                {
                    "base": "胸",
                    "pos": "名詞,一般,*,*",
                    "pronunciation": "ムネ",
                    "reading": "むね",
                    "surface": "胸",
                    "curPos": "n"
                },
                {
                    "base": "の",
                    "pos": "助詞,連体化,*,*",
                    "pronunciation": "ノ",
                    "reading": "",
                    "surface": "の",
                    "curPos": "av"
                },
                {
                    "base": "中",
                    "pos": "名詞,非自立,副詞可能,*",
                    "pronunciation": "ナカ",
                    "reading": "なか",
                    "surface": "中",
                    "curPos": "n"
                },
                {
                    "base": "に",
                    "pos": "助詞,格助詞,一般,*",
                    "pronunciation": "ニ",
                    "reading": "",
                    "surface": "に",
                    "curPos": "av"
                },
                {
                    "base": "くる",
                    "pos": "動詞,自立,*,*",
                    "pronunciation": "コ",
                    "reading": "",
                    "surface": "こない",
                    "curPos": "v"
                },
                {
                    "base": "で",
                    "pos": "助詞,接続助詞,*,*",
                    "pronunciation": "デ",
                    "reading": "",
                    "surface": "で",
                    "curPos": "av"
                }
            ]
        },
        {
            "id": 16,
            "surface": "解ってても 苦しくても",
            "words": [
                {
                    "base": "解る",
                    "pos": "動詞,自立,*,*",
                    "pronunciation": "ワカッ",
                    "reading": "わかってて",
                    "surface": "解ってて",
                    "curPos": "v"
                },
                {
                    "base": "も",
                    "pos": "助詞,係助詞,*,*",
                    "pronunciation": "モ",
                    "reading": "",
                    "surface": "も",
                    "curPos": "av"
                },
                {
                    "base": "苦しい",
                    "pos": "形容詞,自立,*,*",
                    "pronunciation": "クルシク",
                    "reading": "くるしく",
                    "surface": "苦しく",
                    "curPos": "a"
                },
                {
                    "base": "て",
                    "pos": "助詞,接続助詞,*,*",
                    "pronunciation": "テ",
                    "reading": "",
                    "surface": "て",
                    "curPos": "av"
                },
                {
                    "base": "も",
                    "pos": "助詞,係助詞,*,*",
                    "pronunciation": "モ",
                    "reading": "",
                    "surface": "も",
                    "curPos": "av"
                }
            ]
        },
        {
            "id": 17,
            "surface": "この腕を伸ばしてしまう",
            "words": [
                {
                    "base": "この",
                    "pos": "連体詞,*,*,*",
                    "pronunciation": "コノ",
                    "reading": "",
                    "surface": "この",
                    "curPos": "/"
                },
                {
                    "base": "腕",
                    "pos": "名詞,一般,*,*",
                    "pronunciation": "ウデ",
                    "reading": "うで",
                    "surface": "腕",
                    "curPos": "n"
                },
                {
                    "base": "を",
                    "pos": "助詞,格助詞,一般,*",
                    "pronunciation": "ヲ",
                    "reading": "",
                    "surface": "を",
                    "curPos": "av"
                },
                {
                    "base": "伸ばす",
                    "pos": "動詞,自立,*,*",
                    "pronunciation": "ノバシ",
                    "reading": "のばして",
                    "surface": "伸ばして",
                    "curPos": "v"
                },
                {
                    "base": "しまう",
                    "pos": "動詞,非自立,*,*",
                    "pronunciation": "シマウ",
                    "reading": "",
                    "surface": "しまう",
                    "curPos": "v"
                }
            ]
        },
        {
            "id": 18,
            "surface": "消えないで…",
            "words": [
                {
                    "base": "消える",
                    "pos": "動詞,自立,*,*",
                    "pronunciation": "キエ",
                    "reading": "きえない",
                    "surface": "消えない",
                    "curPos": "v"
                },
                {
                    "base": "で",
                    "pos": "助詞,接続助詞,*,*",
                    "pronunciation": "デ",
                    "reading": "",
                    "surface": "で",
                    "curPos": "av"
                },
                {
                    "base": "…",
                    "pos": "記号,一般,*,*",
                    "pronunciation": "…",
                    "reading": "",
                    "surface": "…",
                    "left": true,
                    "curPos": "/"
                }
            ]
        },
        {
            "id": 19,
            "surface": "",
            "words": []
        },
        {
            "id": 20,
            "surface": "霧深い夜にふたり 交わしてる温もり",
            "words": [
                {
                    "base": "霧",
                    "pos": "名詞,一般,*,*",
                    "pronunciation": "キリ",
                    "reading": "きり",
                    "surface": "霧",
                    "curPos": "n"
                },
                {
                    "base": "深い",
                    "pos": "形容詞,自立,*,*",
                    "pronunciation": "フカイ",
                    "reading": "ふかい",
                    "surface": "深い",
                    "curPos": "a"
                },
                {
                    "base": "夜",
                    "pos": "名詞,副詞可能,*,*",
                    "pronunciation": "ヨル",
                    "reading": "よる",
                    "surface": "夜",
                    "curPos": "n"
                },
                {
                    "base": "に",
                    "pos": "助詞,格助詞,一般,*",
                    "pronunciation": "ニ",
                    "reading": "",
                    "surface": "に",
                    "curPos": "av"
                },
                {
                    "base": "ふたり",
                    "pos": "名詞,一般,*,*",
                    "pronunciation": "フタリ",
                    "reading": "",
                    "surface": "ふたり",
                    "curPos": "n"
                },
                {
                    "base": "交わす",
                    "pos": "動詞,自立,*,*",
                    "pronunciation": "カワシ",
                    "reading": "かわし",
                    "surface": "交わし",
                    "curPos": "v"
                },
                {
                    "base": "てる",
                    "pos": "動詞,非自立,*,*",
                    "pronunciation": "テル",
                    "reading": "",
                    "surface": "てる",
                    "curPos": "v"
                },
                {
                    "base": "温もり",
                    "pos": "名詞,一般,*,*",
                    "pronunciation": "ヌクモリ",
                    "reading": "ぬくもり",
                    "surface": "温もり",
                    "curPos": "n"
                }
            ]
        },
        {
            "id": 21,
            "surface": "朝陽が訪れ 君は消えていた",
            "words": [
                {
                    "base": "朝陽",
                    "pos": "名詞,固有名詞,地域,一般",
                    "pronunciation": "アサヒ",
                    "reading": "あさひ",
                    "surface": "朝陽",
                    "curPos": "n"
                },
                {
                    "base": "が",
                    "pos": "助詞,格助詞,一般,*",
                    "pronunciation": "ガ",
                    "reading": "",
                    "surface": "が",
                    "curPos": "av"
                },
                {
                    "base": "訪れる",
                    "pos": "動詞,自立,*,*",
                    "pronunciation": "オトズレ",
                    "reading": "おとずれ",
                    "surface": "訪れ",
                    "curPos": "v"
                },
                {
                    "base": "君",
                    "pos": "名詞,代名詞,一般,*",
                    "pronunciation": "キミ",
                    "reading": "きみ",
                    "surface": "君",
                    "curPos": "/"
                },
                {
                    "base": "は",
                    "pos": "助詞,係助詞,*,*",
                    "pronunciation": "ワ",
                    "reading": "",
                    "surface": "は",
                    "curPos": "av"
                },
                {
                    "base": "消える",
                    "pos": "動詞,自立,*,*",
                    "pronunciation": "キエ",
                    "reading": "きえて",
                    "surface": "消えて",
                    "curPos": "v"
                },
                {
                    "base": "いる",
                    "pos": "動詞,非自立,*,*",
                    "pronunciation": "イ",
                    "reading": "",
                    "surface": "いた",
                    "curPos": "v"
                }
            ]
        },
        {
            "id": 22,
            "surface": "部屋中を探したって",
            "words": [
                {
                    "base": "部屋",
                    "pos": "名詞,一般,*,*",
                    "pronunciation": "ヘヤ",
                    "reading": "へや",
                    "surface": "部屋",
                    "curPos": "n"
                },
                {
                    "base": "中",
                    "pos": "名詞,接尾,副詞可能,*",
                    "pronunciation": "チュー",
                    "reading": "ちゅう",
                    "surface": "中",
                    "left": true,
                    "curPos": "n"
                },
                {
                    "base": "を",
                    "pos": "助詞,格助詞,一般,*",
                    "pronunciation": "ヲ",
                    "reading": "",
                    "surface": "を",
                    "curPos": "av"
                },
                {
                    "base": "探す",
                    "pos": "動詞,自立,*,*",
                    "pronunciation": "サガシ",
                    "reading": "さがした",
                    "surface": "探した",
                    "curPos": "v"
                },
                {
                    "base": "って",
                    "pos": "助詞,格助詞,連語,*",
                    "pronunciation": "ッテ",
                    "reading": "",
                    "surface": "って",
                    "curPos": "av"
                }
            ]
        },
        {
            "id": 23,
            "surface": "思い出さえ無くて 渇いてく日々さえも",
            "words": [
                {
                    "base": "思い出",
                    "pos": "名詞,一般,*,*",
                    "pronunciation": "オモイデ",
                    "reading": "おもいで",
                    "surface": "思い出",
                    "curPos": "n"
                },
                {
                    "base": "さえ",
                    "pos": "助詞,係助詞,*,*",
                    "pronunciation": "サエ",
                    "reading": "",
                    "surface": "さえ",
                    "curPos": "av"
                },
                {
                    "base": "無い",
                    "pos": "形容詞,自立,*,*",
                    "pronunciation": "ナク",
                    "reading": "なく",
                    "surface": "無く",
                    "curPos": "a"
                },
                {
                    "base": "て",
                    "pos": "助詞,接続助詞,*,*",
                    "pronunciation": "テ",
                    "reading": "",
                    "surface": "て",
                    "curPos": "av"
                },
                {
                    "base": "渇く",
                    "pos": "動詞,自立,*,*",
                    "pronunciation": "カワイ",
                    "reading": "かわいて",
                    "surface": "渇いて",
                    "curPos": "v"
                },
                {
                    "base": "く",
                    "pos": "動詞,非自立,*,*",
                    "pronunciation": "ク",
                    "reading": "",
                    "surface": "く",
                    "curPos": "v"
                },
                {
                    "base": "日々",
                    "pos": "名詞,副詞可能,*,*",
                    "pronunciation": "ヒビ",
                    "reading": "ひび",
                    "surface": "日々",
                    "curPos": "n"
                },
                {
                    "base": "さえ",
                    "pos": "助詞,係助詞,*,*",
                    "pronunciation": "サエ",
                    "reading": "",
                    "surface": "さえ",
                    "curPos": "av"
                },
                {
                    "base": "も",
                    "pos": "助詞,係助詞,*,*",
                    "pronunciation": "モ",
                    "reading": "",
                    "surface": "も",
                    "curPos": "av"
                }
            ]
        },
        {
            "id": 24,
            "surface": "君に捧げた未来だと",
            "words": [
                {
                    "base": "君",
                    "pos": "名詞,代名詞,一般,*",
                    "pronunciation": "キミ",
                    "reading": "きみ",
                    "surface": "君",
                    "curPos": "/"
                },
                {
                    "base": "に",
                    "pos": "助詞,格助詞,一般,*",
                    "pronunciation": "ニ",
                    "reading": "",
                    "surface": "に",
                    "curPos": "av"
                },
                {
                    "base": "捧げる",
                    "pos": "動詞,自立,*,*",
                    "pronunciation": "ササゲ",
                    "reading": "ささげた",
                    "surface": "捧げた",
                    "curPos": "v"
                },
                {
                    "base": "未来",
                    "pos": "名詞,一般,*,*",
                    "pronunciation": "ミライ",
                    "reading": "みらい",
                    "surface": "未来",
                    "curPos": "n"
                },
                {
                    "base": "だ",
                    "pos": "助動詞,*,*,*",
                    "pronunciation": "ダ",
                    "reading": "",
                    "surface": "だ",
                    "curPos": "mv"
                },
                {
                    "base": "と",
                    "pos": "助詞,接続助詞,*,*",
                    "pronunciation": "ト",
                    "reading": "",
                    "surface": "と",
                    "curPos": "av"
                }
            ]
        },
        {
            "id": 25,
            "surface": "",
            "words": []
        },
        {
            "id": 26,
            "surface": "今も胸を焦がしてる",
            "words": [
                {
                    "base": "今",
                    "pos": "名詞,副詞可能,*,*",
                    "pronunciation": "イマ",
                    "reading": "いま",
                    "surface": "今",
                    "curPos": "n"
                },
                {
                    "base": "も",
                    "pos": "助詞,係助詞,*,*",
                    "pronunciation": "モ",
                    "reading": "",
                    "surface": "も",
                    "curPos": "av"
                },
                {
                    "base": "胸",
                    "pos": "名詞,一般,*,*",
                    "pronunciation": "ムネ",
                    "reading": "むね",
                    "surface": "胸",
                    "curPos": "n"
                },
                {
                    "base": "を",
                    "pos": "助詞,格助詞,一般,*",
                    "pronunciation": "ヲ",
                    "reading": "",
                    "surface": "を",
                    "curPos": "av"
                },
                {
                    "base": "焦がす",
                    "pos": "動詞,自立,*,*",
                    "pronunciation": "コガシ",
                    "reading": "こがし",
                    "surface": "焦がし",
                    "curPos": "v"
                },
                {
                    "base": "てる",
                    "pos": "動詞,非自立,*,*",
                    "pronunciation": "テル",
                    "reading": "",
                    "surface": "てる",
                    "curPos": "v"
                }
            ]
        },
        {
            "id": 27,
            "surface": "",
            "words": []
        },
        {
            "id": 28,
            "surface": "夢かもしれないまま 痛みは消えないまま",
            "words": [
                {
                    "base": "夢",
                    "pos": "名詞,一般,*,*",
                    "pronunciation": "ユメ",
                    "reading": "ゆめ",
                    "surface": "夢",
                    "curPos": "n"
                },
                {
                    "base": "かも",
                    "pos": "助詞,副助詞,*,*",
                    "pronunciation": "カモ",
                    "reading": "",
                    "surface": "かも",
                    "curPos": "av"
                },
                {
                    "base": "しれる",
                    "pos": "動詞,自立,*,*",
                    "pronunciation": "シレ",
                    "reading": "",
                    "surface": "しれない",
                    "curPos": "v"
                },
                {
                    "base": "まま",
                    "pos": "名詞,非自立,副詞可能,*",
                    "pronunciation": "ママ",
                    "reading": "",
                    "surface": "まま",
                    "curPos": "n"
                },
                {
                    "base": "痛み",
                    "pos": "名詞,一般,*,*",
                    "pronunciation": "イタミ",
                    "reading": "いたみ",
                    "surface": "痛み",
                    "curPos": "n"
                },
                {
                    "base": "は",
                    "pos": "助詞,係助詞,*,*",
                    "pronunciation": "ワ",
                    "reading": "",
                    "surface": "は",
                    "curPos": "av"
                },
                {
                    "base": "消える",
                    "pos": "動詞,自立,*,*",
                    "pronunciation": "キエ",
                    "reading": "きえない",
                    "surface": "消えない",
                    "curPos": "v"
                },
                {
                    "base": "まま",
                    "pos": "名詞,非自立,副詞可能,*",
                    "pronunciation": "ママ",
                    "reading": "",
                    "surface": "まま",
                    "curPos": "n"
                }
            ]
        },
        {
            "id": 29,
            "surface": "愛しさだけが疼いている",
            "words": [
                {
                    "base": "愛しい",
                    "pos": "形容詞,自立,*,*",
                    "pronunciation": "イトシ",
                    "reading": "いとし",
                    "surface": "愛し",
                    "curPos": "a"
                },
                {
                    "base": "さ",
                    "pos": "名詞,接尾,特殊,*",
                    "pronunciation": "サ",
                    "reading": "",
                    "surface": "さ",
                    "left": true,
                    "curPos": "n"
                },
                {
                    "base": "だけ",
                    "pos": "助詞,副助詞,*,*",
                    "pronunciation": "ダケ",
                    "reading": "",
                    "surface": "だけ",
                    "curPos": "av"
                },
                {
                    "base": "が",
                    "pos": "助詞,格助詞,一般,*",
                    "pronunciation": "ガ",
                    "reading": "",
                    "surface": "が",
                    "curPos": "av"
                },
                {
                    "base": "疼く",
                    "pos": "動詞,自立,*,*",
                    "pronunciation": "ウズイ",
                    "reading": "うずいて",
                    "surface": "疼いて",
                    "curPos": "v"
                },
                {
                    "base": "いる",
                    "pos": "動詞,非自立,*,*",
                    "pronunciation": "イル",
                    "reading": "",
                    "surface": "いる",
                    "curPos": "v"
                }
            ]
        },
        {
            "id": 30,
            "surface": "その手を振らないで 悲しみを見せないで",
            "words": [
                {
                    "base": "その",
                    "pos": "連体詞,*,*,*",
                    "pronunciation": "ソノ",
                    "reading": "",
                    "surface": "その",
                    "curPos": "/"
                },
                {
                    "base": "手",
                    "pos": "名詞,一般,*,*",
                    "pronunciation": "テ",
                    "reading": "て",
                    "surface": "手",
                    "curPos": "n"
                },
                {
                    "base": "を",
                    "pos": "助詞,格助詞,一般,*",
                    "pronunciation": "ヲ",
                    "reading": "",
                    "surface": "を",
                    "curPos": "av"
                },
                {
                    "base": "振る",
                    "pos": "動詞,自立,*,*",
                    "pronunciation": "フラ",
                    "reading": "ふらない",
                    "surface": "振らない",
                    "curPos": "v"
                },
                {
                    "base": "で",
                    "pos": "助詞,接続助詞,*,*",
                    "pronunciation": "デ",
                    "reading": "",
                    "surface": "で",
                    "curPos": "av"
                },
                {
                    "base": "悲しみ",
                    "pos": "名詞,一般,*,*",
                    "pronunciation": "カナシミ",
                    "reading": "かなしみ",
                    "surface": "悲しみ",
                    "curPos": "n"
                },
                {
                    "base": "を",
                    "pos": "助詞,格助詞,一般,*",
                    "pronunciation": "ヲ",
                    "reading": "",
                    "surface": "を",
                    "curPos": "av"
                },
                {
                    "base": "見せる",
                    "pos": "動詞,自立,*,*",
                    "pronunciation": "ミセ",
                    "reading": "みせない",
                    "surface": "見せない",
                    "curPos": "v"
                },
                {
                    "base": "で",
                    "pos": "助詞,接続助詞,*,*",
                    "pronunciation": "デ",
                    "reading": "",
                    "surface": "で",
                    "curPos": "av"
                }
            ]
        },
        {
            "id": 31,
            "surface": "どこへ行けば 何をすれば",
            "words": [
                {
                    "base": "どこ",
                    "pos": "名詞,代名詞,一般,*",
                    "pronunciation": "ドコ",
                    "reading": "",
                    "surface": "どこ",
                    "curPos": "/"
                },
                {
                    "base": "へ",
                    "pos": "助詞,格助詞,一般,*",
                    "pronunciation": "エ",
                    "reading": "",
                    "surface": "へ",
                    "curPos": "av"
                },
                {
                    "base": "行く",
                    "pos": "動詞,自立,*,*",
                    "pronunciation": "イケ",
                    "reading": "いけ",
                    "surface": "行け",
                    "curPos": "v"
                },
                {
                    "base": "ば",
                    "pos": "助詞,接続助詞,*,*",
                    "pronunciation": "バ",
                    "reading": "",
                    "surface": "ば",
                    "curPos": "av"
                },
                {
                    "base": "何",
                    "pos": "名詞,代名詞,一般,*",
                    "pronunciation": "ナニ",
                    "reading": "なに",
                    "surface": "何",
                    "curPos": "/"
                },
                {
                    "base": "を",
                    "pos": "助詞,格助詞,一般,*",
                    "pronunciation": "ヲ",
                    "reading": "",
                    "surface": "を",
                    "curPos": "av"
                },
                {
                    "base": "する",
                    "pos": "動詞,自立,*,*",
                    "pronunciation": "スレ",
                    "reading": "",
                    "surface": "すれ",
                    "curPos": "v"
                },
                {
                    "base": "ば",
                    "pos": "助詞,接続助詞,*,*",
                    "pronunciation": "バ",
                    "reading": "",
                    "surface": "ば",
                    "curPos": "av"
                }
            ]
        },
        {
            "id": 32,
            "surface": "安らぎが包んでくれる",
            "words": [
                {
                    "base": "安らぎ",
                    "pos": "名詞,一般,*,*",
                    "pronunciation": "ヤスラギ",
                    "reading": "やすらぎ",
                    "surface": "安らぎ",
                    "curPos": "n"
                },
                {
                    "base": "が",
                    "pos": "助詞,格助詞,一般,*",
                    "pronunciation": "ガ",
                    "reading": "",
                    "surface": "が",
                    "curPos": "av"
                },
                {
                    "base": "包む",
                    "pos": "動詞,自立,*,*",
                    "pronunciation": "ツツン",
                    "reading": "つつん",
                    "surface": "包ん",
                    "curPos": "v"
                },
                {
                    "base": "で",
                    "pos": "助詞,接続助詞,*,*",
                    "pronunciation": "デ",
                    "reading": "",
                    "surface": "で",
                    "curPos": "av"
                },
                {
                    "base": "くれる",
                    "pos": "動詞,非自立,*,*",
                    "pronunciation": "クレル",
                    "reading": "",
                    "surface": "くれる",
                    "curPos": "v"
                }
            ]
        },
        {
            "id": 33,
            "surface": "行かないで…",
            "words": [
                {
                    "base": "行く",
                    "pos": "動詞,自立,*,*",
                    "pronunciation": "イカ",
                    "reading": "いかない",
                    "surface": "行かない",
                    "curPos": "v"
                },
                {
                    "base": "で",
                    "pos": "助詞,接続助詞,*,*",
                    "pronunciation": "デ",
                    "reading": "",
                    "surface": "で",
                    "curPos": "av"
                },
                {
                    "base": "…",
                    "pos": "記号,一般,*,*",
                    "pronunciation": "…",
                    "reading": "",
                    "surface": "…",
                    "left": true,
                    "curPos": "/"
                }
            ]
        },
        {
            "id": 34,
            "surface": "",
            "words": []
        },
        {
            "id": 35,
            "surface": "夢の中の光 忘れていた悲しみ",
            "words": [
                {
                    "base": "夢",
                    "pos": "名詞,一般,*,*",
                    "pronunciation": "ユメ",
                    "reading": "ゆめ",
                    "surface": "夢",
                    "curPos": "n"
                },
                {
                    "base": "の",
                    "pos": "助詞,連体化,*,*",
                    "pronunciation": "ノ",
                    "reading": "",
                    "surface": "の",
                    "curPos": "av"
                },
                {
                    "base": "中",
                    "pos": "名詞,非自立,副詞可能,*",
                    "pronunciation": "ナカ",
                    "reading": "なか",
                    "surface": "中",
                    "curPos": "n"
                },
                {
                    "base": "の",
                    "pos": "助詞,連体化,*,*",
                    "pronunciation": "ノ",
                    "reading": "",
                    "surface": "の",
                    "curPos": "av"
                },
                {
                    "base": "光",
                    "pos": "名詞,一般,*,*",
                    "pronunciation": "ヒカリ",
                    "reading": "ひかり",
                    "surface": "光",
                    "curPos": "n"
                },
                {
                    "base": "忘れる",
                    "pos": "動詞,自立,*,*",
                    "pronunciation": "ワスレ",
                    "reading": "わすれて",
                    "surface": "忘れて",
                    "curPos": "v"
                },
                {
                    "base": "いる",
                    "pos": "動詞,非自立,*,*",
                    "pronunciation": "イ",
                    "reading": "",
                    "surface": "いた",
                    "curPos": "v"
                },
                {
                    "base": "悲しみ",
                    "pos": "名詞,一般,*,*",
                    "pronunciation": "カナシミ",
                    "reading": "かなしみ",
                    "surface": "悲しみ",
                    "curPos": "n"
                }
            ]
        },
        {
            "id": 36,
            "surface": "街で見かけても見つめ合えずに",
            "words": [
                {
                    "base": "街",
                    "pos": "名詞,一般,*,*",
                    "pronunciation": "マチ",
                    "reading": "まち",
                    "surface": "街",
                    "curPos": "n"
                },
                {
                    "base": "で",
                    "pos": "助詞,格助詞,一般,*",
                    "pronunciation": "デ",
                    "reading": "",
                    "surface": "で",
                    "curPos": "av"
                },
                {
                    "base": "見かける",
                    "pos": "動詞,自立,*,*",
                    "pronunciation": "ミカケ",
                    "reading": "みかけて",
                    "surface": "見かけて",
                    "curPos": "v"
                },
                {
                    "base": "も",
                    "pos": "助詞,係助詞,*,*",
                    "pronunciation": "モ",
                    "reading": "",
                    "surface": "も",
                    "curPos": "av"
                },
                {
                    "base": "見つめる",
                    "pos": "動詞,自立,*,*",
                    "pronunciation": "ミツメ",
                    "reading": "みつめ",
                    "surface": "見つめ",
                    "curPos": "v"
                },
                {
                    "base": "合える",
                    "pos": "動詞,自立,*,*",
                    "pronunciation": "アエ",
                    "reading": "あえず",
                    "surface": "合えず",
                    "curPos": "v"
                },
                {
                    "base": "に",
                    "pos": "助詞,格助詞,一般,*",
                    "pronunciation": "ニ",
                    "reading": "",
                    "surface": "に",
                    "curPos": "av"
                }
            ]
        },
        {
            "id": 37,
            "surface": "もし二度と笑顔を 見れないというのなら",
            "words": [
                {
                    "base": "もし",
                    "pos": "副詞,一般,*,*",
                    "pronunciation": "モシ",
                    "reading": "",
                    "surface": "もし",
                    "curPos": "adv"
                },
                {
                    "base": "二度と",
                    "pos": "副詞,一般,*,*",
                    "pronunciation": "ニドト",
                    "reading": "にどと",
                    "surface": "二度と",
                    "curPos": "adv"
                },
                {
                    "base": "笑顔",
                    "pos": "名詞,一般,*,*",
                    "pronunciation": "エガオ",
                    "reading": "えがお",
                    "surface": "笑顔",
                    "curPos": "n"
                },
                {
                    "base": "を",
                    "pos": "助詞,格助詞,一般,*",
                    "pronunciation": "ヲ",
                    "reading": "",
                    "surface": "を",
                    "curPos": "av"
                },
                {
                    "base": "見れる",
                    "pos": "動詞,自立,*,*",
                    "pronunciation": "ミレ",
                    "reading": "みれない",
                    "surface": "見れない",
                    "curPos": "v"
                },
                {
                    "base": "という",
                    "pos": "助詞,格助詞,連語,*",
                    "pronunciation": "トユウ",
                    "reading": "",
                    "surface": "という",
                    "curPos": "av"
                },
                {
                    "base": "の",
                    "pos": "名詞,非自立,一般,*",
                    "pronunciation": "ノ",
                    "reading": "",
                    "surface": "の",
                    "curPos": "n"
                },
                {
                    "base": "だ",
                    "pos": "助動詞,*,*,*",
                    "pronunciation": "ナラ",
                    "reading": "",
                    "surface": "なら",
                    "curPos": "mv"
                }
            ]
        },
        {
            "id": 38,
            "surface": "明日さえも 来なくていい",
            "words": [
                {
                    "base": "明日",
                    "pos": "名詞,副詞可能,*,*",
                    "pronunciation": "アシタ",
                    "reading": "あした",
                    "surface": "明日",
                    "curPos": "n"
                },
                {
                    "base": "さえ",
                    "pos": "助詞,係助詞,*,*",
                    "pronunciation": "サエ",
                    "reading": "",
                    "surface": "さえ",
                    "curPos": "av"
                },
                {
                    "base": "も",
                    "pos": "助詞,係助詞,*,*",
                    "pronunciation": "モ",
                    "reading": "",
                    "surface": "も",
                    "curPos": "av"
                },
                {
                    "base": "来る",
                    "pos": "動詞,自立,*,*",
                    "pronunciation": "コ",
                    "reading": "こなくて",
                    "surface": "来なくて",
                    "curPos": "v"
                },
                {
                    "base": "いい",
                    "pos": "形容詞,非自立,*,*",
                    "pronunciation": "イイ",
                    "reading": "",
                    "surface": "いい",
                    "curPos": "a"
                }
            ]
        },
        {
            "id": 39,
            "surface": "夢の中でも抱いていたい",
            "words": [
                {
                    "base": "夢",
                    "pos": "名詞,一般,*,*",
                    "pronunciation": "ユメ",
                    "reading": "ゆめ",
                    "surface": "夢",
                    "curPos": "n"
                },
                {
                    "base": "の",
                    "pos": "助詞,連体化,*,*",
                    "pronunciation": "ノ",
                    "reading": "",
                    "surface": "の",
                    "curPos": "av"
                },
                {
                    "base": "中",
                    "pos": "名詞,非自立,副詞可能,*",
                    "pronunciation": "ナカ",
                    "reading": "なか",
                    "surface": "中",
                    "curPos": "n"
                },
                {
                    "base": "でも",
                    "pos": "助詞,副助詞,*,*",
                    "pronunciation": "デモ",
                    "reading": "",
                    "surface": "でも",
                    "curPos": "av"
                },
                {
                    "base": "抱く",
                    "pos": "動詞,自立,*,*",
                    "pronunciation": "ダイ",
                    "reading": "だいて",
                    "surface": "抱いて",
                    "curPos": "v"
                },
                {
                    "base": "いる",
                    "pos": "動詞,非自立,*,*",
                    "pronunciation": "イ",
                    "reading": "",
                    "surface": "いたい",
                    "curPos": "v"
                }
            ]
        },
        {
            "id": 40,
            "surface": "いつまでも",
            "words": [
                {
                    "base": "いつ",
                    "pos": "名詞,代名詞,一般,*",
                    "pronunciation": "イツ",
                    "reading": "",
                    "surface": "いつ",
                    "curPos": "/"
                },
                {
                    "base": "まで",
                    "pos": "助詞,副助詞,*,*",
                    "pronunciation": "マデ",
                    "reading": "",
                    "surface": "まで",
                    "curPos": "av"
                },
                {
                    "base": "も",
                    "pos": "助詞,係助詞,*,*",
                    "pronunciation": "モ",
                    "reading": "",
                    "surface": "も",
                    "curPos": "av"
                }
            ]
        },
        {
            "id": 41,
            "surface": "",
            "words": []
        },
        {
            "id": 42,
            "surface": "You are moonlight",
            "words": [
                {
                    "base": "*",
                    "pos": "名詞,固有名詞,組織,*",
                    "pronunciation": "?",
                    "reading": "",
                    "surface": "You",
                    "curPos": "n"
                },
                {
                    "base": "*",
                    "pos": "名詞,固有名詞,組織,*",
                    "pronunciation": "?",
                    "reading": "",
                    "surface": "are",
                    "curPos": "n"
                },
                {
                    "base": "*",
                    "pos": "名詞,固有名詞,組織,*",
                    "pronunciation": "?",
                    "reading": "",
                    "surface": "moonlight",
                    "curPos": "n"
                }
            ]
        },
        {
            "id": 43,
            "surface": "Don't leave me alone tonight...",
            "words": [
                {
                    "base": "*",
                    "pos": "名詞,固有名詞,組織,*",
                    "pronunciation": "?",
                    "reading": "",
                    "surface": "Don",
                    "curPos": "n"
                },
                {
                    "base": "*",
                    "pos": "名詞,サ変接続,*,*",
                    "pronunciation": "?",
                    "reading": "",
                    "surface": "'",
                    "curPos": "n"
                },
                {
                    "base": "*",
                    "pos": "名詞,固有名詞,組織,*",
                    "pronunciation": "?",
                    "reading": "",
                    "surface": "t",
                    "curPos": "n"
                },
                {
                    "base": "*",
                    "pos": "名詞,固有名詞,組織,*",
                    "pronunciation": "?",
                    "reading": "",
                    "surface": "leave",
                    "curPos": "n"
                },
                {
                    "base": "*",
                    "pos": "名詞,固有名詞,組織,*",
                    "pronunciation": "?",
                    "reading": "",
                    "surface": "me",
                    "curPos": "n"
                },
                {
                    "base": "*",
                    "pos": "名詞,固有名詞,組織,*",
                    "pronunciation": "?",
                    "reading": "",
                    "surface": "alone",
                    "curPos": "n"
                },
                {
                    "base": "*",
                    "pos": "名詞,固有名詞,組織,*",
                    "pronunciation": "?",
                    "reading": "",
                    "surface": "tonight",
                    "curPos": "n"
                },
                {
                    "base": "*",
                    "pos": "名詞,サ変接続,*,*",
                    "pronunciation": "?",
                    "reading": "",
                    "surface": "...",
                    "curPos": "/",
                    "left": true
                }
            ]
        },
        {
            "id": 44,
            "surface": "",
            "words": []
        }
    ],
    "pureLrc": [
        "夢の中の笑顔 忘れられない涙",
        "満ちて行く君を抱きしめたくて",
        "",
        "You are moonlight",
        "Don't leave me alone",
        "",
        "眠りの暗闇ひとり 目指して行く光",
        "微笑んだ君が 見つめて呼んでる",
        "カーテンの隙間から 月が消えたなら ベッドの上にひとつ",
        "孤独な心が凍えてた",
        "",
        "想いだけを焦がしてる",
        "",
        "君に触れたいまま 何も出来ないまま",
        "今夜もひとりで夢に堕ちる",
        "微笑んでこないで 胸の中にこないで",
        "解ってても 苦しくても",
        "この腕を伸ばしてしまう",
        "消えないで…",
        "",
        "霧深い夜にふたり 交わしてる温もり",
        "朝陽が訪れ 君は消えていた",
        "部屋中を探したって",
        "思い出さえ無くて 渇いてく日々さえも",
        "君に捧げた未来だと",
        "",
        "今も胸を焦がしてる",
        "",
        "夢かもしれないまま 痛みは消えないまま",
        "愛しさだけが疼いている",
        "その手を振らないで 悲しみを見せないで",
        "どこへ行けば 何をすれば",
        "安らぎが包んでくれる",
        "行かないで…",
        "",
        "夢の中の光 忘れていた悲しみ",
        "街で見かけても見つめ合えずに",
        "もし二度と笑顔を 見れないというのなら",
        "明日さえも 来なくていい",
        "夢の中でも抱いていたい",
        "いつまでも",
        "",
        "You are moonlight",
        "Don't leave me alone tonight...",
        ""
    ]
}