{
    "name": "Mr.Flawless",
    "artist": [
        "中島裕翔",
        "髙木雄也",
        "薮宏太"
    ],
    "producer": [
        {
            "label": "作詞",
            "value": [
                "藤森聖子"
            ]
        },
        {
            "label": "作曲",
            "value": [
                "Josef Melin"
            ]
        }
    ],
    "lrc": [
        {
            "id": 0,
            "surface": "Come on baby now 感じなよ　極上のスリル",
            "words": [
                {
                    "base": "*",
                    "pos": "名詞,固有名詞,組織,*",
                    "pronunciation": "?",
                    "reading": "",
                    "surface": "Come",
                    "curPos": "n"
                },
                {
                    "base": "*",
                    "pos": "名詞,固有名詞,組織,*",
                    "pronunciation": "?",
                    "reading": "",
                    "surface": "on",
                    "curPos": "n"
                },
                {
                    "base": "*",
                    "pos": "名詞,固有名詞,組織,*",
                    "pronunciation": "?",
                    "reading": "",
                    "surface": "baby",
                    "curPos": "n"
                },
                {
                    "base": "*",
                    "pos": "名詞,固有名詞,組織,*",
                    "pronunciation": "?",
                    "reading": "",
                    "surface": "now",
                    "curPos": "n"
                },
                {
                    "base": "感じ",
                    "pos": "名詞,一般,*,*",
                    "pronunciation": "カンジ",
                    "reading": "かんじ",
                    "surface": "感じ",
                    "curPos": "n"
                },
                {
                    "base": "だ",
                    "pos": "助動詞,*,*,*",
                    "pronunciation": "ナ",
                    "reading": "",
                    "surface": "な",
                    "curPos": "mv"
                },
                {
                    "base": "よ",
                    "pos": "助詞,終助詞,*,*",
                    "pronunciation": "ヨ",
                    "reading": "",
                    "surface": "よ",
                    "curPos": "av"
                },
                {
                    "base": "極上",
                    "pos": "名詞,一般,*,*",
                    "pronunciation": "ゴクジョー",
                    "reading": "ごくじょう",
                    "surface": "極上",
                    "curPos": "n"
                },
                {
                    "base": "の",
                    "pos": "助詞,連体化,*,*",
                    "pronunciation": "ノ",
                    "reading": "",
                    "surface": "の",
                    "curPos": "av"
                },
                {
                    "base": "スリル",
                    "pos": "名詞,一般,*,*",
                    "pronunciation": "スリル",
                    "reading": "",
                    "surface": "スリル",
                    "curPos": "n"
                }
            ]
        },
        {
            "id": 1,
            "surface": "Round &amp; round 街中でウワサの事件",
            "words": [
                {
                    "base": "*",
                    "pos": "名詞,固有名詞,組織,*",
                    "pronunciation": "?",
                    "reading": "",
                    "surface": "Round",
                    "curPos": "n"
                },
                {
                    "base": "*",
                    "pos": "名詞,サ変接続,*,*",
                    "pronunciation": "?",
                    "reading": "",
                    "surface": "&",
                    "curPos": "n"
                },
                {
                    "base": "*",
                    "pos": "名詞,一般,*,*",
                    "pronunciation": "?",
                    "reading": "",
                    "surface": "amp",
                    "curPos": "n"
                },
                {
                    "base": "*",
                    "pos": "名詞,サ変接続,*,*",
                    "pronunciation": "?",
                    "reading": "",
                    "surface": ";",
                    "curPos": "n"
                },
                {
                    "base": "*",
                    "pos": "名詞,固有名詞,組織,*",
                    "pronunciation": "?",
                    "reading": "",
                    "surface": "round",
                    "curPos": "n"
                },
                {
                    "base": "街",
                    "pos": "名詞,一般,*,*",
                    "pronunciation": "マチ",
                    "reading": "まち",
                    "surface": "街",
                    "curPos": "n"
                },
                {
                    "base": "中",
                    "pos": "名詞,接尾,副詞可能,*",
                    "pronunciation": "チュー",
                    "reading": "ちゅう",
                    "surface": "中",
                    "left": true,
                    "curPos": "n"
                },
                {
                    "base": "で",
                    "pos": "助詞,格助詞,一般,*",
                    "pronunciation": "デ",
                    "reading": "",
                    "surface": "で",
                    "curPos": "av"
                },
                {
                    "base": "ウワサ",
                    "pos": "名詞,サ変接続,*,*",
                    "pronunciation": "ウワサ",
                    "reading": "",
                    "surface": "ウワサ",
                    "curPos": "n"
                },
                {
                    "base": "の",
                    "pos": "助詞,連体化,*,*",
                    "pronunciation": "ノ",
                    "reading": "",
                    "surface": "の",
                    "curPos": "av"
                },
                {
                    "base": "事件",
                    "pos": "名詞,一般,*,*",
                    "pronunciation": "ジケン",
                    "reading": "じけん",
                    "surface": "事件",
                    "curPos": "n"
                }
            ]
        },
        {
            "id": 2,
            "surface": "",
            "words": []
        },
        {
            "id": 3,
            "surface": "盗まれてくのはハート　証拠も残さぬ犯行",
            "words": [
                {
                    "base": "盗む",
                    "pos": "動詞,自立,*,*",
                    "pronunciation": "ヌスマ",
                    "reading": "ぬすま",
                    "surface": "盗ま",
                    "curPos": "v"
                },
                {
                    "base": "れる",
                    "pos": "動詞,接尾,*,*",
                    "pronunciation": "レ",
                    "reading": "",
                    "surface": "れて",
                    "curPos": "v"
                },
                {
                    "base": "く",
                    "pos": "動詞,非自立,*,*",
                    "pronunciation": "ク",
                    "reading": "",
                    "surface": "く",
                    "curPos": "v"
                },
                {
                    "base": "の",
                    "pos": "名詞,非自立,一般,*",
                    "pronunciation": "ノ",
                    "reading": "",
                    "surface": "の",
                    "curPos": "n"
                },
                {
                    "base": "は",
                    "pos": "助詞,係助詞,*,*",
                    "pronunciation": "ワ",
                    "reading": "",
                    "surface": "は",
                    "curPos": "av"
                },
                {
                    "base": "ハート",
                    "pos": "名詞,一般,*,*",
                    "pronunciation": "ハート",
                    "reading": "",
                    "surface": "ハート",
                    "curPos": "n"
                },
                {
                    "base": "証拠",
                    "pos": "名詞,一般,*,*",
                    "pronunciation": "ショーコ",
                    "reading": "しょうこ",
                    "surface": "証拠",
                    "curPos": "n"
                },
                {
                    "base": "も",
                    "pos": "助詞,係助詞,*,*",
                    "pronunciation": "モ",
                    "reading": "",
                    "surface": "も",
                    "curPos": "av"
                },
                {
                    "base": "残す",
                    "pos": "動詞,自立,*,*",
                    "pronunciation": "ノコサ",
                    "reading": "のこさぬ",
                    "surface": "残さぬ",
                    "curPos": "v"
                },
                {
                    "base": "犯行",
                    "pos": "名詞,一般,*,*",
                    "pronunciation": "ハンコー",
                    "reading": "はんこう",
                    "surface": "犯行",
                    "curPos": "n"
                }
            ]
        },
        {
            "id": 4,
            "surface": "現場落ちていた　赤い薔薇",
            "words": [
                {
                    "base": "現場",
                    "pos": "名詞,一般,*,*",
                    "pronunciation": "ゲンバ",
                    "reading": "げんば",
                    "surface": "現場",
                    "curPos": "n"
                },
                {
                    "base": "落ちる",
                    "pos": "動詞,自立,*,*",
                    "pronunciation": "オチ",
                    "reading": "おちて",
                    "surface": "落ちて",
                    "curPos": "v"
                },
                {
                    "base": "いる",
                    "pos": "動詞,非自立,*,*",
                    "pronunciation": "イ",
                    "reading": "",
                    "surface": "いた",
                    "curPos": "v"
                },
                {
                    "base": "赤い",
                    "pos": "形容詞,自立,*,*",
                    "pronunciation": "アカイ",
                    "reading": "あかい",
                    "surface": "赤い",
                    "curPos": "a"
                },
                {
                    "base": "薔薇",
                    "pos": "名詞,一般,*,*",
                    "pronunciation": "バラ",
                    "reading": "ばら",
                    "surface": "薔薇",
                    "curPos": "n"
                }
            ]
        },
        {
            "id": 5,
            "surface": "",
            "words": []
        },
        {
            "id": 6,
            "surface": "Baby 月明り Showing シルエットは",
            "words": [
                {
                    "base": "*",
                    "pos": "名詞,固有名詞,組織,*",
                    "pronunciation": "?",
                    "reading": "",
                    "surface": "Baby",
                    "curPos": "n"
                },
                {
                    "base": "月",
                    "pos": "名詞,一般,*,*",
                    "pronunciation": "ツキ",
                    "reading": "つき",
                    "surface": "月",
                    "curPos": "n"
                },
                {
                    "base": "明り",
                    "pos": "名詞,一般,*,*",
                    "pronunciation": "アカリ",
                    "reading": "あかり",
                    "surface": "明り",
                    "curPos": "n"
                },
                {
                    "base": "*",
                    "pos": "名詞,固有名詞,組織,*",
                    "pronunciation": "?",
                    "reading": "",
                    "surface": "Showing",
                    "curPos": "n"
                },
                {
                    "base": "シルエット",
                    "pos": "名詞,一般,*,*",
                    "pronunciation": "シルエット",
                    "reading": "",
                    "surface": "シルエット",
                    "curPos": "n"
                },
                {
                    "base": "は",
                    "pos": "助詞,係助詞,*,*",
                    "pronunciation": "ワ",
                    "reading": "",
                    "surface": "は",
                    "curPos": "av"
                }
            ]
        },
        {
            "id": 7,
            "surface": "完璧ボディーライン　危険な香りがポイズン",
            "words": [
                {
                    "base": "完璧",
                    "pos": "名詞,一般,*,*",
                    "pronunciation": "カンペキ",
                    "reading": "かんぺき",
                    "surface": "完璧",
                    "curPos": "n"
                },
                {
                    "base": "ボディー",
                    "pos": "名詞,一般,*,*",
                    "pronunciation": "ボディー",
                    "reading": "",
                    "surface": "ボディー",
                    "curPos": "n"
                },
                {
                    "base": "ライン",
                    "pos": "名詞,一般,*,*",
                    "pronunciation": "ライン",
                    "reading": "",
                    "surface": "ライン",
                    "curPos": "n"
                },
                {
                    "base": "危険",
                    "pos": "名詞,形容動詞語幹,*,*",
                    "pronunciation": "キケン",
                    "reading": "きけんな",
                    "surface": "危険な",
                    "curPos": "a"
                },
                {
                    "base": "香り",
                    "pos": "名詞,一般,*,*",
                    "pronunciation": "カオリ",
                    "reading": "かおり",
                    "surface": "香り",
                    "curPos": "n"
                },
                {
                    "base": "が",
                    "pos": "助詞,格助詞,一般,*",
                    "pronunciation": "ガ",
                    "reading": "",
                    "surface": "が",
                    "curPos": "av"
                },
                {
                    "base": "*",
                    "pos": "名詞,一般,*,*",
                    "pronunciation": "?",
                    "reading": "",
                    "surface": "ポイズン",
                    "curPos": "n"
                }
            ]
        },
        {
            "id": 8,
            "surface": "",
            "words": []
        },
        {
            "id": 9,
            "surface": "Cause I'm Cause I'm",
            "words": [
                {
                    "base": "*",
                    "pos": "名詞,固有名詞,組織,*",
                    "pronunciation": "?",
                    "reading": "",
                    "surface": "Cause",
                    "curPos": "n"
                },
                {
                    "base": "*",
                    "pos": "名詞,固有名詞,組織,*",
                    "pronunciation": "?",
                    "reading": "",
                    "surface": "I",
                    "curPos": "n"
                },
                {
                    "base": "*",
                    "pos": "名詞,サ変接続,*,*",
                    "pronunciation": "?",
                    "reading": "",
                    "surface": "'",
                    "curPos": "n"
                },
                {
                    "base": "*",
                    "pos": "名詞,固有名詞,組織,*",
                    "pronunciation": "?",
                    "reading": "",
                    "surface": "m",
                    "curPos": "n"
                },
                {
                    "base": "*",
                    "pos": "名詞,固有名詞,組織,*",
                    "pronunciation": "?",
                    "reading": "",
                    "surface": "Cause",
                    "curPos": "n"
                },
                {
                    "base": "*",
                    "pos": "名詞,固有名詞,組織,*",
                    "pronunciation": "?",
                    "reading": "",
                    "surface": "I",
                    "curPos": "n"
                },
                {
                    "base": "*",
                    "pos": "名詞,サ変接続,*,*",
                    "pronunciation": "?",
                    "reading": "",
                    "surface": "'",
                    "curPos": "n"
                },
                {
                    "base": "*",
                    "pos": "名詞,固有名詞,組織,*",
                    "pronunciation": "?",
                    "reading": "",
                    "surface": "m",
                    "curPos": "n"
                }
            ]
        },
        {
            "id": 10,
            "surface": "Mr.Flawless Mr.Flawless ドキ　ドキ　ドキ(Yeah)一瞬で",
            "words": [
                {
                    "base": "*",
                    "pos": "名詞,固有名詞,組織,*",
                    "pronunciation": "?",
                    "reading": "",
                    "surface": "Mr",
                    "curPos": "n"
                },
                {
                    "base": "*",
                    "pos": "名詞,サ変接続,*,*",
                    "pronunciation": "?",
                    "reading": "",
                    "surface": ".",
                    "curPos": "/",
                    "left": true
                },
                {
                    "base": "*",
                    "pos": "名詞,固有名詞,組織,*",
                    "pronunciation": "?",
                    "reading": "",
                    "surface": "Flawless",
                    "curPos": "n"
                },
                {
                    "base": "*",
                    "pos": "名詞,固有名詞,組織,*",
                    "pronunciation": "?",
                    "reading": "",
                    "surface": "Mr",
                    "curPos": "n"
                },
                {
                    "base": "*",
                    "pos": "名詞,サ変接続,*,*",
                    "pronunciation": "?",
                    "reading": "",
                    "surface": ".",
                    "curPos": "/",
                    "left": true
                },
                {
                    "base": "*",
                    "pos": "名詞,固有名詞,組織,*",
                    "pronunciation": "?",
                    "reading": "",
                    "surface": "Flawless",
                    "curPos": "n"
                },
                {
                    "base": "*",
                    "pos": "名詞,一般,*,*",
                    "pronunciation": "?",
                    "reading": "",
                    "surface": "ドキ",
                    "curPos": "n"
                },
                {
                    "base": "*",
                    "pos": "名詞,一般,*,*",
                    "pronunciation": "?",
                    "reading": "",
                    "surface": "ドキ",
                    "curPos": "n"
                },
                {
                    "base": "*",
                    "pos": "名詞,一般,*,*",
                    "pronunciation": "?",
                    "reading": "",
                    "surface": "ドキ",
                    "curPos": "n"
                },
                {
                    "base": "*",
                    "pos": "名詞,サ変接続,*,*",
                    "pronunciation": "?",
                    "reading": "",
                    "surface": "(",
                    "curPos": "/",
                    "left": true
                },
                {
                    "base": "*",
                    "pos": "名詞,一般,*,*",
                    "pronunciation": "?",
                    "reading": "",
                    "surface": "Yeah",
                    "curPos": "n"
                },
                {
                    "base": "*",
                    "pos": "名詞,サ変接続,*,*",
                    "pronunciation": "?",
                    "reading": "",
                    "surface": ")",
                    "curPos": "/",
                    "left": true
                },
                {
                    "base": "一瞬",
                    "pos": "名詞,副詞可能,*,*",
                    "pronunciation": "イッシュン",
                    "reading": "いっしゅん",
                    "surface": "一瞬",
                    "curPos": "n"
                },
                {
                    "base": "で",
                    "pos": "助詞,格助詞,一般,*",
                    "pronunciation": "デ",
                    "reading": "",
                    "surface": "で",
                    "curPos": "av"
                }
            ]
        },
        {
            "id": 11,
            "surface": "Mr.Flawless Mr.Flawless 恋に落としてく",
            "words": [
                {
                    "base": "*",
                    "pos": "名詞,固有名詞,組織,*",
                    "pronunciation": "?",
                    "reading": "",
                    "surface": "Mr",
                    "curPos": "n"
                },
                {
                    "base": "*",
                    "pos": "名詞,サ変接続,*,*",
                    "pronunciation": "?",
                    "reading": "",
                    "surface": ".",
                    "curPos": "/",
                    "left": true
                },
                {
                    "base": "*",
                    "pos": "名詞,固有名詞,組織,*",
                    "pronunciation": "?",
                    "reading": "",
                    "surface": "Flawless",
                    "curPos": "n"
                },
                {
                    "base": "*",
                    "pos": "名詞,固有名詞,組織,*",
                    "pronunciation": "?",
                    "reading": "",
                    "surface": "Mr",
                    "curPos": "n"
                },
                {
                    "base": "*",
                    "pos": "名詞,サ変接続,*,*",
                    "pronunciation": "?",
                    "reading": "",
                    "surface": ".",
                    "curPos": "/",
                    "left": true
                },
                {
                    "base": "*",
                    "pos": "名詞,固有名詞,組織,*",
                    "pronunciation": "?",
                    "reading": "",
                    "surface": "Flawless",
                    "curPos": "n"
                },
                {
                    "base": "恋",
                    "pos": "名詞,一般,*,*",
                    "pronunciation": "コイ",
                    "reading": "こい",
                    "surface": "恋",
                    "curPos": "n"
                },
                {
                    "base": "に",
                    "pos": "助詞,格助詞,一般,*",
                    "pronunciation": "ニ",
                    "reading": "",
                    "surface": "に",
                    "curPos": "av"
                },
                {
                    "base": "落とす",
                    "pos": "動詞,自立,*,*",
                    "pronunciation": "オトシ",
                    "reading": "おとして",
                    "surface": "落として",
                    "curPos": "v"
                },
                {
                    "base": "く",
                    "pos": "動詞,非自立,*,*",
                    "pronunciation": "ク",
                    "reading": "",
                    "surface": "く",
                    "curPos": "v"
                }
            ]
        },
        {
            "id": 12,
            "surface": "クールなスマイル　心奪うスタイリッシュに",
            "words": [
                {
                    "base": "クール",
                    "pos": "名詞,形容動詞語幹,*,*",
                    "pronunciation": "クール",
                    "reading": "",
                    "surface": "クールな",
                    "curPos": "a"
                },
                {
                    "base": "スマイル",
                    "pos": "名詞,一般,*,*",
                    "pronunciation": "スマイル",
                    "reading": "",
                    "surface": "スマイル",
                    "curPos": "n"
                },
                {
                    "base": "心",
                    "pos": "名詞,一般,*,*",
                    "pronunciation": "ココロ",
                    "reading": "こころ",
                    "surface": "心",
                    "curPos": "n"
                },
                {
                    "base": "奪う",
                    "pos": "動詞,自立,*,*",
                    "pronunciation": "ウバウ",
                    "reading": "うばう",
                    "surface": "奪う",
                    "curPos": "v"
                },
                {
                    "base": "*",
                    "pos": "名詞,一般,*,*",
                    "pronunciation": "?",
                    "reading": "",
                    "surface": "スタイリッシュ",
                    "curPos": "n"
                },
                {
                    "base": "に",
                    "pos": "助詞,格助詞,一般,*",
                    "pronunciation": "ニ",
                    "reading": "",
                    "surface": "に",
                    "curPos": "av"
                }
            ]
        },
        {
            "id": 13,
            "surface": "Cause I'm Mr.Flawless for the girl",
            "words": [
                {
                    "base": "*",
                    "pos": "名詞,固有名詞,組織,*",
                    "pronunciation": "?",
                    "reading": "",
                    "surface": "Cause",
                    "curPos": "n"
                },
                {
                    "base": "*",
                    "pos": "名詞,固有名詞,組織,*",
                    "pronunciation": "?",
                    "reading": "",
                    "surface": "I",
                    "curPos": "n"
                },
                {
                    "base": "*",
                    "pos": "名詞,サ変接続,*,*",
                    "pronunciation": "?",
                    "reading": "",
                    "surface": "'",
                    "curPos": "n"
                },
                {
                    "base": "*",
                    "pos": "名詞,固有名詞,組織,*",
                    "pronunciation": "?",
                    "reading": "",
                    "surface": "m",
                    "curPos": "n"
                },
                {
                    "base": "*",
                    "pos": "名詞,固有名詞,組織,*",
                    "pronunciation": "?",
                    "reading": "",
                    "surface": "Mr",
                    "curPos": "n"
                },
                {
                    "base": "*",
                    "pos": "名詞,サ変接続,*,*",
                    "pronunciation": "?",
                    "reading": "",
                    "surface": ".",
                    "curPos": "/",
                    "left": true
                },
                {
                    "base": "*",
                    "pos": "名詞,固有名詞,組織,*",
                    "pronunciation": "?",
                    "reading": "",
                    "surface": "Flawless",
                    "curPos": "n"
                },
                {
                    "base": "*",
                    "pos": "名詞,固有名詞,組織,*",
                    "pronunciation": "?",
                    "reading": "",
                    "surface": "for",
                    "curPos": "n"
                },
                {
                    "base": "*",
                    "pos": "名詞,固有名詞,組織,*",
                    "pronunciation": "?",
                    "reading": "",
                    "surface": "the",
                    "curPos": "n"
                },
                {
                    "base": "*",
                    "pos": "名詞,固有名詞,組織,*",
                    "pronunciation": "?",
                    "reading": "",
                    "surface": "girl",
                    "curPos": "n"
                }
            ]
        },
        {
            "id": 14,
            "surface": "",
            "words": []
        },
        {
            "id": 15,
            "surface": "Close your eyes これ以上僕を見たら",
            "words": [
                {
                    "base": "*",
                    "pos": "名詞,固有名詞,組織,*",
                    "pronunciation": "?",
                    "reading": "",
                    "surface": "Close",
                    "curPos": "n"
                },
                {
                    "base": "*",
                    "pos": "名詞,固有名詞,組織,*",
                    "pronunciation": "?",
                    "reading": "",
                    "surface": "your",
                    "curPos": "n"
                },
                {
                    "base": "*",
                    "pos": "名詞,固有名詞,組織,*",
                    "pronunciation": "?",
                    "reading": "",
                    "surface": "eyes",
                    "curPos": "n"
                },
                {
                    "base": "これ",
                    "pos": "名詞,代名詞,一般,*",
                    "pronunciation": "コレ",
                    "reading": "",
                    "surface": "これ",
                    "curPos": "/"
                },
                {
                    "base": "以上",
                    "pos": "名詞,非自立,副詞可能,*",
                    "pronunciation": "イジョー",
                    "reading": "いじょう",
                    "surface": "以上",
                    "curPos": "n"
                },
                {
                    "base": "僕",
                    "pos": "名詞,代名詞,一般,*",
                    "pronunciation": "ボク",
                    "reading": "ぼく",
                    "surface": "僕",
                    "curPos": "/"
                },
                {
                    "base": "を",
                    "pos": "助詞,格助詞,一般,*",
                    "pronunciation": "ヲ",
                    "reading": "",
                    "surface": "を",
                    "curPos": "av"
                },
                {
                    "base": "見る",
                    "pos": "動詞,自立,*,*",
                    "pronunciation": "ミ",
                    "reading": "みたら",
                    "surface": "見たら",
                    "curPos": "v"
                }
            ]
        },
        {
            "id": 16,
            "surface": "Can't get back もう誰も愛せなくなる",
            "words": [
                {
                    "base": "*",
                    "pos": "名詞,固有名詞,組織,*",
                    "pronunciation": "?",
                    "reading": "",
                    "surface": "Can",
                    "curPos": "n"
                },
                {
                    "base": "*",
                    "pos": "名詞,サ変接続,*,*",
                    "pronunciation": "?",
                    "reading": "",
                    "surface": "'",
                    "curPos": "n"
                },
                {
                    "base": "*",
                    "pos": "名詞,固有名詞,組織,*",
                    "pronunciation": "?",
                    "reading": "",
                    "surface": "t",
                    "curPos": "n"
                },
                {
                    "base": "*",
                    "pos": "名詞,固有名詞,組織,*",
                    "pronunciation": "?",
                    "reading": "",
                    "surface": "get",
                    "curPos": "n"
                },
                {
                    "base": "*",
                    "pos": "名詞,固有名詞,組織,*",
                    "pronunciation": "?",
                    "reading": "",
                    "surface": "back",
                    "curPos": "n"
                },
                {
                    "base": "もう",
                    "pos": "副詞,一般,*,*",
                    "pronunciation": "モー",
                    "reading": "",
                    "surface": "もう",
                    "curPos": "adv"
                },
                {
                    "base": "誰",
                    "pos": "名詞,代名詞,一般,*",
                    "pronunciation": "ダレ",
                    "reading": "だれ",
                    "surface": "誰",
                    "curPos": "/"
                },
                {
                    "base": "も",
                    "pos": "助詞,係助詞,*,*",
                    "pronunciation": "モ",
                    "reading": "",
                    "surface": "も",
                    "curPos": "av"
                },
                {
                    "base": "愛せる",
                    "pos": "動詞,自立,*,*",
                    "pronunciation": "アイセ",
                    "reading": "あいせなく",
                    "surface": "愛せなく",
                    "curPos": "v"
                },
                {
                    "base": "なる",
                    "pos": "動詞,自立,*,*",
                    "pronunciation": "ナル",
                    "reading": "",
                    "surface": "なる",
                    "curPos": "v"
                }
            ]
        },
        {
            "id": 17,
            "surface": "",
            "words": []
        },
        {
            "id": 18,
            "surface": "ダイアモンドよりHighclass ターゲットだけにフォーカス",
            "words": [
                {
                    "base": "*",
                    "pos": "名詞,一般,*,*",
                    "pronunciation": "?",
                    "reading": "",
                    "surface": "ダイアモンド",
                    "curPos": "n"
                },
                {
                    "base": "より",
                    "pos": "助詞,格助詞,一般,*",
                    "pronunciation": "ヨリ",
                    "reading": "",
                    "surface": "より",
                    "curPos": "av"
                },
                {
                    "base": "*",
                    "pos": "名詞,一般,*,*",
                    "pronunciation": "?",
                    "reading": "",
                    "surface": "Highclass",
                    "curPos": "n"
                },
                {
                    "base": "ターゲット",
                    "pos": "名詞,一般,*,*",
                    "pronunciation": "ターゲット",
                    "reading": "",
                    "surface": "ターゲット",
                    "curPos": "n"
                },
                {
                    "base": "だけ",
                    "pos": "助詞,副助詞,*,*",
                    "pronunciation": "ダケ",
                    "reading": "",
                    "surface": "だけ",
                    "curPos": "av"
                },
                {
                    "base": "に",
                    "pos": "助詞,格助詞,一般,*",
                    "pronunciation": "ニ",
                    "reading": "",
                    "surface": "に",
                    "curPos": "av"
                },
                {
                    "base": "フォーカス",
                    "pos": "名詞,一般,*,*",
                    "pronunciation": "フォーカス",
                    "reading": "",
                    "surface": "フォーカス",
                    "curPos": "n"
                }
            ]
        },
        {
            "id": 19,
            "surface": "君を狙ってる　イナズマさ",
            "words": [
                {
                    "base": "君",
                    "pos": "名詞,代名詞,一般,*",
                    "pronunciation": "キミ",
                    "reading": "きみ",
                    "surface": "君",
                    "curPos": "/"
                },
                {
                    "base": "を",
                    "pos": "助詞,格助詞,一般,*",
                    "pronunciation": "ヲ",
                    "reading": "",
                    "surface": "を",
                    "curPos": "av"
                },
                {
                    "base": "狙う",
                    "pos": "動詞,自立,*,*",
                    "pronunciation": "ネラッ",
                    "reading": "ねらっ",
                    "surface": "狙っ",
                    "curPos": "v"
                },
                {
                    "base": "てる",
                    "pos": "動詞,非自立,*,*",
                    "pronunciation": "テル",
                    "reading": "",
                    "surface": "てる",
                    "curPos": "v"
                },
                {
                    "base": "*",
                    "pos": "名詞,固有名詞,組織,*",
                    "pronunciation": "?",
                    "reading": "",
                    "surface": "イナズマ",
                    "curPos": "n"
                },
                {
                    "base": "さ",
                    "pos": "助詞,終助詞,*,*",
                    "pronunciation": "サ",
                    "reading": "",
                    "surface": "さ",
                    "curPos": "av"
                }
            ]
        },
        {
            "id": 20,
            "surface": "",
            "words": []
        },
        {
            "id": 21,
            "surface": "Baby 去り際の Leaving 投げKISSと",
            "words": [
                {
                    "base": "*",
                    "pos": "名詞,固有名詞,組織,*",
                    "pronunciation": "?",
                    "reading": "",
                    "surface": "Baby",
                    "curPos": "n"
                },
                {
                    "base": "去る",
                    "pos": "動詞,自立,*,*",
                    "pronunciation": "サリ",
                    "reading": "さり",
                    "surface": "去り",
                    "curPos": "v"
                },
                {
                    "base": "際",
                    "pos": "名詞,非自立,副詞可能,*",
                    "pronunciation": "サイ",
                    "reading": "さい",
                    "surface": "際",
                    "curPos": "n"
                },
                {
                    "base": "の",
                    "pos": "助詞,連体化,*,*",
                    "pronunciation": "ノ",
                    "reading": "",
                    "surface": "の",
                    "curPos": "av"
                },
                {
                    "base": "*",
                    "pos": "名詞,固有名詞,組織,*",
                    "pronunciation": "?",
                    "reading": "",
                    "surface": "Leaving",
                    "curPos": "n"
                },
                {
                    "base": "投げる",
                    "pos": "動詞,自立,*,*",
                    "pronunciation": "ナゲ",
                    "reading": "なげ",
                    "surface": "投げ",
                    "curPos": "v"
                },
                {
                    "base": "*",
                    "pos": "名詞,一般,*,*",
                    "pronunciation": "?",
                    "reading": "",
                    "surface": "KISS",
                    "curPos": "n"
                },
                {
                    "base": "と",
                    "pos": "助詞,並立助詞,*,*",
                    "pronunciation": "ト",
                    "reading": "",
                    "surface": "と",
                    "curPos": "av"
                }
            ]
        },
        {
            "id": 22,
            "surface": "シャープなボディーライン　君への贈り物だよ",
            "words": [
                {
                    "base": "シャープ",
                    "pos": "名詞,形容動詞語幹,*,*",
                    "pronunciation": "シャープ",
                    "reading": "",
                    "surface": "シャープな",
                    "curPos": "a"
                },
                {
                    "base": "ボディー",
                    "pos": "名詞,一般,*,*",
                    "pronunciation": "ボディー",
                    "reading": "",
                    "surface": "ボディー",
                    "curPos": "n"
                },
                {
                    "base": "ライン",
                    "pos": "名詞,一般,*,*",
                    "pronunciation": "ライン",
                    "reading": "",
                    "surface": "ライン",
                    "curPos": "n"
                },
                {
                    "base": "君",
                    "pos": "名詞,代名詞,一般,*",
                    "pronunciation": "キミ",
                    "reading": "きみ",
                    "surface": "君",
                    "curPos": "/"
                },
                {
                    "base": "へ",
                    "pos": "助詞,格助詞,一般,*",
                    "pronunciation": "エ",
                    "reading": "",
                    "surface": "へ",
                    "curPos": "av"
                },
                {
                    "base": "の",
                    "pos": "助詞,連体化,*,*",
                    "pronunciation": "ノ",
                    "reading": "",
                    "surface": "の",
                    "curPos": "av"
                },
                {
                    "base": "贈り物",
                    "pos": "名詞,サ変接続,*,*",
                    "pronunciation": "オクリモノ",
                    "reading": "おくりもの",
                    "surface": "贈り物",
                    "curPos": "n"
                },
                {
                    "base": "だ",
                    "pos": "助動詞,*,*,*",
                    "pronunciation": "ダ",
                    "reading": "",
                    "surface": "だ",
                    "curPos": "mv"
                },
                {
                    "base": "よ",
                    "pos": "助詞,終助詞,*,*",
                    "pronunciation": "ヨ",
                    "reading": "",
                    "surface": "よ",
                    "curPos": "av"
                }
            ]
        },
        {
            "id": 23,
            "surface": "",
            "words": []
        },
        {
            "id": 24,
            "surface": "Cause I'm Cause I'm",
            "words": [
                {
                    "base": "*",
                    "pos": "名詞,固有名詞,組織,*",
                    "pronunciation": "?",
                    "reading": "",
                    "surface": "Cause",
                    "curPos": "n"
                },
                {
                    "base": "*",
                    "pos": "名詞,固有名詞,組織,*",
                    "pronunciation": "?",
                    "reading": "",
                    "surface": "I",
                    "curPos": "n"
                },
                {
                    "base": "*",
                    "pos": "名詞,サ変接続,*,*",
                    "pronunciation": "?",
                    "reading": "",
                    "surface": "'",
                    "curPos": "n"
                },
                {
                    "base": "*",
                    "pos": "名詞,固有名詞,組織,*",
                    "pronunciation": "?",
                    "reading": "",
                    "surface": "m",
                    "curPos": "n"
                },
                {
                    "base": "*",
                    "pos": "名詞,固有名詞,組織,*",
                    "pronunciation": "?",
                    "reading": "",
                    "surface": "Cause",
                    "curPos": "n"
                },
                {
                    "base": "*",
                    "pos": "名詞,固有名詞,組織,*",
                    "pronunciation": "?",
                    "reading": "",
                    "surface": "I",
                    "curPos": "n"
                },
                {
                    "base": "*",
                    "pos": "名詞,サ変接続,*,*",
                    "pronunciation": "?",
                    "reading": "",
                    "surface": "'",
                    "curPos": "n"
                },
                {
                    "base": "*",
                    "pos": "名詞,固有名詞,組織,*",
                    "pronunciation": "?",
                    "reading": "",
                    "surface": "m",
                    "curPos": "n"
                }
            ]
        },
        {
            "id": 25,
            "surface": "Mr.Flawless Mr.Flawless ハラ ハラ ハラ(Yeah)してごらん",
            "words": [
                {
                    "base": "*",
                    "pos": "名詞,固有名詞,組織,*",
                    "pronunciation": "?",
                    "reading": "",
                    "surface": "Mr",
                    "curPos": "n"
                },
                {
                    "base": "*",
                    "pos": "名詞,サ変接続,*,*",
                    "pronunciation": "?",
                    "reading": "",
                    "surface": ".",
                    "curPos": "/",
                    "left": true
                },
                {
                    "base": "*",
                    "pos": "名詞,固有名詞,組織,*",
                    "pronunciation": "?",
                    "reading": "",
                    "surface": "Flawless",
                    "curPos": "n"
                },
                {
                    "base": "*",
                    "pos": "名詞,固有名詞,組織,*",
                    "pronunciation": "?",
                    "reading": "",
                    "surface": "Mr",
                    "curPos": "n"
                },
                {
                    "base": "*",
                    "pos": "名詞,サ変接続,*,*",
                    "pronunciation": "?",
                    "reading": "",
                    "surface": ".",
                    "curPos": "/",
                    "left": true
                },
                {
                    "base": "*",
                    "pos": "名詞,固有名詞,組織,*",
                    "pronunciation": "?",
                    "reading": "",
                    "surface": "Flawless",
                    "curPos": "n"
                },
                {
                    "base": "ハラ",
                    "pos": "名詞,一般,*,*",
                    "pronunciation": "ハラ",
                    "reading": "",
                    "surface": "ハラ",
                    "curPos": "n"
                },
                {
                    "base": "ハラ",
                    "pos": "名詞,一般,*,*",
                    "pronunciation": "ハラ",
                    "reading": "",
                    "surface": "ハラ",
                    "curPos": "n"
                },
                {
                    "base": "ハラ",
                    "pos": "名詞,固有名詞,一般,*",
                    "pronunciation": "ハラ",
                    "reading": "",
                    "surface": "ハラ",
                    "curPos": "n"
                },
                {
                    "base": "*",
                    "pos": "名詞,サ変接続,*,*",
                    "pronunciation": "?",
                    "reading": "",
                    "surface": "(",
                    "curPos": "/",
                    "left": true
                },
                {
                    "base": "*",
                    "pos": "名詞,一般,*,*",
                    "pronunciation": "?",
                    "reading": "",
                    "surface": "Yeah",
                    "curPos": "n"
                },
                {
                    "base": "*",
                    "pos": "名詞,サ変接続,*,*",
                    "pronunciation": "?",
                    "reading": "",
                    "surface": ")",
                    "curPos": "/",
                    "left": true
                },
                {
                    "base": "する",
                    "pos": "動詞,自立,*,*",
                    "pronunciation": "シ",
                    "reading": "",
                    "surface": "して",
                    "curPos": "v"
                },
                {
                    "base": "ごらん",
                    "pos": "名詞,動詞非自立的,*,*",
                    "pronunciation": "ゴラン",
                    "reading": "",
                    "surface": "ごらん",
                    "curPos": "n"
                }
            ]
        },
        {
            "id": 26,
            "surface": "Mr.Flawless Mr.Flawless 君は僕のもの",
            "words": [
                {
                    "base": "*",
                    "pos": "名詞,固有名詞,組織,*",
                    "pronunciation": "?",
                    "reading": "",
                    "surface": "Mr",
                    "curPos": "n"
                },
                {
                    "base": "*",
                    "pos": "名詞,サ変接続,*,*",
                    "pronunciation": "?",
                    "reading": "",
                    "surface": ".",
                    "curPos": "/",
                    "left": true
                },
                {
                    "base": "*",
                    "pos": "名詞,固有名詞,組織,*",
                    "pronunciation": "?",
                    "reading": "",
                    "surface": "Flawless",
                    "curPos": "n"
                },
                {
                    "base": "*",
                    "pos": "名詞,固有名詞,組織,*",
                    "pronunciation": "?",
                    "reading": "",
                    "surface": "Mr",
                    "curPos": "n"
                },
                {
                    "base": "*",
                    "pos": "名詞,サ変接続,*,*",
                    "pronunciation": "?",
                    "reading": "",
                    "surface": ".",
                    "curPos": "/",
                    "left": true
                },
                {
                    "base": "*",
                    "pos": "名詞,固有名詞,組織,*",
                    "pronunciation": "?",
                    "reading": "",
                    "surface": "Flawless",
                    "curPos": "n"
                },
                {
                    "base": "君",
                    "pos": "名詞,代名詞,一般,*",
                    "pronunciation": "キミ",
                    "reading": "きみ",
                    "surface": "君",
                    "curPos": "/"
                },
                {
                    "base": "は",
                    "pos": "助詞,係助詞,*,*",
                    "pronunciation": "ワ",
                    "reading": "",
                    "surface": "は",
                    "curPos": "av"
                },
                {
                    "base": "僕",
                    "pos": "名詞,代名詞,一般,*",
                    "pronunciation": "ボク",
                    "reading": "ぼく",
                    "surface": "僕",
                    "curPos": "/"
                },
                {
                    "base": "の",
                    "pos": "助詞,連体化,*,*",
                    "pronunciation": "ノ",
                    "reading": "",
                    "surface": "の",
                    "curPos": "av"
                },
                {
                    "base": "もの",
                    "pos": "名詞,非自立,一般,*",
                    "pronunciation": "モノ",
                    "reading": "",
                    "surface": "もの",
                    "curPos": "n"
                }
            ]
        },
        {
            "id": 27,
            "surface": "もう醒めない　夢をあげるスタイリッシュな",
            "words": [
                {
                    "base": "もう",
                    "pos": "副詞,一般,*,*",
                    "pronunciation": "モー",
                    "reading": "",
                    "surface": "もう",
                    "curPos": "adv"
                },
                {
                    "base": "醒める",
                    "pos": "動詞,自立,*,*",
                    "pronunciation": "サメ",
                    "reading": "さめない",
                    "surface": "醒めない",
                    "curPos": "v"
                },
                {
                    "base": "夢",
                    "pos": "名詞,一般,*,*",
                    "pronunciation": "ユメ",
                    "reading": "ゆめ",
                    "surface": "夢",
                    "curPos": "n"
                },
                {
                    "base": "を",
                    "pos": "助詞,格助詞,一般,*",
                    "pronunciation": "ヲ",
                    "reading": "",
                    "surface": "を",
                    "curPos": "av"
                },
                {
                    "base": "あげる",
                    "pos": "動詞,自立,*,*",
                    "pronunciation": "アゲル",
                    "reading": "",
                    "surface": "あげる",
                    "curPos": "v"
                },
                {
                    "base": "*",
                    "pos": "名詞,一般,*,*",
                    "pronunciation": "?",
                    "reading": "",
                    "surface": "スタイリッシュ",
                    "curPos": "n"
                },
                {
                    "base": "な",
                    "pos": "助詞,終助詞,*,*",
                    "pronunciation": "ナ",
                    "reading": "",
                    "surface": "な",
                    "curPos": "av"
                }
            ]
        },
        {
            "id": 28,
            "surface": "Cause I'm　Mr.Flawless for the girl",
            "words": [
                {
                    "base": "*",
                    "pos": "名詞,固有名詞,組織,*",
                    "pronunciation": "?",
                    "reading": "",
                    "surface": "Cause",
                    "curPos": "n"
                },
                {
                    "base": "*",
                    "pos": "名詞,固有名詞,組織,*",
                    "pronunciation": "?",
                    "reading": "",
                    "surface": "I",
                    "curPos": "n"
                },
                {
                    "base": "*",
                    "pos": "名詞,サ変接続,*,*",
                    "pronunciation": "?",
                    "reading": "",
                    "surface": "'",
                    "curPos": "n"
                },
                {
                    "base": "*",
                    "pos": "名詞,固有名詞,組織,*",
                    "pronunciation": "?",
                    "reading": "",
                    "surface": "m",
                    "curPos": "n"
                },
                {
                    "base": "*",
                    "pos": "名詞,固有名詞,組織,*",
                    "pronunciation": "?",
                    "reading": "",
                    "surface": "Mr",
                    "curPos": "n"
                },
                {
                    "base": "*",
                    "pos": "名詞,サ変接続,*,*",
                    "pronunciation": "?",
                    "reading": "",
                    "surface": ".",
                    "curPos": "/",
                    "left": true
                },
                {
                    "base": "*",
                    "pos": "名詞,固有名詞,組織,*",
                    "pronunciation": "?",
                    "reading": "",
                    "surface": "Flawless",
                    "curPos": "n"
                },
                {
                    "base": "*",
                    "pos": "名詞,固有名詞,組織,*",
                    "pronunciation": "?",
                    "reading": "",
                    "surface": "for",
                    "curPos": "n"
                },
                {
                    "base": "*",
                    "pos": "名詞,固有名詞,組織,*",
                    "pronunciation": "?",
                    "reading": "",
                    "surface": "the",
                    "curPos": "n"
                },
                {
                    "base": "*",
                    "pos": "名詞,固有名詞,組織,*",
                    "pronunciation": "?",
                    "reading": "",
                    "surface": "girl",
                    "curPos": "n"
                }
            ]
        },
        {
            "id": 29,
            "surface": "",
            "words": []
        },
        {
            "id": 30,
            "surface": "誰も触れない　捕まえられない　僕のハート",
            "words": [
                {
                    "base": "誰",
                    "pos": "名詞,代名詞,一般,*",
                    "pronunciation": "ダレ",
                    "reading": "だれ",
                    "surface": "誰",
                    "curPos": "/"
                },
                {
                    "base": "も",
                    "pos": "助詞,係助詞,*,*",
                    "pronunciation": "モ",
                    "reading": "",
                    "surface": "も",
                    "curPos": "av"
                },
                {
                    "base": "触れる",
                    "pos": "動詞,自立,*,*",
                    "pronunciation": "フレ",
                    "reading": "ふれない",
                    "surface": "触れない",
                    "curPos": "v"
                },
                {
                    "base": "捕まえる",
                    "pos": "動詞,自立,*,*",
                    "pronunciation": "ツカマエ",
                    "reading": "つかまえ",
                    "surface": "捕まえ",
                    "curPos": "v"
                },
                {
                    "base": "られる",
                    "pos": "動詞,接尾,*,*",
                    "pronunciation": "ラレ",
                    "reading": "",
                    "surface": "られない",
                    "curPos": "v"
                },
                {
                    "base": "僕",
                    "pos": "名詞,代名詞,一般,*",
                    "pronunciation": "ボク",
                    "reading": "ぼく",
                    "surface": "僕",
                    "curPos": "/"
                },
                {
                    "base": "の",
                    "pos": "助詞,連体化,*,*",
                    "pronunciation": "ノ",
                    "reading": "",
                    "surface": "の",
                    "curPos": "av"
                },
                {
                    "base": "ハート",
                    "pos": "名詞,一般,*,*",
                    "pronunciation": "ハート",
                    "reading": "",
                    "surface": "ハート",
                    "curPos": "n"
                }
            ]
        },
        {
            "id": 31,
            "surface": "Forever",
            "words": [
                {
                    "base": "*",
                    "pos": "名詞,固有名詞,組織,*",
                    "pronunciation": "?",
                    "reading": "",
                    "surface": "Forever",
                    "curPos": "n"
                }
            ]
        },
        {
            "id": 32,
            "surface": "",
            "words": []
        },
        {
            "id": 33,
            "surface": "Cause I'm Cause I'm",
            "words": [
                {
                    "base": "*",
                    "pos": "名詞,固有名詞,組織,*",
                    "pronunciation": "?",
                    "reading": "",
                    "surface": "Cause",
                    "curPos": "n"
                },
                {
                    "base": "*",
                    "pos": "名詞,固有名詞,組織,*",
                    "pronunciation": "?",
                    "reading": "",
                    "surface": "I",
                    "curPos": "n"
                },
                {
                    "base": "*",
                    "pos": "名詞,サ変接続,*,*",
                    "pronunciation": "?",
                    "reading": "",
                    "surface": "'",
                    "curPos": "n"
                },
                {
                    "base": "*",
                    "pos": "名詞,固有名詞,組織,*",
                    "pronunciation": "?",
                    "reading": "",
                    "surface": "m",
                    "curPos": "n"
                },
                {
                    "base": "*",
                    "pos": "名詞,固有名詞,組織,*",
                    "pronunciation": "?",
                    "reading": "",
                    "surface": "Cause",
                    "curPos": "n"
                },
                {
                    "base": "*",
                    "pos": "名詞,固有名詞,組織,*",
                    "pronunciation": "?",
                    "reading": "",
                    "surface": "I",
                    "curPos": "n"
                },
                {
                    "base": "*",
                    "pos": "名詞,サ変接続,*,*",
                    "pronunciation": "?",
                    "reading": "",
                    "surface": "'",
                    "curPos": "n"
                },
                {
                    "base": "*",
                    "pos": "名詞,固有名詞,組織,*",
                    "pronunciation": "?",
                    "reading": "",
                    "surface": "m",
                    "curPos": "n"
                }
            ]
        },
        {
            "id": 34,
            "surface": "Mr.Flawless Mr.Flawless ドキ　ドキ　ドキ(Yeah)一瞬で",
            "words": [
                {
                    "base": "*",
                    "pos": "名詞,固有名詞,組織,*",
                    "pronunciation": "?",
                    "reading": "",
                    "surface": "Mr",
                    "curPos": "n"
                },
                {
                    "base": "*",
                    "pos": "名詞,サ変接続,*,*",
                    "pronunciation": "?",
                    "reading": "",
                    "surface": ".",
                    "curPos": "/",
                    "left": true
                },
                {
                    "base": "*",
                    "pos": "名詞,固有名詞,組織,*",
                    "pronunciation": "?",
                    "reading": "",
                    "surface": "Flawless",
                    "curPos": "n"
                },
                {
                    "base": "*",
                    "pos": "名詞,固有名詞,組織,*",
                    "pronunciation": "?",
                    "reading": "",
                    "surface": "Mr",
                    "curPos": "n"
                },
                {
                    "base": "*",
                    "pos": "名詞,サ変接続,*,*",
                    "pronunciation": "?",
                    "reading": "",
                    "surface": ".",
                    "curPos": "/",
                    "left": true
                },
                {
                    "base": "*",
                    "pos": "名詞,固有名詞,組織,*",
                    "pronunciation": "?",
                    "reading": "",
                    "surface": "Flawless",
                    "curPos": "n"
                },
                {
                    "base": "*",
                    "pos": "名詞,一般,*,*",
                    "pronunciation": "?",
                    "reading": "",
                    "surface": "ドキ",
                    "curPos": "n"
                },
                {
                    "base": "*",
                    "pos": "名詞,一般,*,*",
                    "pronunciation": "?",
                    "reading": "",
                    "surface": "ドキ",
                    "curPos": "n"
                },
                {
                    "base": "*",
                    "pos": "名詞,一般,*,*",
                    "pronunciation": "?",
                    "reading": "",
                    "surface": "ドキ",
                    "curPos": "n"
                },
                {
                    "base": "*",
                    "pos": "名詞,サ変接続,*,*",
                    "pronunciation": "?",
                    "reading": "",
                    "surface": "(",
                    "curPos": "/",
                    "left": true
                },
                {
                    "base": "*",
                    "pos": "名詞,一般,*,*",
                    "pronunciation": "?",
                    "reading": "",
                    "surface": "Yeah",
                    "curPos": "n"
                },
                {
                    "base": "*",
                    "pos": "名詞,サ変接続,*,*",
                    "pronunciation": "?",
                    "reading": "",
                    "surface": ")",
                    "curPos": "/",
                    "left": true
                },
                {
                    "base": "一瞬",
                    "pos": "名詞,副詞可能,*,*",
                    "pronunciation": "イッシュン",
                    "reading": "いっしゅん",
                    "surface": "一瞬",
                    "curPos": "n"
                },
                {
                    "base": "で",
                    "pos": "助詞,格助詞,一般,*",
                    "pronunciation": "デ",
                    "reading": "",
                    "surface": "で",
                    "curPos": "av"
                }
            ]
        },
        {
            "id": 35,
            "surface": "Mr.Flawless Mr.Flawless 恋に落としてく",
            "words": [
                {
                    "base": "*",
                    "pos": "名詞,固有名詞,組織,*",
                    "pronunciation": "?",
                    "reading": "",
                    "surface": "Mr",
                    "curPos": "n"
                },
                {
                    "base": "*",
                    "pos": "名詞,サ変接続,*,*",
                    "pronunciation": "?",
                    "reading": "",
                    "surface": ".",
                    "curPos": "/",
                    "left": true
                },
                {
                    "base": "*",
                    "pos": "名詞,固有名詞,組織,*",
                    "pronunciation": "?",
                    "reading": "",
                    "surface": "Flawless",
                    "curPos": "n"
                },
                {
                    "base": "*",
                    "pos": "名詞,固有名詞,組織,*",
                    "pronunciation": "?",
                    "reading": "",
                    "surface": "Mr",
                    "curPos": "n"
                },
                {
                    "base": "*",
                    "pos": "名詞,サ変接続,*,*",
                    "pronunciation": "?",
                    "reading": "",
                    "surface": ".",
                    "curPos": "/",
                    "left": true
                },
                {
                    "base": "*",
                    "pos": "名詞,固有名詞,組織,*",
                    "pronunciation": "?",
                    "reading": "",
                    "surface": "Flawless",
                    "curPos": "n"
                },
                {
                    "base": "恋",
                    "pos": "名詞,一般,*,*",
                    "pronunciation": "コイ",
                    "reading": "こい",
                    "surface": "恋",
                    "curPos": "n"
                },
                {
                    "base": "に",
                    "pos": "助詞,格助詞,一般,*",
                    "pronunciation": "ニ",
                    "reading": "",
                    "surface": "に",
                    "curPos": "av"
                },
                {
                    "base": "落とす",
                    "pos": "動詞,自立,*,*",
                    "pronunciation": "オトシ",
                    "reading": "おとして",
                    "surface": "落として",
                    "curPos": "v"
                },
                {
                    "base": "く",
                    "pos": "動詞,非自立,*,*",
                    "pronunciation": "ク",
                    "reading": "",
                    "surface": "く",
                    "curPos": "v"
                }
            ]
        },
        {
            "id": 36,
            "surface": "クールなスマイル　心奪うスタイリッシュに",
            "words": [
                {
                    "base": "クール",
                    "pos": "名詞,形容動詞語幹,*,*",
                    "pronunciation": "クール",
                    "reading": "",
                    "surface": "クールな",
                    "curPos": "a"
                },
                {
                    "base": "スマイル",
                    "pos": "名詞,一般,*,*",
                    "pronunciation": "スマイル",
                    "reading": "",
                    "surface": "スマイル",
                    "curPos": "n"
                },
                {
                    "base": "心",
                    "pos": "名詞,一般,*,*",
                    "pronunciation": "ココロ",
                    "reading": "こころ",
                    "surface": "心",
                    "curPos": "n"
                },
                {
                    "base": "奪う",
                    "pos": "動詞,自立,*,*",
                    "pronunciation": "ウバウ",
                    "reading": "うばう",
                    "surface": "奪う",
                    "curPos": "v"
                },
                {
                    "base": "*",
                    "pos": "名詞,一般,*,*",
                    "pronunciation": "?",
                    "reading": "",
                    "surface": "スタイリッシュ",
                    "curPos": "n"
                },
                {
                    "base": "に",
                    "pos": "助詞,格助詞,一般,*",
                    "pronunciation": "ニ",
                    "reading": "",
                    "surface": "に",
                    "curPos": "av"
                }
            ]
        },
        {
            "id": 37,
            "surface": "Cause I'm Mr.Flawless",
            "words": [
                {
                    "base": "*",
                    "pos": "名詞,固有名詞,組織,*",
                    "pronunciation": "?",
                    "reading": "",
                    "surface": "Cause",
                    "curPos": "n"
                },
                {
                    "base": "*",
                    "pos": "名詞,固有名詞,組織,*",
                    "pronunciation": "?",
                    "reading": "",
                    "surface": "I",
                    "curPos": "n"
                },
                {
                    "base": "*",
                    "pos": "名詞,サ変接続,*,*",
                    "pronunciation": "?",
                    "reading": "",
                    "surface": "'",
                    "curPos": "n"
                },
                {
                    "base": "*",
                    "pos": "名詞,固有名詞,組織,*",
                    "pronunciation": "?",
                    "reading": "",
                    "surface": "m",
                    "curPos": "n"
                },
                {
                    "base": "*",
                    "pos": "名詞,固有名詞,組織,*",
                    "pronunciation": "?",
                    "reading": "",
                    "surface": "Mr",
                    "curPos": "n"
                },
                {
                    "base": "*",
                    "pos": "名詞,サ変接続,*,*",
                    "pronunciation": "?",
                    "reading": "",
                    "surface": ".",
                    "curPos": "/",
                    "left": true
                },
                {
                    "base": "*",
                    "pos": "名詞,固有名詞,組織,*",
                    "pronunciation": "?",
                    "reading": "",
                    "surface": "Flawless",
                    "curPos": "n"
                }
            ]
        },
        {
            "id": 38,
            "surface": "",
            "words": []
        },
        {
            "id": 39,
            "surface": "Mr.Flawless Mr.Flawless",
            "words": [
                {
                    "base": "*",
                    "pos": "名詞,固有名詞,組織,*",
                    "pronunciation": "?",
                    "reading": "",
                    "surface": "Mr",
                    "curPos": "n"
                },
                {
                    "base": "*",
                    "pos": "名詞,サ変接続,*,*",
                    "pronunciation": "?",
                    "reading": "",
                    "surface": ".",
                    "curPos": "/",
                    "left": true
                },
                {
                    "base": "*",
                    "pos": "名詞,固有名詞,組織,*",
                    "pronunciation": "?",
                    "reading": "",
                    "surface": "Flawless",
                    "curPos": "n"
                },
                {
                    "base": "*",
                    "pos": "名詞,固有名詞,組織,*",
                    "pronunciation": "?",
                    "reading": "",
                    "surface": "Mr",
                    "curPos": "n"
                },
                {
                    "base": "*",
                    "pos": "名詞,サ変接続,*,*",
                    "pronunciation": "?",
                    "reading": "",
                    "surface": ".",
                    "curPos": "/",
                    "left": true
                },
                {
                    "base": "*",
                    "pos": "名詞,固有名詞,組織,*",
                    "pronunciation": "?",
                    "reading": "",
                    "surface": "Flawless",
                    "curPos": "n"
                }
            ]
        },
        {
            "id": 40,
            "surface": "Mr.Flawless Mr.Flawless",
            "words": [
                {
                    "base": "*",
                    "pos": "名詞,固有名詞,組織,*",
                    "pronunciation": "?",
                    "reading": "",
                    "surface": "Mr",
                    "curPos": "n"
                },
                {
                    "base": "*",
                    "pos": "名詞,サ変接続,*,*",
                    "pronunciation": "?",
                    "reading": "",
                    "surface": ".",
                    "curPos": "/",
                    "left": true
                },
                {
                    "base": "*",
                    "pos": "名詞,固有名詞,組織,*",
                    "pronunciation": "?",
                    "reading": "",
                    "surface": "Flawless",
                    "curPos": "n"
                },
                {
                    "base": "*",
                    "pos": "名詞,固有名詞,組織,*",
                    "pronunciation": "?",
                    "reading": "",
                    "surface": "Mr",
                    "curPos": "n"
                },
                {
                    "base": "*",
                    "pos": "名詞,サ変接続,*,*",
                    "pronunciation": "?",
                    "reading": "",
                    "surface": ".",
                    "curPos": "/",
                    "left": true
                },
                {
                    "base": "*",
                    "pos": "名詞,固有名詞,組織,*",
                    "pronunciation": "?",
                    "reading": "",
                    "surface": "Flawless",
                    "curPos": "n"
                }
            ]
        },
        {
            "id": 41,
            "surface": "Mr.Flawless Mr.Flawless",
            "words": [
                {
                    "base": "*",
                    "pos": "名詞,固有名詞,組織,*",
                    "pronunciation": "?",
                    "reading": "",
                    "surface": "Mr",
                    "curPos": "n"
                },
                {
                    "base": "*",
                    "pos": "名詞,サ変接続,*,*",
                    "pronunciation": "?",
                    "reading": "",
                    "surface": ".",
                    "curPos": "/",
                    "left": true
                },
                {
                    "base": "*",
                    "pos": "名詞,固有名詞,組織,*",
                    "pronunciation": "?",
                    "reading": "",
                    "surface": "Flawless",
                    "curPos": "n"
                },
                {
                    "base": "*",
                    "pos": "名詞,固有名詞,組織,*",
                    "pronunciation": "?",
                    "reading": "",
                    "surface": "Mr",
                    "curPos": "n"
                },
                {
                    "base": "*",
                    "pos": "名詞,サ変接続,*,*",
                    "pronunciation": "?",
                    "reading": "",
                    "surface": ".",
                    "curPos": "/",
                    "left": true
                },
                {
                    "base": "*",
                    "pos": "名詞,固有名詞,組織,*",
                    "pronunciation": "?",
                    "reading": "",
                    "surface": "Flawless",
                    "curPos": "n"
                }
            ]
        },
        {
            "id": 42,
            "surface": "Mr.Flawless Mr.Flawless",
            "words": [
                {
                    "base": "*",
                    "pos": "名詞,固有名詞,組織,*",
                    "pronunciation": "?",
                    "reading": "",
                    "surface": "Mr",
                    "curPos": "n"
                },
                {
                    "base": "*",
                    "pos": "名詞,サ変接続,*,*",
                    "pronunciation": "?",
                    "reading": "",
                    "surface": ".",
                    "curPos": "/",
                    "left": true
                },
                {
                    "base": "*",
                    "pos": "名詞,固有名詞,組織,*",
                    "pronunciation": "?",
                    "reading": "",
                    "surface": "Flawless",
                    "curPos": "n"
                },
                {
                    "base": "*",
                    "pos": "名詞,固有名詞,組織,*",
                    "pronunciation": "?",
                    "reading": "",
                    "surface": "Mr",
                    "curPos": "n"
                },
                {
                    "base": "*",
                    "pos": "名詞,サ変接続,*,*",
                    "pronunciation": "?",
                    "reading": "",
                    "surface": ".",
                    "curPos": "/",
                    "left": true
                },
                {
                    "base": "*",
                    "pos": "名詞,固有名詞,組織,*",
                    "pronunciation": "?",
                    "reading": "",
                    "surface": "Flawless",
                    "curPos": "n"
                }
            ]
        },
        {
            "id": 43,
            "surface": "",
            "words": []
        },
        {
            "id": 44,
            "surface": "Cause I'm　Mr.Flawless for the girl",
            "words": [
                {
                    "base": "*",
                    "pos": "名詞,固有名詞,組織,*",
                    "pronunciation": "?",
                    "reading": "",
                    "surface": "Cause",
                    "curPos": "n"
                },
                {
                    "base": "*",
                    "pos": "名詞,固有名詞,組織,*",
                    "pronunciation": "?",
                    "reading": "",
                    "surface": "I",
                    "curPos": "n"
                },
                {
                    "base": "*",
                    "pos": "名詞,サ変接続,*,*",
                    "pronunciation": "?",
                    "reading": "",
                    "surface": "'",
                    "curPos": "n"
                },
                {
                    "base": "*",
                    "pos": "名詞,固有名詞,組織,*",
                    "pronunciation": "?",
                    "reading": "",
                    "surface": "m",
                    "curPos": "n"
                },
                {
                    "base": "*",
                    "pos": "名詞,固有名詞,組織,*",
                    "pronunciation": "?",
                    "reading": "",
                    "surface": "Mr",
                    "curPos": "n"
                },
                {
                    "base": "*",
                    "pos": "名詞,サ変接続,*,*",
                    "pronunciation": "?",
                    "reading": "",
                    "surface": ".",
                    "curPos": "/",
                    "left": true
                },
                {
                    "base": "*",
                    "pos": "名詞,固有名詞,組織,*",
                    "pronunciation": "?",
                    "reading": "",
                    "surface": "Flawless",
                    "curPos": "n"
                },
                {
                    "base": "*",
                    "pos": "名詞,固有名詞,組織,*",
                    "pronunciation": "?",
                    "reading": "",
                    "surface": "for",
                    "curPos": "n"
                },
                {
                    "base": "*",
                    "pos": "名詞,固有名詞,組織,*",
                    "pronunciation": "?",
                    "reading": "",
                    "surface": "the",
                    "curPos": "n"
                },
                {
                    "base": "*",
                    "pos": "名詞,固有名詞,組織,*",
                    "pronunciation": "?",
                    "reading": "",
                    "surface": "girl",
                    "curPos": "n"
                }
            ]
        }
    ],
    "pureLrc": [
        "Come on baby now 感じなよ　極上のスリル",
        "Round &amp; round 街中でウワサの事件",
        "",
        "盗まれてくのはハート　証拠も残さぬ犯行",
        "現場落ちていた　赤い薔薇",
        "",
        "Baby 月明り Showing シルエットは",
        "完璧ボディーライン　危険な香りがポイズン",
        "",
        "Cause I'm Cause I'm",
        "Mr.Flawless Mr.Flawless ドキ　ドキ　ドキ(Yeah)一瞬で",
        "Mr.Flawless Mr.Flawless 恋に落としてく",
        "クールなスマイル　心奪うスタイリッシュに",
        "Cause I'm Mr.Flawless for the girl",
        "",
        "Close your eyes これ以上僕を見たら",
        "Can't get back もう誰も愛せなくなる",
        "",
        "ダイアモンドよりHighclass ターゲットだけにフォーカス",
        "君を狙ってる　イナズマさ",
        "",
        "Baby 去り際の Leaving 投げKISSと",
        "シャープなボディーライン　君への贈り物だよ",
        "",
        "Cause I'm Cause I'm",
        "Mr.Flawless Mr.Flawless ハラ ハラ ハラ(Yeah)してごらん",
        "Mr.Flawless Mr.Flawless 君は僕のもの",
        "もう醒めない　夢をあげるスタイリッシュな",
        "Cause I'm　Mr.Flawless for the girl",
        "",
        "誰も触れない　捕まえられない　僕のハート",
        "Forever",
        "",
        "Cause I'm Cause I'm",
        "Mr.Flawless Mr.Flawless ドキ　ドキ　ドキ(Yeah)一瞬で",
        "Mr.Flawless Mr.Flawless 恋に落としてく",
        "クールなスマイル　心奪うスタイリッシュに",
        "Cause I'm Mr.Flawless",
        "",
        "Mr.Flawless Mr.Flawless",
        "Mr.Flawless Mr.Flawless",
        "Mr.Flawless Mr.Flawless",
        "Mr.Flawless Mr.Flawless",
        "",
        "Cause I'm　Mr.Flawless for the girl"
    ]
}