{
    "name": "order",
    "artist": [
        "Hey!Say!JUMP"
    ],
    "producer": [
        {
            "label": "作詞",
            "value": [
                "miyakei"
            ]
        },
        {
            "label": "作曲",
            "value": [
                "HIKARI",
                "takarot",
                "youwhich"
            ]
        }
    ],
    "lrc": [
        {
            "id": 0,
            "surface": "躊躇して見せてるだけ? 目と目が合うのはSign",
            "words": [
                {
                    "base": "躊躇",
                    "pos": "名詞,サ変接続,*,*",
                    "pronunciation": "チューチョ",
                    "reading": "ちゅうちょ",
                    "surface": "躊躇",
                    "curPos": "n"
                },
                {
                    "base": "する",
                    "pos": "動詞,自立,*,*",
                    "pronunciation": "シ",
                    "reading": "",
                    "surface": "して",
                    "curPos": "v"
                },
                {
                    "base": "見せる",
                    "pos": "動詞,自立,*,*",
                    "pronunciation": "ミセ",
                    "reading": "みせ",
                    "surface": "見せ",
                    "curPos": "v"
                },
                {
                    "base": "てる",
                    "pos": "動詞,非自立,*,*",
                    "pronunciation": "テル",
                    "reading": "",
                    "surface": "てる",
                    "curPos": "v"
                },
                {
                    "base": "だけ",
                    "pos": "助詞,副助詞,*,*",
                    "pronunciation": "ダケ",
                    "reading": "",
                    "surface": "だけ",
                    "curPos": "av"
                },
                {
                    "base": "*",
                    "pos": "名詞,サ変接続,*,*",
                    "pronunciation": "?",
                    "reading": "",
                    "surface": "?",
                    "curPos": "n"
                },
                {
                    "base": "目と",
                    "pos": "名詞,サ変接続,*,*",
                    "pronunciation": "モクト",
                    "reading": "もくと",
                    "surface": "目と",
                    "curPos": "n"
                },
                {
                    "base": "目",
                    "pos": "名詞,接尾,一般,*",
                    "pronunciation": "メ",
                    "reading": "め",
                    "surface": "目",
                    "left": true,
                    "curPos": "n"
                },
                {
                    "base": "が",
                    "pos": "助詞,格助詞,一般,*",
                    "pronunciation": "ガ",
                    "reading": "",
                    "surface": "が",
                    "curPos": "av"
                },
                {
                    "base": "合う",
                    "pos": "動詞,自立,*,*",
                    "pronunciation": "アウ",
                    "reading": "あう",
                    "surface": "合う",
                    "curPos": "v"
                },
                {
                    "base": "の",
                    "pos": "名詞,非自立,一般,*",
                    "pronunciation": "ノ",
                    "reading": "",
                    "surface": "の",
                    "curPos": "n"
                },
                {
                    "base": "は",
                    "pos": "助詞,係助詞,*,*",
                    "pronunciation": "ワ",
                    "reading": "",
                    "surface": "は",
                    "curPos": "av"
                },
                {
                    "base": "*",
                    "pos": "名詞,固有名詞,組織,*",
                    "pronunciation": "?",
                    "reading": "",
                    "surface": "Sign",
                    "curPos": "n"
                }
            ]
        },
        {
            "id": 1,
            "surface": "もっと知りたいなんて Boogie shaking 僕を惑わす",
            "words": [
                {
                    "base": "もっと",
                    "pos": "副詞,一般,*,*",
                    "pronunciation": "モット",
                    "reading": "",
                    "surface": "もっと",
                    "curPos": "adv"
                },
                {
                    "base": "知る",
                    "pos": "動詞,自立,*,*",
                    "pronunciation": "シリ",
                    "reading": "しりたい",
                    "surface": "知りたい",
                    "curPos": "v"
                },
                {
                    "base": "なんて",
                    "pos": "助詞,副助詞,*,*",
                    "pronunciation": "ナンテ",
                    "reading": "",
                    "surface": "なんて",
                    "curPos": "av"
                },
                {
                    "base": "*",
                    "pos": "名詞,固有名詞,組織,*",
                    "pronunciation": "?",
                    "reading": "",
                    "surface": "Boogie",
                    "curPos": "n"
                },
                {
                    "base": "*",
                    "pos": "名詞,固有名詞,組織,*",
                    "pronunciation": "?",
                    "reading": "",
                    "surface": "shaking",
                    "curPos": "n"
                },
                {
                    "base": "僕",
                    "pos": "名詞,代名詞,一般,*",
                    "pronunciation": "ボク",
                    "reading": "ぼく",
                    "surface": "僕",
                    "curPos": "/"
                },
                {
                    "base": "を",
                    "pos": "助詞,格助詞,一般,*",
                    "pronunciation": "ヲ",
                    "reading": "",
                    "surface": "を",
                    "curPos": "av"
                },
                {
                    "base": "惑わす",
                    "pos": "動詞,自立,*,*",
                    "pronunciation": "マドワス",
                    "reading": "まどわす",
                    "surface": "惑わす",
                    "curPos": "v"
                }
            ]
        },
        {
            "id": 2,
            "surface": "そんなに照れたりしたら 勘違いしてしまうよ",
            "words": [
                {
                    "base": "そんなに",
                    "pos": "副詞,一般,*,*",
                    "pronunciation": "ソンナニ",
                    "reading": "",
                    "surface": "そんなに",
                    "curPos": "adv"
                },
                {
                    "base": "照れる",
                    "pos": "動詞,自立,*,*",
                    "pronunciation": "テレ",
                    "reading": "てれ",
                    "surface": "照れ",
                    "curPos": "v"
                },
                {
                    "base": "たり",
                    "pos": "助詞,並立助詞,*,*",
                    "pronunciation": "タリ",
                    "reading": "",
                    "surface": "たり",
                    "curPos": "av"
                },
                {
                    "base": "する",
                    "pos": "動詞,自立,*,*",
                    "pronunciation": "シ",
                    "reading": "",
                    "surface": "したら",
                    "curPos": "v"
                },
                {
                    "base": "勘違い",
                    "pos": "名詞,サ変接続,*,*",
                    "pronunciation": "カンチガイ",
                    "reading": "かんちがい",
                    "surface": "勘違い",
                    "curPos": "n"
                },
                {
                    "base": "する",
                    "pos": "動詞,自立,*,*",
                    "pronunciation": "シ",
                    "reading": "",
                    "surface": "して",
                    "curPos": "v"
                },
                {
                    "base": "しまう",
                    "pos": "動詞,非自立,*,*",
                    "pronunciation": "シマウ",
                    "reading": "",
                    "surface": "しまう",
                    "curPos": "v"
                },
                {
                    "base": "よ",
                    "pos": "助詞,終助詞,*,*",
                    "pronunciation": "ヨ",
                    "reading": "",
                    "surface": "よ",
                    "curPos": "av"
                }
            ]
        },
        {
            "id": 3,
            "surface": "No way, no way ずるいね Boogie shaking 心ざわつく",
            "words": [
                {
                    "base": "*",
                    "pos": "名詞,固有名詞,組織,*",
                    "pronunciation": "?",
                    "reading": "",
                    "surface": "No",
                    "curPos": "n"
                },
                {
                    "base": "*",
                    "pos": "名詞,固有名詞,組織,*",
                    "pronunciation": "?",
                    "reading": "",
                    "surface": "way",
                    "curPos": "n"
                },
                {
                    "base": "*",
                    "pos": "名詞,サ変接続,*,*",
                    "pronunciation": "?",
                    "reading": "",
                    "surface": ",",
                    "curPos": "n"
                },
                {
                    "base": "*",
                    "pos": "名詞,固有名詞,組織,*",
                    "pronunciation": "?",
                    "reading": "",
                    "surface": "no",
                    "curPos": "n"
                },
                {
                    "base": "*",
                    "pos": "名詞,固有名詞,組織,*",
                    "pronunciation": "?",
                    "reading": "",
                    "surface": "way",
                    "curPos": "n"
                },
                {
                    "base": "ずるい",
                    "pos": "形容詞,自立,*,*",
                    "pronunciation": "ズルイ",
                    "reading": "",
                    "surface": "ずるい",
                    "curPos": "a"
                },
                {
                    "base": "ね",
                    "pos": "助詞,終助詞,*,*",
                    "pronunciation": "ネ",
                    "reading": "",
                    "surface": "ね",
                    "curPos": "av"
                },
                {
                    "base": "*",
                    "pos": "名詞,固有名詞,組織,*",
                    "pronunciation": "?",
                    "reading": "",
                    "surface": "Boogie",
                    "curPos": "n"
                },
                {
                    "base": "*",
                    "pos": "名詞,固有名詞,組織,*",
                    "pronunciation": "?",
                    "reading": "",
                    "surface": "shaking",
                    "curPos": "n"
                },
                {
                    "base": "心",
                    "pos": "名詞,一般,*,*",
                    "pronunciation": "ココロ",
                    "reading": "こころ",
                    "surface": "心",
                    "curPos": "n"
                },
                {
                    "base": "ざわつく",
                    "pos": "動詞,自立,*,*",
                    "pronunciation": "ザワツク",
                    "reading": "",
                    "surface": "ざわつく",
                    "curPos": "v"
                }
            ]
        },
        {
            "id": 4,
            "surface": "",
            "words": []
        },
        {
            "id": 5,
            "surface": "だいたいこんな順序で恋は始まる",
            "words": [
                {
                    "base": "だいたい",
                    "pos": "副詞,一般,*,*",
                    "pronunciation": "ダイタイ",
                    "reading": "",
                    "surface": "だいたい",
                    "curPos": "adv"
                },
                {
                    "base": "こんな",
                    "pos": "連体詞,*,*,*",
                    "pronunciation": "コンナ",
                    "reading": "",
                    "surface": "こんな",
                    "curPos": "/"
                },
                {
                    "base": "順序",
                    "pos": "名詞,一般,*,*",
                    "pronunciation": "ジュンジョ",
                    "reading": "じゅんじょ",
                    "surface": "順序",
                    "curPos": "n"
                },
                {
                    "base": "で",
                    "pos": "助詞,格助詞,一般,*",
                    "pronunciation": "デ",
                    "reading": "",
                    "surface": "で",
                    "curPos": "av"
                },
                {
                    "base": "恋",
                    "pos": "名詞,一般,*,*",
                    "pronunciation": "コイ",
                    "reading": "こい",
                    "surface": "恋",
                    "curPos": "n"
                },
                {
                    "base": "は",
                    "pos": "助詞,係助詞,*,*",
                    "pronunciation": "ワ",
                    "reading": "",
                    "surface": "は",
                    "curPos": "av"
                },
                {
                    "base": "始まる",
                    "pos": "動詞,自立,*,*",
                    "pronunciation": "ハジマル",
                    "reading": "はじまる",
                    "surface": "始まる",
                    "curPos": "v"
                }
            ]
        },
        {
            "id": 6,
            "surface": "たいてい夢のまま Everything's gonna be in vain",
            "words": [
                {
                    "base": "たいてい",
                    "pos": "副詞,助詞類接続,*,*",
                    "pronunciation": "タイテイ",
                    "reading": "",
                    "surface": "たいてい",
                    "curPos": "adv"
                },
                {
                    "base": "夢",
                    "pos": "名詞,一般,*,*",
                    "pronunciation": "ユメ",
                    "reading": "ゆめ",
                    "surface": "夢",
                    "curPos": "n"
                },
                {
                    "base": "の",
                    "pos": "助詞,連体化,*,*",
                    "pronunciation": "ノ",
                    "reading": "",
                    "surface": "の",
                    "curPos": "av"
                },
                {
                    "base": "まま",
                    "pos": "名詞,非自立,副詞可能,*",
                    "pronunciation": "ママ",
                    "reading": "",
                    "surface": "まま",
                    "curPos": "n"
                },
                {
                    "base": "*",
                    "pos": "名詞,固有名詞,組織,*",
                    "pronunciation": "?",
                    "reading": "",
                    "surface": "Everything",
                    "curPos": "n"
                },
                {
                    "base": "*",
                    "pos": "名詞,サ変接続,*,*",
                    "pronunciation": "?",
                    "reading": "",
                    "surface": "'",
                    "curPos": "n"
                },
                {
                    "base": "*",
                    "pos": "名詞,固有名詞,組織,*",
                    "pronunciation": "?",
                    "reading": "",
                    "surface": "s",
                    "curPos": "n"
                },
                {
                    "base": "*",
                    "pos": "名詞,固有名詞,組織,*",
                    "pronunciation": "?",
                    "reading": "",
                    "surface": "gonna",
                    "curPos": "n"
                },
                {
                    "base": "*",
                    "pos": "名詞,固有名詞,組織,*",
                    "pronunciation": "?",
                    "reading": "",
                    "surface": "be",
                    "curPos": "n"
                },
                {
                    "base": "*",
                    "pos": "名詞,固有名詞,組織,*",
                    "pronunciation": "?",
                    "reading": "",
                    "surface": "in",
                    "curPos": "n"
                },
                {
                    "base": "*",
                    "pos": "名詞,固有名詞,組織,*",
                    "pronunciation": "?",
                    "reading": "",
                    "surface": "vain",
                    "curPos": "n"
                }
            ]
        },
        {
            "id": 7,
            "surface": "",
            "words": []
        },
        {
            "id": 8,
            "surface": "本当はこんなはずじゃないんだって 戻れなくなってはまた叫ぶのに",
            "words": [
                {
                    "base": "本当は",
                    "pos": "副詞,一般,*,*",
                    "pronunciation": "ホントーワ",
                    "reading": "ほんとうは",
                    "surface": "本当は",
                    "curPos": "adv"
                },
                {
                    "base": "こんな",
                    "pos": "連体詞,*,*,*",
                    "pronunciation": "コンナ",
                    "reading": "",
                    "surface": "こんな",
                    "curPos": "/"
                },
                {
                    "base": "はず",
                    "pos": "名詞,非自立,一般,*",
                    "pronunciation": "ハズ",
                    "reading": "",
                    "surface": "はず",
                    "curPos": "n"
                },
                {
                    "base": "じゃ",
                    "pos": "助詞,副助詞,*,*",
                    "pronunciation": "ジャ",
                    "reading": "",
                    "surface": "じゃ",
                    "curPos": "av"
                },
                {
                    "base": "ない",
                    "pos": "助動詞,*,*,*",
                    "pronunciation": "ナイ",
                    "reading": "",
                    "surface": "ない",
                    "curPos": "mv"
                },
                {
                    "base": "ん",
                    "pos": "名詞,非自立,一般,*",
                    "pronunciation": "ン",
                    "reading": "",
                    "surface": "ん",
                    "curPos": "n"
                },
                {
                    "base": "だって",
                    "pos": "助詞,副助詞,*,*",
                    "pronunciation": "ダッテ",
                    "reading": "",
                    "surface": "だって",
                    "curPos": "av"
                },
                {
                    "base": "戻れる",
                    "pos": "動詞,自立,*,*",
                    "pronunciation": "モドレ",
                    "reading": "もどれなく",
                    "surface": "戻れなく",
                    "curPos": "v"
                },
                {
                    "base": "なる",
                    "pos": "動詞,自立,*,*",
                    "pronunciation": "ナッ",
                    "reading": "",
                    "surface": "なって",
                    "curPos": "v"
                },
                {
                    "base": "は",
                    "pos": "助詞,係助詞,*,*",
                    "pronunciation": "ワ",
                    "reading": "",
                    "surface": "は",
                    "curPos": "av"
                },
                {
                    "base": "また",
                    "pos": "副詞,助詞類接続,*,*",
                    "pronunciation": "マタ",
                    "reading": "",
                    "surface": "また",
                    "curPos": "adv"
                },
                {
                    "base": "叫ぶ",
                    "pos": "動詞,自立,*,*",
                    "pronunciation": "サケブ",
                    "reading": "さけぶ",
                    "surface": "叫ぶ",
                    "curPos": "v"
                },
                {
                    "base": "のに",
                    "pos": "助詞,接続助詞,*,*",
                    "pronunciation": "ノニ",
                    "reading": "",
                    "surface": "のに",
                    "curPos": "av"
                }
            ]
        },
        {
            "id": 9,
            "surface": "",
            "words": []
        },
        {
            "id": 10,
            "surface": "今だけは 君だけは 僕にもっと溺れてよ",
            "words": [
                {
                    "base": "今",
                    "pos": "名詞,副詞可能,*,*",
                    "pronunciation": "イマ",
                    "reading": "いま",
                    "surface": "今",
                    "curPos": "n"
                },
                {
                    "base": "だけ",
                    "pos": "助詞,副助詞,*,*",
                    "pronunciation": "ダケ",
                    "reading": "",
                    "surface": "だけ",
                    "curPos": "av"
                },
                {
                    "base": "は",
                    "pos": "助詞,係助詞,*,*",
                    "pronunciation": "ワ",
                    "reading": "",
                    "surface": "は",
                    "curPos": "av"
                },
                {
                    "base": "君",
                    "pos": "名詞,代名詞,一般,*",
                    "pronunciation": "キミ",
                    "reading": "きみ",
                    "surface": "君",
                    "curPos": "/"
                },
                {
                    "base": "だけ",
                    "pos": "助詞,副助詞,*,*",
                    "pronunciation": "ダケ",
                    "reading": "",
                    "surface": "だけ",
                    "curPos": "av"
                },
                {
                    "base": "は",
                    "pos": "助詞,係助詞,*,*",
                    "pronunciation": "ワ",
                    "reading": "",
                    "surface": "は",
                    "curPos": "av"
                },
                {
                    "base": "僕",
                    "pos": "名詞,代名詞,一般,*",
                    "pronunciation": "ボク",
                    "reading": "ぼく",
                    "surface": "僕",
                    "curPos": "/"
                },
                {
                    "base": "に",
                    "pos": "助詞,格助詞,一般,*",
                    "pronunciation": "ニ",
                    "reading": "",
                    "surface": "に",
                    "curPos": "av"
                },
                {
                    "base": "もっと",
                    "pos": "副詞,一般,*,*",
                    "pronunciation": "モット",
                    "reading": "",
                    "surface": "もっと",
                    "curPos": "adv"
                },
                {
                    "base": "溺れる",
                    "pos": "動詞,自立,*,*",
                    "pronunciation": "オボレ",
                    "reading": "おぼれて",
                    "surface": "溺れて",
                    "curPos": "v"
                },
                {
                    "base": "よ",
                    "pos": "助詞,終助詞,*,*",
                    "pronunciation": "ヨ",
                    "reading": "",
                    "surface": "よ",
                    "curPos": "av"
                }
            ]
        },
        {
            "id": 11,
            "surface": "なんて言って 見つめ合って その本音を探してる",
            "words": [
                {
                    "base": "なんて",
                    "pos": "助詞,副助詞,*,*",
                    "pronunciation": "ナンテ",
                    "reading": "",
                    "surface": "なんて",
                    "curPos": "av"
                },
                {
                    "base": "言う",
                    "pos": "動詞,自立,*,*",
                    "pronunciation": "イッ",
                    "reading": "いって",
                    "surface": "言って",
                    "curPos": "v"
                },
                {
                    "base": "見つめる",
                    "pos": "動詞,自立,*,*",
                    "pronunciation": "ミツメ",
                    "reading": "みつめ",
                    "surface": "見つめ",
                    "curPos": "v"
                },
                {
                    "base": "合う",
                    "pos": "動詞,非自立,*,*",
                    "pronunciation": "アッ",
                    "reading": "あって",
                    "surface": "合って",
                    "curPos": "v"
                },
                {
                    "base": "その",
                    "pos": "連体詞,*,*,*",
                    "pronunciation": "ソノ",
                    "reading": "",
                    "surface": "その",
                    "curPos": "/"
                },
                {
                    "base": "本音",
                    "pos": "名詞,一般,*,*",
                    "pronunciation": "ホンネ",
                    "reading": "ほんね",
                    "surface": "本音",
                    "curPos": "n"
                },
                {
                    "base": "を",
                    "pos": "助詞,格助詞,一般,*",
                    "pronunciation": "ヲ",
                    "reading": "",
                    "surface": "を",
                    "curPos": "av"
                },
                {
                    "base": "探す",
                    "pos": "動詞,自立,*,*",
                    "pronunciation": "サガシ",
                    "reading": "さがし",
                    "surface": "探し",
                    "curPos": "v"
                },
                {
                    "base": "てる",
                    "pos": "動詞,非自立,*,*",
                    "pronunciation": "テル",
                    "reading": "",
                    "surface": "てる",
                    "curPos": "v"
                }
            ]
        },
        {
            "id": 12,
            "surface": "嘘じゃない 夢想じゃない 次は君のturnだ",
            "words": [
                {
                    "base": "嘘",
                    "pos": "名詞,一般,*,*",
                    "pronunciation": "ウソ",
                    "reading": "うそ",
                    "surface": "嘘",
                    "curPos": "n"
                },
                {
                    "base": "じゃ",
                    "pos": "助詞,副助詞,*,*",
                    "pronunciation": "ジャ",
                    "reading": "",
                    "surface": "じゃ",
                    "curPos": "av"
                },
                {
                    "base": "ない",
                    "pos": "助動詞,*,*,*",
                    "pronunciation": "ナイ",
                    "reading": "",
                    "surface": "ない",
                    "curPos": "mv"
                },
                {
                    "base": "夢想",
                    "pos": "名詞,サ変接続,*,*",
                    "pronunciation": "ムソー",
                    "reading": "むそう",
                    "surface": "夢想",
                    "curPos": "n"
                },
                {
                    "base": "じゃ",
                    "pos": "助詞,副助詞,*,*",
                    "pronunciation": "ジャ",
                    "reading": "",
                    "surface": "じゃ",
                    "curPos": "av"
                },
                {
                    "base": "ない",
                    "pos": "助動詞,*,*,*",
                    "pronunciation": "ナイ",
                    "reading": "",
                    "surface": "ない",
                    "curPos": "mv"
                },
                {
                    "base": "次",
                    "pos": "名詞,一般,*,*",
                    "pronunciation": "ツギ",
                    "reading": "つぎ",
                    "surface": "次",
                    "curPos": "n"
                },
                {
                    "base": "は",
                    "pos": "助詞,係助詞,*,*",
                    "pronunciation": "ワ",
                    "reading": "",
                    "surface": "は",
                    "curPos": "av"
                },
                {
                    "base": "君",
                    "pos": "名詞,代名詞,一般,*",
                    "pronunciation": "キミ",
                    "reading": "きみ",
                    "surface": "君",
                    "curPos": "/"
                },
                {
                    "base": "の",
                    "pos": "助詞,連体化,*,*",
                    "pronunciation": "ノ",
                    "reading": "",
                    "surface": "の",
                    "curPos": "av"
                },
                {
                    "base": "*",
                    "pos": "名詞,一般,*,*",
                    "pronunciation": "?",
                    "reading": "",
                    "surface": "turn",
                    "curPos": "n"
                },
                {
                    "base": "だ",
                    "pos": "助動詞,*,*,*",
                    "pronunciation": "ダ",
                    "reading": "",
                    "surface": "だ",
                    "curPos": "mv"
                }
            ]
        },
        {
            "id": 13,
            "surface": "目を逸らして何を想うの その心に",
            "words": [
                {
                    "base": "目",
                    "pos": "名詞,一般,*,*",
                    "pronunciation": "メ",
                    "reading": "め",
                    "surface": "目",
                    "curPos": "n"
                },
                {
                    "base": "を",
                    "pos": "助詞,格助詞,一般,*",
                    "pronunciation": "ヲ",
                    "reading": "",
                    "surface": "を",
                    "curPos": "av"
                },
                {
                    "base": "逸らす",
                    "pos": "動詞,自立,*,*",
                    "pronunciation": "ソラシ",
                    "reading": "そらして",
                    "surface": "逸らして",
                    "curPos": "v"
                },
                {
                    "base": "何",
                    "pos": "名詞,代名詞,一般,*",
                    "pronunciation": "ナニ",
                    "reading": "なに",
                    "surface": "何",
                    "curPos": "/"
                },
                {
                    "base": "を",
                    "pos": "助詞,格助詞,一般,*",
                    "pronunciation": "ヲ",
                    "reading": "",
                    "surface": "を",
                    "curPos": "av"
                },
                {
                    "base": "想う",
                    "pos": "動詞,自立,*,*",
                    "pronunciation": "オモウ",
                    "reading": "おもう",
                    "surface": "想う",
                    "curPos": "v"
                },
                {
                    "base": "の",
                    "pos": "助詞,終助詞,*,*",
                    "pronunciation": "ノ",
                    "reading": "",
                    "surface": "の",
                    "curPos": "av"
                },
                {
                    "base": "その",
                    "pos": "連体詞,*,*,*",
                    "pronunciation": "ソノ",
                    "reading": "",
                    "surface": "その",
                    "curPos": "/"
                },
                {
                    "base": "心",
                    "pos": "名詞,一般,*,*",
                    "pronunciation": "ココロ",
                    "reading": "こころ",
                    "surface": "心",
                    "curPos": "n"
                },
                {
                    "base": "に",
                    "pos": "助詞,格助詞,一般,*",
                    "pronunciation": "ニ",
                    "reading": "",
                    "surface": "に",
                    "curPos": "av"
                }
            ]
        },
        {
            "id": 14,
            "surface": "",
            "words": []
        },
        {
            "id": 15,
            "surface": "限界が鍛えられそう 大人ぶってみたScene",
            "words": [
                {
                    "base": "限界",
                    "pos": "名詞,一般,*,*",
                    "pronunciation": "ゲンカイ",
                    "reading": "げんかい",
                    "surface": "限界",
                    "curPos": "n"
                },
                {
                    "base": "が",
                    "pos": "助詞,格助詞,一般,*",
                    "pronunciation": "ガ",
                    "reading": "",
                    "surface": "が",
                    "curPos": "av"
                },
                {
                    "base": "鍛える",
                    "pos": "動詞,自立,*,*",
                    "pronunciation": "キタエ",
                    "reading": "きたえ",
                    "surface": "鍛え",
                    "curPos": "v"
                },
                {
                    "base": "られる",
                    "pos": "動詞,接尾,*,*",
                    "pronunciation": "ラレ",
                    "reading": "",
                    "surface": "られそう",
                    "curPos": "v"
                },
                {
                    "base": "大人ぶる",
                    "pos": "動詞,自立,*,*",
                    "pronunciation": "オトナブッ",
                    "reading": "おとなぶって",
                    "surface": "大人ぶって",
                    "curPos": "v"
                },
                {
                    "base": "みる",
                    "pos": "動詞,非自立,*,*",
                    "pronunciation": "ミ",
                    "reading": "",
                    "surface": "みた",
                    "curPos": "v"
                },
                {
                    "base": "*",
                    "pos": "名詞,固有名詞,組織,*",
                    "pronunciation": "?",
                    "reading": "",
                    "surface": "Scene",
                    "curPos": "n"
                }
            ]
        },
        {
            "id": 16,
            "surface": "視線は意味ありげ Boogie shaking 心覗いて",
            "words": [
                {
                    "base": "視線",
                    "pos": "名詞,一般,*,*",
                    "pronunciation": "シセン",
                    "reading": "しせん",
                    "surface": "視線",
                    "curPos": "n"
                },
                {
                    "base": "は",
                    "pos": "助詞,係助詞,*,*",
                    "pronunciation": "ワ",
                    "reading": "",
                    "surface": "は",
                    "curPos": "av"
                },
                {
                    "base": "意味",
                    "pos": "名詞,サ変接続,*,*",
                    "pronunciation": "イミ",
                    "reading": "いみ",
                    "surface": "意味",
                    "curPos": "n"
                },
                {
                    "base": "ある",
                    "pos": "動詞,自立,*,*",
                    "pronunciation": "アリ",
                    "reading": "",
                    "surface": "あり",
                    "curPos": "v"
                },
                {
                    "base": "げ",
                    "pos": "名詞,接尾,一般,*",
                    "pronunciation": "ゲ",
                    "reading": "",
                    "surface": "げ",
                    "left": true,
                    "curPos": "n"
                },
                {
                    "base": "*",
                    "pos": "名詞,固有名詞,組織,*",
                    "pronunciation": "?",
                    "reading": "",
                    "surface": "Boogie",
                    "curPos": "n"
                },
                {
                    "base": "*",
                    "pos": "名詞,固有名詞,組織,*",
                    "pronunciation": "?",
                    "reading": "",
                    "surface": "shaking",
                    "curPos": "n"
                },
                {
                    "base": "心",
                    "pos": "名詞,一般,*,*",
                    "pronunciation": "ココロ",
                    "reading": "こころ",
                    "surface": "心",
                    "curPos": "n"
                },
                {
                    "base": "覗く",
                    "pos": "動詞,自立,*,*",
                    "pronunciation": "ノゾイ",
                    "reading": "のぞいて",
                    "surface": "覗いて",
                    "curPos": "v"
                }
            ]
        },
        {
            "id": 17,
            "surface": "",
            "words": []
        },
        {
            "id": 18,
            "surface": "だいたいこんな順序で逃げ場なくなる",
            "words": [
                {
                    "base": "だいたい",
                    "pos": "副詞,一般,*,*",
                    "pronunciation": "ダイタイ",
                    "reading": "",
                    "surface": "だいたい",
                    "curPos": "adv"
                },
                {
                    "base": "こんな",
                    "pos": "連体詞,*,*,*",
                    "pronunciation": "コンナ",
                    "reading": "",
                    "surface": "こんな",
                    "curPos": "/"
                },
                {
                    "base": "順序",
                    "pos": "名詞,一般,*,*",
                    "pronunciation": "ジュンジョ",
                    "reading": "じゅんじょ",
                    "surface": "順序",
                    "curPos": "n"
                },
                {
                    "base": "で",
                    "pos": "助詞,格助詞,一般,*",
                    "pronunciation": "デ",
                    "reading": "",
                    "surface": "で",
                    "curPos": "av"
                },
                {
                    "base": "逃げ場",
                    "pos": "名詞,一般,*,*",
                    "pronunciation": "ニゲバ",
                    "reading": "にげば",
                    "surface": "逃げ場",
                    "curPos": "n"
                },
                {
                    "base": "ない",
                    "pos": "形容詞,自立,*,*",
                    "pronunciation": "ナク",
                    "reading": "",
                    "surface": "なく",
                    "curPos": "a"
                },
                {
                    "base": "なる",
                    "pos": "動詞,自立,*,*",
                    "pronunciation": "ナル",
                    "reading": "",
                    "surface": "なる",
                    "curPos": "v"
                }
            ]
        },
        {
            "id": 19,
            "surface": "たいてい自覚なし Everyone's gonna love tonight",
            "words": [
                {
                    "base": "たいてい",
                    "pos": "副詞,助詞類接続,*,*",
                    "pronunciation": "タイテイ",
                    "reading": "",
                    "surface": "たいてい",
                    "curPos": "adv"
                },
                {
                    "base": "自覚",
                    "pos": "名詞,サ変接続,*,*",
                    "pronunciation": "ジカク",
                    "reading": "じかく",
                    "surface": "自覚",
                    "curPos": "n"
                },
                {
                    "base": "ない",
                    "pos": "形容詞,自立,*,*",
                    "pronunciation": "ナシ",
                    "reading": "",
                    "surface": "なし",
                    "curPos": "a"
                },
                {
                    "base": "*",
                    "pos": "名詞,固有名詞,組織,*",
                    "pronunciation": "?",
                    "reading": "",
                    "surface": "Everyone",
                    "curPos": "n"
                },
                {
                    "base": "*",
                    "pos": "名詞,サ変接続,*,*",
                    "pronunciation": "?",
                    "reading": "",
                    "surface": "'",
                    "curPos": "n"
                },
                {
                    "base": "*",
                    "pos": "名詞,固有名詞,組織,*",
                    "pronunciation": "?",
                    "reading": "",
                    "surface": "s",
                    "curPos": "n"
                },
                {
                    "base": "*",
                    "pos": "名詞,固有名詞,組織,*",
                    "pronunciation": "?",
                    "reading": "",
                    "surface": "gonna",
                    "curPos": "n"
                },
                {
                    "base": "*",
                    "pos": "名詞,固有名詞,組織,*",
                    "pronunciation": "?",
                    "reading": "",
                    "surface": "love",
                    "curPos": "n"
                },
                {
                    "base": "*",
                    "pos": "名詞,固有名詞,組織,*",
                    "pronunciation": "?",
                    "reading": "",
                    "surface": "tonight",
                    "curPos": "n"
                }
            ]
        },
        {
            "id": 20,
            "surface": "",
            "words": []
        },
        {
            "id": 21,
            "surface": "本当は君の事が好きだって ただ言えるのなら単純だけど",
            "words": [
                {
                    "base": "本当は",
                    "pos": "副詞,一般,*,*",
                    "pronunciation": "ホントーワ",
                    "reading": "ほんとうは",
                    "surface": "本当は",
                    "curPos": "adv"
                },
                {
                    "base": "君",
                    "pos": "名詞,代名詞,一般,*",
                    "pronunciation": "キミ",
                    "reading": "きみ",
                    "surface": "君",
                    "curPos": "/"
                },
                {
                    "base": "の",
                    "pos": "助詞,連体化,*,*",
                    "pronunciation": "ノ",
                    "reading": "",
                    "surface": "の",
                    "curPos": "av"
                },
                {
                    "base": "事",
                    "pos": "名詞,非自立,一般,*",
                    "pronunciation": "コト",
                    "reading": "こと",
                    "surface": "事",
                    "curPos": "n"
                },
                {
                    "base": "が",
                    "pos": "助詞,格助詞,一般,*",
                    "pronunciation": "ガ",
                    "reading": "",
                    "surface": "が",
                    "curPos": "av"
                },
                {
                    "base": "好き",
                    "pos": "名詞,形容動詞語幹,*,*",
                    "pronunciation": "スキ",
                    "reading": "すき",
                    "surface": "好き",
                    "curPos": "n"
                },
                {
                    "base": "だって",
                    "pos": "助詞,副助詞,*,*",
                    "pronunciation": "ダッテ",
                    "reading": "",
                    "surface": "だって",
                    "curPos": "av"
                },
                {
                    "base": "ただ",
                    "pos": "接続詞,*,*,*",
                    "pronunciation": "タダ",
                    "reading": "",
                    "surface": "ただ",
                    "curPos": "/"
                },
                {
                    "base": "言える",
                    "pos": "動詞,自立,*,*",
                    "pronunciation": "イエル",
                    "reading": "いえる",
                    "surface": "言える",
                    "curPos": "v"
                },
                {
                    "base": "の",
                    "pos": "名詞,非自立,一般,*",
                    "pronunciation": "ノ",
                    "reading": "",
                    "surface": "の",
                    "curPos": "n"
                },
                {
                    "base": "だ",
                    "pos": "助動詞,*,*,*",
                    "pronunciation": "ナラ",
                    "reading": "",
                    "surface": "なら",
                    "curPos": "mv"
                },
                {
                    "base": "単純",
                    "pos": "名詞,形容動詞語幹,*,*",
                    "pronunciation": "タンジュン",
                    "reading": "たんじゅん",
                    "surface": "単純",
                    "curPos": "n"
                },
                {
                    "base": "だ",
                    "pos": "助動詞,*,*,*",
                    "pronunciation": "ダ",
                    "reading": "",
                    "surface": "だ",
                    "curPos": "mv"
                },
                {
                    "base": "けど",
                    "pos": "助詞,接続助詞,*,*",
                    "pronunciation": "ケド",
                    "reading": "",
                    "surface": "けど",
                    "curPos": "av"
                }
            ]
        },
        {
            "id": 22,
            "surface": "",
            "words": []
        },
        {
            "id": 23,
            "surface": "今だけは 君だけは 夢をもっと見させてよ",
            "words": [
                {
                    "base": "今",
                    "pos": "名詞,副詞可能,*,*",
                    "pronunciation": "イマ",
                    "reading": "いま",
                    "surface": "今",
                    "curPos": "n"
                },
                {
                    "base": "だけ",
                    "pos": "助詞,副助詞,*,*",
                    "pronunciation": "ダケ",
                    "reading": "",
                    "surface": "だけ",
                    "curPos": "av"
                },
                {
                    "base": "は",
                    "pos": "助詞,係助詞,*,*",
                    "pronunciation": "ワ",
                    "reading": "",
                    "surface": "は",
                    "curPos": "av"
                },
                {
                    "base": "君",
                    "pos": "名詞,代名詞,一般,*",
                    "pronunciation": "キミ",
                    "reading": "きみ",
                    "surface": "君",
                    "curPos": "/"
                },
                {
                    "base": "だけ",
                    "pos": "助詞,副助詞,*,*",
                    "pronunciation": "ダケ",
                    "reading": "",
                    "surface": "だけ",
                    "curPos": "av"
                },
                {
                    "base": "は",
                    "pos": "助詞,係助詞,*,*",
                    "pronunciation": "ワ",
                    "reading": "",
                    "surface": "は",
                    "curPos": "av"
                },
                {
                    "base": "夢",
                    "pos": "名詞,一般,*,*",
                    "pronunciation": "ユメ",
                    "reading": "ゆめ",
                    "surface": "夢",
                    "curPos": "n"
                },
                {
                    "base": "を",
                    "pos": "助詞,格助詞,一般,*",
                    "pronunciation": "ヲ",
                    "reading": "",
                    "surface": "を",
                    "curPos": "av"
                },
                {
                    "base": "もっと",
                    "pos": "副詞,一般,*,*",
                    "pronunciation": "モット",
                    "reading": "",
                    "surface": "もっと",
                    "curPos": "adv"
                },
                {
                    "base": "見る",
                    "pos": "動詞,自立,*,*",
                    "pronunciation": "ミ",
                    "reading": "み",
                    "surface": "見",
                    "curPos": "v"
                },
                {
                    "base": "させる",
                    "pos": "動詞,接尾,*,*",
                    "pronunciation": "サセ",
                    "reading": "",
                    "surface": "させて",
                    "curPos": "v"
                },
                {
                    "base": "よ",
                    "pos": "助詞,終助詞,*,*",
                    "pronunciation": "ヨ",
                    "reading": "",
                    "surface": "よ",
                    "curPos": "av"
                }
            ]
        },
        {
            "id": 24,
            "surface": "なんて言って 隣合って 後の言葉が出てこない",
            "words": [
                {
                    "base": "なんて",
                    "pos": "助詞,副助詞,*,*",
                    "pronunciation": "ナンテ",
                    "reading": "",
                    "surface": "なんて",
                    "curPos": "av"
                },
                {
                    "base": "言う",
                    "pos": "動詞,自立,*,*",
                    "pronunciation": "イッ",
                    "reading": "いって",
                    "surface": "言って",
                    "curPos": "v"
                },
                {
                    "base": "隣合う",
                    "pos": "動詞,自立,*,*",
                    "pronunciation": "トナリアッ",
                    "reading": "となりあって",
                    "surface": "隣合って",
                    "curPos": "v"
                },
                {
                    "base": "後",
                    "pos": "名詞,接尾,副詞可能,*",
                    "pronunciation": "ゴ",
                    "reading": "ご",
                    "surface": "後",
                    "left": true,
                    "curPos": "n"
                },
                {
                    "base": "の",
                    "pos": "助詞,連体化,*,*",
                    "pronunciation": "ノ",
                    "reading": "",
                    "surface": "の",
                    "curPos": "av"
                },
                {
                    "base": "言葉",
                    "pos": "名詞,一般,*,*",
                    "pronunciation": "コトバ",
                    "reading": "ことば",
                    "surface": "言葉",
                    "curPos": "n"
                },
                {
                    "base": "が",
                    "pos": "助詞,格助詞,一般,*",
                    "pronunciation": "ガ",
                    "reading": "",
                    "surface": "が",
                    "curPos": "av"
                },
                {
                    "base": "出る",
                    "pos": "動詞,自立,*,*",
                    "pronunciation": "デ",
                    "reading": "でて",
                    "surface": "出て",
                    "curPos": "v"
                },
                {
                    "base": "くる",
                    "pos": "動詞,非自立,*,*",
                    "pronunciation": "コ",
                    "reading": "",
                    "surface": "こない",
                    "curPos": "v"
                }
            ]
        },
        {
            "id": 25,
            "surface": "感じたい 触れてたい 次は僕のTurnだ",
            "words": [
                {
                    "base": "感じる",
                    "pos": "動詞,自立,*,*",
                    "pronunciation": "カンジ",
                    "reading": "かんじたい",
                    "surface": "感じたい",
                    "curPos": "v"
                },
                {
                    "base": "触れる",
                    "pos": "動詞,自立,*,*",
                    "pronunciation": "フレ",
                    "reading": "ふれてたい",
                    "surface": "触れてたい",
                    "curPos": "v"
                },
                {
                    "base": "次",
                    "pos": "名詞,一般,*,*",
                    "pronunciation": "ツギ",
                    "reading": "つぎ",
                    "surface": "次",
                    "curPos": "n"
                },
                {
                    "base": "は",
                    "pos": "助詞,係助詞,*,*",
                    "pronunciation": "ワ",
                    "reading": "",
                    "surface": "は",
                    "curPos": "av"
                },
                {
                    "base": "僕",
                    "pos": "名詞,代名詞,一般,*",
                    "pronunciation": "ボク",
                    "reading": "ぼく",
                    "surface": "僕",
                    "curPos": "/"
                },
                {
                    "base": "の",
                    "pos": "助詞,連体化,*,*",
                    "pronunciation": "ノ",
                    "reading": "",
                    "surface": "の",
                    "curPos": "av"
                },
                {
                    "base": "*",
                    "pos": "名詞,一般,*,*",
                    "pronunciation": "?",
                    "reading": "",
                    "surface": "Turn",
                    "curPos": "n"
                },
                {
                    "base": "だ",
                    "pos": "助動詞,*,*,*",
                    "pronunciation": "ダ",
                    "reading": "",
                    "surface": "だ",
                    "curPos": "mv"
                }
            ]
        },
        {
            "id": 26,
            "surface": "そっと黙って今覚悟する 時は満ちた",
            "words": [
                {
                    "base": "そっと",
                    "pos": "副詞,一般,*,*",
                    "pronunciation": "ソット",
                    "reading": "",
                    "surface": "そっと",
                    "curPos": "adv"
                },
                {
                    "base": "黙る",
                    "pos": "動詞,自立,*,*",
                    "pronunciation": "ダマッ",
                    "reading": "だまって",
                    "surface": "黙って",
                    "curPos": "v"
                },
                {
                    "base": "今",
                    "pos": "接頭詞,名詞接続,*,*",
                    "pronunciation": "コン",
                    "reading": "こん",
                    "surface": "今",
                    "curPos": "/"
                },
                {
                    "base": "覚悟",
                    "pos": "名詞,サ変接続,*,*",
                    "pronunciation": "カクゴ",
                    "reading": "かくご",
                    "surface": "覚悟",
                    "curPos": "n"
                },
                {
                    "base": "する",
                    "pos": "動詞,自立,*,*",
                    "pronunciation": "スル",
                    "reading": "",
                    "surface": "する",
                    "curPos": "v"
                },
                {
                    "base": "時",
                    "pos": "名詞,一般,*,*",
                    "pronunciation": "トキ",
                    "reading": "とき",
                    "surface": "時",
                    "curPos": "n"
                },
                {
                    "base": "は",
                    "pos": "助詞,係助詞,*,*",
                    "pronunciation": "ワ",
                    "reading": "",
                    "surface": "は",
                    "curPos": "av"
                },
                {
                    "base": "満ちる",
                    "pos": "動詞,自立,*,*",
                    "pronunciation": "ミチ",
                    "reading": "みちた",
                    "surface": "満ちた",
                    "curPos": "v"
                }
            ]
        },
        {
            "id": 27,
            "surface": "",
            "words": []
        },
        {
            "id": 28,
            "surface": "Are you ready? 騙しきれないその想いまた",
            "words": [
                {
                    "base": "*",
                    "pos": "名詞,固有名詞,組織,*",
                    "pronunciation": "?",
                    "reading": "",
                    "surface": "Are",
                    "curPos": "n"
                },
                {
                    "base": "*",
                    "pos": "名詞,固有名詞,組織,*",
                    "pronunciation": "?",
                    "reading": "",
                    "surface": "you",
                    "curPos": "n"
                },
                {
                    "base": "*",
                    "pos": "名詞,固有名詞,組織,*",
                    "pronunciation": "?",
                    "reading": "",
                    "surface": "ready",
                    "curPos": "n"
                },
                {
                    "base": "*",
                    "pos": "名詞,サ変接続,*,*",
                    "pronunciation": "?",
                    "reading": "",
                    "surface": "?",
                    "curPos": "n"
                },
                {
                    "base": "騙す",
                    "pos": "動詞,自立,*,*",
                    "pronunciation": "ダマシ",
                    "reading": "だまし",
                    "surface": "騙し",
                    "curPos": "v"
                },
                {
                    "base": "きれる",
                    "pos": "動詞,非自立,*,*",
                    "pronunciation": "キレ",
                    "reading": "",
                    "surface": "きれない",
                    "curPos": "v"
                },
                {
                    "base": "その",
                    "pos": "連体詞,*,*,*",
                    "pronunciation": "ソノ",
                    "reading": "",
                    "surface": "その",
                    "curPos": "/"
                },
                {
                    "base": "想い",
                    "pos": "名詞,一般,*,*",
                    "pronunciation": "オモイ",
                    "reading": "おもい",
                    "surface": "想い",
                    "curPos": "n"
                },
                {
                    "base": "また",
                    "pos": "接続詞,*,*,*",
                    "pronunciation": "マタ",
                    "reading": "",
                    "surface": "また",
                    "curPos": "/"
                }
            ]
        },
        {
            "id": 29,
            "surface": "Are you ready? 僕はそっと自分に隠して",
            "words": [
                {
                    "base": "*",
                    "pos": "名詞,固有名詞,組織,*",
                    "pronunciation": "?",
                    "reading": "",
                    "surface": "Are",
                    "curPos": "n"
                },
                {
                    "base": "*",
                    "pos": "名詞,固有名詞,組織,*",
                    "pronunciation": "?",
                    "reading": "",
                    "surface": "you",
                    "curPos": "n"
                },
                {
                    "base": "*",
                    "pos": "名詞,固有名詞,組織,*",
                    "pronunciation": "?",
                    "reading": "",
                    "surface": "ready",
                    "curPos": "n"
                },
                {
                    "base": "*",
                    "pos": "名詞,サ変接続,*,*",
                    "pronunciation": "?",
                    "reading": "",
                    "surface": "?",
                    "curPos": "n"
                },
                {
                    "base": "僕",
                    "pos": "名詞,代名詞,一般,*",
                    "pronunciation": "ボク",
                    "reading": "ぼく",
                    "surface": "僕",
                    "curPos": "/"
                },
                {
                    "base": "は",
                    "pos": "助詞,係助詞,*,*",
                    "pronunciation": "ワ",
                    "reading": "",
                    "surface": "は",
                    "curPos": "av"
                },
                {
                    "base": "そっと",
                    "pos": "副詞,一般,*,*",
                    "pronunciation": "ソット",
                    "reading": "",
                    "surface": "そっと",
                    "curPos": "adv"
                },
                {
                    "base": "自分",
                    "pos": "名詞,一般,*,*",
                    "pronunciation": "ジブン",
                    "reading": "じぶん",
                    "surface": "自分",
                    "curPos": "n"
                },
                {
                    "base": "に",
                    "pos": "助詞,格助詞,一般,*",
                    "pronunciation": "ニ",
                    "reading": "",
                    "surface": "に",
                    "curPos": "av"
                },
                {
                    "base": "隠す",
                    "pos": "動詞,自立,*,*",
                    "pronunciation": "カクシ",
                    "reading": "かくして",
                    "surface": "隠して",
                    "curPos": "v"
                }
            ]
        },
        {
            "id": 30,
            "surface": "Are you ready? Are you ready?",
            "words": [
                {
                    "base": "*",
                    "pos": "名詞,固有名詞,組織,*",
                    "pronunciation": "?",
                    "reading": "",
                    "surface": "Are",
                    "curPos": "n"
                },
                {
                    "base": "*",
                    "pos": "名詞,固有名詞,組織,*",
                    "pronunciation": "?",
                    "reading": "",
                    "surface": "you",
                    "curPos": "n"
                },
                {
                    "base": "*",
                    "pos": "名詞,固有名詞,組織,*",
                    "pronunciation": "?",
                    "reading": "",
                    "surface": "ready",
                    "curPos": "n"
                },
                {
                    "base": "*",
                    "pos": "名詞,サ変接続,*,*",
                    "pronunciation": "?",
                    "reading": "",
                    "surface": "?",
                    "curPos": "n"
                },
                {
                    "base": "*",
                    "pos": "名詞,固有名詞,組織,*",
                    "pronunciation": "?",
                    "reading": "",
                    "surface": "Are",
                    "curPos": "n"
                },
                {
                    "base": "*",
                    "pos": "名詞,固有名詞,組織,*",
                    "pronunciation": "?",
                    "reading": "",
                    "surface": "you",
                    "curPos": "n"
                },
                {
                    "base": "*",
                    "pos": "名詞,固有名詞,組織,*",
                    "pronunciation": "?",
                    "reading": "",
                    "surface": "ready",
                    "curPos": "n"
                },
                {
                    "base": "*",
                    "pos": "名詞,サ変接続,*,*",
                    "pronunciation": "?",
                    "reading": "",
                    "surface": "?",
                    "curPos": "n"
                }
            ]
        },
        {
            "id": 31,
            "surface": "\"嘘かマコトか 鏡写しのFace\" Are you ready?",
            "words": [
                {
                    "base": "*",
                    "pos": "名詞,サ変接続,*,*",
                    "pronunciation": "?",
                    "reading": "",
                    "surface": "\"",
                    "curPos": "n"
                },
                {
                    "base": "嘘",
                    "pos": "名詞,一般,*,*",
                    "pronunciation": "ウソ",
                    "reading": "うそ",
                    "surface": "嘘",
                    "curPos": "n"
                },
                {
                    "base": "か",
                    "pos": "助詞,副助詞／並立助詞／終助詞,*,*",
                    "pronunciation": "カ",
                    "reading": "",
                    "surface": "か",
                    "curPos": "av"
                },
                {
                    "base": "マコト",
                    "pos": "名詞,固有名詞,人名,名",
                    "pronunciation": "マコト",
                    "reading": "",
                    "surface": "マコト",
                    "curPos": "/"
                },
                {
                    "base": "か",
                    "pos": "助詞,副助詞／並立助詞／終助詞,*,*",
                    "pronunciation": "カ",
                    "reading": "",
                    "surface": "か",
                    "curPos": "av"
                },
                {
                    "base": "鏡",
                    "pos": "名詞,一般,*,*",
                    "pronunciation": "カガミ",
                    "reading": "かがみ",
                    "surface": "鏡",
                    "curPos": "n"
                },
                {
                    "base": "写し",
                    "pos": "名詞,一般,*,*",
                    "pronunciation": "ウツシ",
                    "reading": "うつし",
                    "surface": "写し",
                    "curPos": "n"
                },
                {
                    "base": "の",
                    "pos": "助詞,連体化,*,*",
                    "pronunciation": "ノ",
                    "reading": "",
                    "surface": "の",
                    "curPos": "av"
                },
                {
                    "base": "*",
                    "pos": "名詞,一般,*,*",
                    "pronunciation": "?",
                    "reading": "",
                    "surface": "Face",
                    "curPos": "n"
                },
                {
                    "base": "*",
                    "pos": "名詞,サ変接続,*,*",
                    "pronunciation": "?",
                    "reading": "",
                    "surface": "\"",
                    "curPos": "n"
                },
                {
                    "base": "*",
                    "pos": "名詞,固有名詞,組織,*",
                    "pronunciation": "?",
                    "reading": "",
                    "surface": "Are",
                    "curPos": "n"
                },
                {
                    "base": "*",
                    "pos": "名詞,固有名詞,組織,*",
                    "pronunciation": "?",
                    "reading": "",
                    "surface": "you",
                    "curPos": "n"
                },
                {
                    "base": "*",
                    "pos": "名詞,固有名詞,組織,*",
                    "pronunciation": "?",
                    "reading": "",
                    "surface": "ready",
                    "curPos": "n"
                },
                {
                    "base": "*",
                    "pos": "名詞,サ変接続,*,*",
                    "pronunciation": "?",
                    "reading": "",
                    "surface": "?",
                    "curPos": "n"
                }
            ]
        },
        {
            "id": 32,
            "surface": "Are you ready?",
            "words": [
                {
                    "base": "*",
                    "pos": "名詞,固有名詞,組織,*",
                    "pronunciation": "?",
                    "reading": "",
                    "surface": "Are",
                    "curPos": "n"
                },
                {
                    "base": "*",
                    "pos": "名詞,固有名詞,組織,*",
                    "pronunciation": "?",
                    "reading": "",
                    "surface": "you",
                    "curPos": "n"
                },
                {
                    "base": "*",
                    "pos": "名詞,固有名詞,組織,*",
                    "pronunciation": "?",
                    "reading": "",
                    "surface": "ready",
                    "curPos": "n"
                },
                {
                    "base": "*",
                    "pos": "名詞,サ変接続,*,*",
                    "pronunciation": "?",
                    "reading": "",
                    "surface": "?",
                    "curPos": "n"
                }
            ]
        },
        {
            "id": 33,
            "surface": "",
            "words": []
        },
        {
            "id": 34,
            "surface": "今だけは 君だけは 僕にもっと溺れてよ",
            "words": [
                {
                    "base": "今",
                    "pos": "名詞,副詞可能,*,*",
                    "pronunciation": "イマ",
                    "reading": "いま",
                    "surface": "今",
                    "curPos": "n"
                },
                {
                    "base": "だけ",
                    "pos": "助詞,副助詞,*,*",
                    "pronunciation": "ダケ",
                    "reading": "",
                    "surface": "だけ",
                    "curPos": "av"
                },
                {
                    "base": "は",
                    "pos": "助詞,係助詞,*,*",
                    "pronunciation": "ワ",
                    "reading": "",
                    "surface": "は",
                    "curPos": "av"
                },
                {
                    "base": "君",
                    "pos": "名詞,代名詞,一般,*",
                    "pronunciation": "キミ",
                    "reading": "きみ",
                    "surface": "君",
                    "curPos": "/"
                },
                {
                    "base": "だけ",
                    "pos": "助詞,副助詞,*,*",
                    "pronunciation": "ダケ",
                    "reading": "",
                    "surface": "だけ",
                    "curPos": "av"
                },
                {
                    "base": "は",
                    "pos": "助詞,係助詞,*,*",
                    "pronunciation": "ワ",
                    "reading": "",
                    "surface": "は",
                    "curPos": "av"
                },
                {
                    "base": "僕",
                    "pos": "名詞,代名詞,一般,*",
                    "pronunciation": "ボク",
                    "reading": "ぼく",
                    "surface": "僕",
                    "curPos": "/"
                },
                {
                    "base": "に",
                    "pos": "助詞,格助詞,一般,*",
                    "pronunciation": "ニ",
                    "reading": "",
                    "surface": "に",
                    "curPos": "av"
                },
                {
                    "base": "もっと",
                    "pos": "副詞,一般,*,*",
                    "pronunciation": "モット",
                    "reading": "",
                    "surface": "もっと",
                    "curPos": "adv"
                },
                {
                    "base": "溺れる",
                    "pos": "動詞,自立,*,*",
                    "pronunciation": "オボレ",
                    "reading": "おぼれて",
                    "surface": "溺れて",
                    "curPos": "v"
                },
                {
                    "base": "よ",
                    "pos": "助詞,終助詞,*,*",
                    "pronunciation": "ヨ",
                    "reading": "",
                    "surface": "よ",
                    "curPos": "av"
                }
            ]
        },
        {
            "id": 35,
            "surface": "なんて言って 見つめ合って その本音を探してる",
            "words": [
                {
                    "base": "なんて",
                    "pos": "助詞,副助詞,*,*",
                    "pronunciation": "ナンテ",
                    "reading": "",
                    "surface": "なんて",
                    "curPos": "av"
                },
                {
                    "base": "言う",
                    "pos": "動詞,自立,*,*",
                    "pronunciation": "イッ",
                    "reading": "いって",
                    "surface": "言って",
                    "curPos": "v"
                },
                {
                    "base": "見つめる",
                    "pos": "動詞,自立,*,*",
                    "pronunciation": "ミツメ",
                    "reading": "みつめ",
                    "surface": "見つめ",
                    "curPos": "v"
                },
                {
                    "base": "合う",
                    "pos": "動詞,非自立,*,*",
                    "pronunciation": "アッ",
                    "reading": "あって",
                    "surface": "合って",
                    "curPos": "v"
                },
                {
                    "base": "その",
                    "pos": "連体詞,*,*,*",
                    "pronunciation": "ソノ",
                    "reading": "",
                    "surface": "その",
                    "curPos": "/"
                },
                {
                    "base": "本音",
                    "pos": "名詞,一般,*,*",
                    "pronunciation": "ホンネ",
                    "reading": "ほんね",
                    "surface": "本音",
                    "curPos": "n"
                },
                {
                    "base": "を",
                    "pos": "助詞,格助詞,一般,*",
                    "pronunciation": "ヲ",
                    "reading": "",
                    "surface": "を",
                    "curPos": "av"
                },
                {
                    "base": "探す",
                    "pos": "動詞,自立,*,*",
                    "pronunciation": "サガシ",
                    "reading": "さがし",
                    "surface": "探し",
                    "curPos": "v"
                },
                {
                    "base": "てる",
                    "pos": "動詞,非自立,*,*",
                    "pronunciation": "テル",
                    "reading": "",
                    "surface": "てる",
                    "curPos": "v"
                }
            ]
        },
        {
            "id": 36,
            "surface": "嘘じゃない 夢想じゃない 次は君のTurnだ",
            "words": [
                {
                    "base": "嘘",
                    "pos": "名詞,一般,*,*",
                    "pronunciation": "ウソ",
                    "reading": "うそ",
                    "surface": "嘘",
                    "curPos": "n"
                },
                {
                    "base": "じゃ",
                    "pos": "助詞,副助詞,*,*",
                    "pronunciation": "ジャ",
                    "reading": "",
                    "surface": "じゃ",
                    "curPos": "av"
                },
                {
                    "base": "ない",
                    "pos": "助動詞,*,*,*",
                    "pronunciation": "ナイ",
                    "reading": "",
                    "surface": "ない",
                    "curPos": "mv"
                },
                {
                    "base": "夢想",
                    "pos": "名詞,サ変接続,*,*",
                    "pronunciation": "ムソー",
                    "reading": "むそう",
                    "surface": "夢想",
                    "curPos": "n"
                },
                {
                    "base": "じゃ",
                    "pos": "助詞,副助詞,*,*",
                    "pronunciation": "ジャ",
                    "reading": "",
                    "surface": "じゃ",
                    "curPos": "av"
                },
                {
                    "base": "ない",
                    "pos": "助動詞,*,*,*",
                    "pronunciation": "ナイ",
                    "reading": "",
                    "surface": "ない",
                    "curPos": "mv"
                },
                {
                    "base": "次",
                    "pos": "名詞,一般,*,*",
                    "pronunciation": "ツギ",
                    "reading": "つぎ",
                    "surface": "次",
                    "curPos": "n"
                },
                {
                    "base": "は",
                    "pos": "助詞,係助詞,*,*",
                    "pronunciation": "ワ",
                    "reading": "",
                    "surface": "は",
                    "curPos": "av"
                },
                {
                    "base": "君",
                    "pos": "名詞,代名詞,一般,*",
                    "pronunciation": "キミ",
                    "reading": "きみ",
                    "surface": "君",
                    "curPos": "/"
                },
                {
                    "base": "の",
                    "pos": "助詞,連体化,*,*",
                    "pronunciation": "ノ",
                    "reading": "",
                    "surface": "の",
                    "curPos": "av"
                },
                {
                    "base": "*",
                    "pos": "名詞,一般,*,*",
                    "pronunciation": "?",
                    "reading": "",
                    "surface": "Turn",
                    "curPos": "n"
                },
                {
                    "base": "だ",
                    "pos": "助動詞,*,*,*",
                    "pronunciation": "ダ",
                    "reading": "",
                    "surface": "だ",
                    "curPos": "mv"
                }
            ]
        },
        {
            "id": 37,
            "surface": "目を逸らして何を思うの その心に",
            "words": [
                {
                    "base": "目",
                    "pos": "名詞,一般,*,*",
                    "pronunciation": "メ",
                    "reading": "め",
                    "surface": "目",
                    "curPos": "n"
                },
                {
                    "base": "を",
                    "pos": "助詞,格助詞,一般,*",
                    "pronunciation": "ヲ",
                    "reading": "",
                    "surface": "を",
                    "curPos": "av"
                },
                {
                    "base": "逸らす",
                    "pos": "動詞,自立,*,*",
                    "pronunciation": "ソラシ",
                    "reading": "そらして",
                    "surface": "逸らして",
                    "curPos": "v"
                },
                {
                    "base": "何",
                    "pos": "名詞,代名詞,一般,*",
                    "pronunciation": "ナニ",
                    "reading": "なに",
                    "surface": "何",
                    "curPos": "/"
                },
                {
                    "base": "を",
                    "pos": "助詞,格助詞,一般,*",
                    "pronunciation": "ヲ",
                    "reading": "",
                    "surface": "を",
                    "curPos": "av"
                },
                {
                    "base": "思う",
                    "pos": "動詞,自立,*,*",
                    "pronunciation": "オモウ",
                    "reading": "おもう",
                    "surface": "思う",
                    "curPos": "v"
                },
                {
                    "base": "の",
                    "pos": "助詞,終助詞,*,*",
                    "pronunciation": "ノ",
                    "reading": "",
                    "surface": "の",
                    "curPos": "av"
                },
                {
                    "base": "その",
                    "pos": "連体詞,*,*,*",
                    "pronunciation": "ソノ",
                    "reading": "",
                    "surface": "その",
                    "curPos": "/"
                },
                {
                    "base": "心",
                    "pos": "名詞,一般,*,*",
                    "pronunciation": "ココロ",
                    "reading": "こころ",
                    "surface": "心",
                    "curPos": "n"
                },
                {
                    "base": "に",
                    "pos": "助詞,格助詞,一般,*",
                    "pronunciation": "ニ",
                    "reading": "",
                    "surface": "に",
                    "curPos": "av"
                }
            ]
        },
        {
            "id": 38,
            "surface": "",
            "words": []
        }
    ],
    "pureLrc": [
        "躊躇して見せてるだけ? 目と目が合うのはSign",
        "もっと知りたいなんて Boogie shaking 僕を惑わす",
        "そんなに照れたりしたら 勘違いしてしまうよ",
        "No way, no way ずるいね Boogie shaking 心ざわつく",
        "",
        "だいたいこんな順序で恋は始まる",
        "たいてい夢のまま Everything's gonna be in vain",
        "",
        "本当はこんなはずじゃないんだって 戻れなくなってはまた叫ぶのに",
        "",
        "今だけは 君だけは 僕にもっと溺れてよ",
        "なんて言って 見つめ合って その本音を探してる",
        "嘘じゃない 夢想じゃない 次は君のturnだ",
        "目を逸らして何を想うの その心に",
        "",
        "限界が鍛えられそう 大人ぶってみたScene",
        "視線は意味ありげ Boogie shaking 心覗いて",
        "",
        "だいたいこんな順序で逃げ場なくなる",
        "たいてい自覚なし Everyone's gonna love tonight",
        "",
        "本当は君の事が好きだって ただ言えるのなら単純だけど",
        "",
        "今だけは 君だけは 夢をもっと見させてよ",
        "なんて言って 隣合って 後の言葉が出てこない",
        "感じたい 触れてたい 次は僕のTurnだ",
        "そっと黙って今覚悟する 時は満ちた",
        "",
        "Are you ready? 騙しきれないその想いまた",
        "Are you ready? 僕はそっと自分に隠して",
        "Are you ready? Are you ready?",
        "\"嘘かマコトか 鏡写しのFace\" Are you ready?",
        "Are you ready?",
        "",
        "今だけは 君だけは 僕にもっと溺れてよ",
        "なんて言って 見つめ合って その本音を探してる",
        "嘘じゃない 夢想じゃない 次は君のTurnだ",
        "目を逸らして何を思うの その心に",
        ""
    ]
}