{
    "name": "OUR FUTURE",
    "artist": [
        "Hey! Say! JUMP"
    ],
    "producer": [
        {
            "label": "作詞",
            "value": [
                "亜美"
            ]
        },
        {
            "label": "作曲",
            "value": [
                "重永亮介"
            ]
        }
    ],
    "lrc": [
        {
            "id": 0,
            "surface": "Everybody, stand up! そうだ All right",
            "words": []
        },
        {
            "id": 1,
            "surface": "昨日のミスは この際 バイバイ",
            "words": []
        },
        {
            "id": 2,
            "surface": "下を向くのはもったいナイナイ",
            "words": []
        },
        {
            "id": 3,
            "surface": "眩しい明日に早く気づいて",
            "words": []
        },
        {
            "id": 4,
            "surface": "雲にまたがり Show you こう言う",
            "words": []
        },
        {
            "id": 5,
            "surface": "“世界は壮大” Hear me Hear me",
            "words": []
        },
        {
            "id": 6,
            "surface": "嘘ではないよ なんて最高のWorld",
            "words": []
        },
        {
            "id": 7,
            "surface": "I will be there for you. It's beautiful...",
            "words": []
        },
        {
            "id": 8,
            "surface": "希望が煌めく",
            "words": []
        },
        {
            "id": 9,
            "surface": "雲の上から見下ろした OUR FUTURE",
            "words": []
        },
        {
            "id": 10,
            "surface": "Turn around 新しい風に乗り出会った僕ら",
            "words": []
        },
        {
            "id": 11,
            "surface": "Shiny day 目的だけは心共にしたら",
            "words": []
        },
        {
            "id": 12,
            "surface": "それぞれの未来まで 迷い無く駆け抜ける",
            "words": []
        },
        {
            "id": 13,
            "surface": "I will be there for you. It's beautiful...",
            "words": []
        },
        {
            "id": 14,
            "surface": "希望が煌めく",
            "words": []
        },
        {
            "id": 15,
            "surface": "言葉さえいらないほど奇麗だね",
            "words": []
        },
        {
            "id": 16,
            "surface": "肩並べ 見とれてる",
            "words": []
        },
        {
            "id": 17,
            "surface": "この世界と",
            "words": []
        },
        {
            "id": 18,
            "surface": "雲の上から見下ろした OUR FUTURE",
            "words": []
        },
        {
            "id": 19,
            "surface": "Sunny day 焼け付く太陽に明日を照らされ",
            "words": []
        },
        {
            "id": 20,
            "surface": "Rainy day 雨粒がキラリ ダイヤに変わるよ",
            "words": []
        },
        {
            "id": 21,
            "surface": "騒ぎだす心に 眩しく虹をかける",
            "words": []
        },
        {
            "id": 22,
            "surface": "I will be there for you. It's wonderful...",
            "words": []
        },
        {
            "id": 23,
            "surface": "無限の夢人",
            "words": []
        },
        {
            "id": 24,
            "surface": "咲き誇るその花 僕には見える",
            "words": []
        },
        {
            "id": 25,
            "surface": "抱きしめた 未来図に",
            "words": []
        },
        {
            "id": 26,
            "surface": "色をつけて",
            "words": []
        },
        {
            "id": 27,
            "surface": "雲の上から見下ろした OUR FUTURE",
            "words": []
        },
        {
            "id": 28,
            "surface": "消さないで 過去からの贈り物",
            "words": []
        },
        {
            "id": 29,
            "surface": "輝くこの大地は 永久の宝物",
            "words": []
        },
        {
            "id": 30,
            "surface": "I will be there for you. It's beautiful...",
            "words": []
        },
        {
            "id": 31,
            "surface": "希望が煌めく",
            "words": []
        },
        {
            "id": 32,
            "surface": "言葉さえいらないほど奇麗だね",
            "words": []
        },
        {
            "id": 33,
            "surface": "肩並べ 見とれてる",
            "words": []
        },
        {
            "id": 34,
            "surface": "この世界と",
            "words": []
        },
        {
            "id": 35,
            "surface": "雲の上から見下ろした OUR FUTURE",
            "words": []
        },
        {
            "id": 36,
            "surface": "",
            "words": []
        }
    ],
    "pureLrc": [
        "Everybody, stand up! そうだ All right",
        "昨日のミスは この際 バイバイ",
        "下を向くのはもったいナイナイ",
        "眩しい明日に早く気づいて",
        "雲にまたがり Show you こう言う",
        "“世界は壮大” Hear me Hear me",
        "嘘ではないよ なんて最高のWorld",
        "I will be there for you. It's beautiful...",
        "希望が煌めく",
        "雲の上から見下ろした OUR FUTURE",
        "Turn around 新しい風に乗り出会った僕ら",
        "Shiny day 目的だけは心共にしたら",
        "それぞれの未来まで 迷い無く駆け抜ける",
        "I will be there for you. It's beautiful...",
        "希望が煌めく",
        "言葉さえいらないほど奇麗だね",
        "肩並べ 見とれてる",
        "この世界と",
        "雲の上から見下ろした OUR FUTURE",
        "Sunny day 焼け付く太陽に明日を照らされ",
        "Rainy day 雨粒がキラリ ダイヤに変わるよ",
        "騒ぎだす心に 眩しく虹をかける",
        "I will be there for you. It's wonderful...",
        "無限の夢人",
        "咲き誇るその花 僕には見える",
        "抱きしめた 未来図に",
        "色をつけて",
        "雲の上から見下ろした OUR FUTURE",
        "消さないで 過去からの贈り物",
        "輝くこの大地は 永久の宝物",
        "I will be there for you. It's beautiful...",
        "希望が煌めく",
        "言葉さえいらないほど奇麗だね",
        "肩並べ 見とれてる",
        "この世界と",
        "雲の上から見下ろした OUR FUTURE",
        ""
    ]
}