{
    "name": "OVER THE TOP",
    "artist": [
        "Hey! Say! JUMP"
    ],
    "producer": [
        {
            "label": "作詞",
            "value": [
                "twelvelayers"
            ]
        },
        {
            "label": "作曲",
            "value": [
                "twelvelayers"
            ]
        }
    ],
    "lrc": [
        {
            "id": 0,
            "surface": "Love is alive さあ行こうぜ",
            "words": []
        },
        {
            "id": 1,
            "surface": "最果ての向こうへ 時は待っててはくれない",
            "words": []
        },
        {
            "id": 2,
            "surface": "Now is the time 誰だって 震えながら前へ 心にかけたカギ解き放て",
            "words": []
        },
        {
            "id": 3,
            "surface": "どんなに現在(いま)を愛しく思っても 真実(こたえ)を探す旅は続くから",
            "words": []
        },
        {
            "id": 4,
            "surface": "錆び付く理想は脱ぎ捨てて進め",
            "words": []
        },
        {
            "id": 5,
            "surface": "高らかに手を叩け もっともっともっと (Oh Baby)",
            "words": []
        },
        {
            "id": 6,
            "surface": "過去から永遠(とわ)を紐解いて (So Let's go)",
            "words": []
        },
        {
            "id": 7,
            "surface": "流した涙 それが歴史を変える",
            "words": []
        },
        {
            "id": 8,
            "surface": "手を伸ばせ もっともっともっと",
            "words": []
        },
        {
            "id": 9,
            "surface": "僕らの始まりさ Ready steady go",
            "words": []
        },
        {
            "id": 10,
            "surface": "Missing link 謎めいた未開拓のStory 新しい風が吹けば",
            "words": []
        },
        {
            "id": 11,
            "surface": "What do you feel？ 不可能って言葉はいらないぜ 時代を刻む足跡残せ",
            "words": []
        },
        {
            "id": 12,
            "surface": "たとえば夜空に星がなくとも 命燃やして光灯すから",
            "words": []
        },
        {
            "id": 13,
            "surface": "道なき道を切り拓いて進め",
            "words": []
        },
        {
            "id": 14,
            "surface": "高鳴りは止まらない もっともっともっと (Oh Baby)",
            "words": []
        },
        {
            "id": 15,
            "surface": "ここからTop of the world 届け (So Let's go)",
            "words": []
        },
        {
            "id": 16,
            "surface": "飽くなき夢が いつか自分を超える",
            "words": []
        },
        {
            "id": 17,
            "surface": "追いかけて もっともっともっと",
            "words": []
        },
        {
            "id": 18,
            "surface": "何度だって始まるさ Ready steady go",
            "words": []
        },
        {
            "id": 19,
            "surface": "孤独の先に何が見えるのか 振り返れば 君の声が聞きたくなるから Wow",
            "words": []
        },
        {
            "id": 20,
            "surface": "夜明けの空に何を叫ぼうか？ 目を開け 今世界が動いた",
            "words": []
        },
        {
            "id": 21,
            "surface": "どれだけ離れていたって どれだけ時が経っていたって",
            "words": []
        },
        {
            "id": 22,
            "surface": "変わらぬものがずっとここにあるから 思いを繋いでゆけ",
            "words": []
        },
        {
            "id": 23,
            "surface": "高らかに手を叩け もっともっともっと (Oh Baby)",
            "words": []
        },
        {
            "id": 24,
            "surface": "過去から永遠(とわ)を紐解いて (So Let's go)",
            "words": []
        },
        {
            "id": 25,
            "surface": "流した涙 それが歴史を変える",
            "words": []
        },
        {
            "id": 26,
            "surface": "手を伸ばせ もっともっともっと",
            "words": []
        },
        {
            "id": 27,
            "surface": "僕らの始まりさ Ready steady go 君と行こう",
            "words": []
        },
        {
            "id": 28,
            "surface": "Time is, Time is running out The time is now",
            "words": []
        },
        {
            "id": 29,
            "surface": "Time is, Time is running out The time is now",
            "words": []
        },
        {
            "id": 30,
            "surface": "そして巡り会う Oh 本当のHistory Oh",
            "words": []
        },
        {
            "id": 31,
            "surface": "そうLet's get it now",
            "words": []
        },
        {
            "id": 32,
            "surface": "",
            "words": []
        }
    ],
    "pureLrc": [
        "Love is alive さあ行こうぜ",
        "最果ての向こうへ 時は待っててはくれない",
        "Now is the time 誰だって 震えながら前へ 心にかけたカギ解き放て",
        "どんなに現在(いま)を愛しく思っても 真実(こたえ)を探す旅は続くから",
        "錆び付く理想は脱ぎ捨てて進め",
        "高らかに手を叩け もっともっともっと (Oh Baby)",
        "過去から永遠(とわ)を紐解いて (So Let's go)",
        "流した涙 それが歴史を変える",
        "手を伸ばせ もっともっともっと",
        "僕らの始まりさ Ready steady go",
        "Missing link 謎めいた未開拓のStory 新しい風が吹けば",
        "What do you feel？ 不可能って言葉はいらないぜ 時代を刻む足跡残せ",
        "たとえば夜空に星がなくとも 命燃やして光灯すから",
        "道なき道を切り拓いて進め",
        "高鳴りは止まらない もっともっともっと (Oh Baby)",
        "ここからTop of the world 届け (So Let's go)",
        "飽くなき夢が いつか自分を超える",
        "追いかけて もっともっともっと",
        "何度だって始まるさ Ready steady go",
        "孤独の先に何が見えるのか 振り返れば 君の声が聞きたくなるから Wow",
        "夜明けの空に何を叫ぼうか？ 目を開け 今世界が動いた",
        "どれだけ離れていたって どれだけ時が経っていたって",
        "変わらぬものがずっとここにあるから 思いを繋いでゆけ",
        "高らかに手を叩け もっともっともっと (Oh Baby)",
        "過去から永遠(とわ)を紐解いて (So Let's go)",
        "流した涙 それが歴史を変える",
        "手を伸ばせ もっともっともっと",
        "僕らの始まりさ Ready steady go 君と行こう",
        "Time is, Time is running out The time is now",
        "Time is, Time is running out The time is now",
        "そして巡り会う Oh 本当のHistory Oh",
        "そうLet's get it now",
        ""
    ]
}