{
    "name": "Ready Go",
    "artist": [
        "Hey!Say!JUMP"
    ],
    "producer": [
        {
            "label": "作詞",
            "value": [
                "MILK"
            ]
        },
        {
            "label": "作曲",
            "value": [
                "Takuya Harada",
                "Niklas Edberger"
            ]
        }
    ],
    "lrc": [
        {
            "id": 0,
            "surface": "Hey! Hey! Hey! Hey! 3, 2, 1",
            "words": [
                {
                    "base": "*",
                    "pos": "名詞,固有名詞,組織,*",
                    "pronunciation": "?",
                    "reading": "",
                    "surface": "Hey",
                    "curPos": "n"
                },
                {
                    "base": "*",
                    "pos": "名詞,サ変接続,*,*",
                    "pronunciation": "?",
                    "reading": "",
                    "surface": "!",
                    "curPos": "n"
                },
                {
                    "base": "*",
                    "pos": "名詞,固有名詞,組織,*",
                    "pronunciation": "?",
                    "reading": "",
                    "surface": "Hey",
                    "curPos": "n"
                },
                {
                    "base": "*",
                    "pos": "名詞,サ変接続,*,*",
                    "pronunciation": "?",
                    "reading": "",
                    "surface": "!",
                    "curPos": "n"
                },
                {
                    "base": "*",
                    "pos": "名詞,固有名詞,組織,*",
                    "pronunciation": "?",
                    "reading": "",
                    "surface": "Hey",
                    "curPos": "n"
                },
                {
                    "base": "*",
                    "pos": "名詞,サ変接続,*,*",
                    "pronunciation": "?",
                    "reading": "",
                    "surface": "!",
                    "curPos": "n"
                },
                {
                    "base": "*",
                    "pos": "名詞,固有名詞,組織,*",
                    "pronunciation": "?",
                    "reading": "",
                    "surface": "Hey",
                    "curPos": "n"
                },
                {
                    "base": "*",
                    "pos": "名詞,サ変接続,*,*",
                    "pronunciation": "?",
                    "reading": "",
                    "surface": "!",
                    "curPos": "n"
                },
                {
                    "base": "*",
                    "pos": "名詞,数,*,*",
                    "pronunciation": "?",
                    "reading": "",
                    "surface": "3",
                    "curPos": "/"
                },
                {
                    "base": "*",
                    "pos": "名詞,サ変接続,*,*",
                    "pronunciation": "?",
                    "reading": "",
                    "surface": ",",
                    "curPos": "n"
                },
                {
                    "base": "*",
                    "pos": "名詞,数,*,*",
                    "pronunciation": "?",
                    "reading": "",
                    "surface": "2",
                    "curPos": "/"
                },
                {
                    "base": "*",
                    "pos": "名詞,サ変接続,*,*",
                    "pronunciation": "?",
                    "reading": "",
                    "surface": ",",
                    "curPos": "n"
                },
                {
                    "base": "*",
                    "pos": "名詞,数,*,*",
                    "pronunciation": "?",
                    "reading": "",
                    "surface": "1",
                    "curPos": "/"
                }
            ]
        },
        {
            "id": 1,
            "surface": "Ready Go! Ready Go! Go! Go!",
            "words": [
                {
                    "base": "*",
                    "pos": "名詞,固有名詞,組織,*",
                    "pronunciation": "?",
                    "reading": "",
                    "surface": "Ready",
                    "curPos": "n"
                },
                {
                    "base": "*",
                    "pos": "名詞,固有名詞,組織,*",
                    "pronunciation": "?",
                    "reading": "",
                    "surface": "Go",
                    "curPos": "n"
                },
                {
                    "base": "*",
                    "pos": "名詞,サ変接続,*,*",
                    "pronunciation": "?",
                    "reading": "",
                    "surface": "!",
                    "curPos": "n"
                },
                {
                    "base": "*",
                    "pos": "名詞,固有名詞,組織,*",
                    "pronunciation": "?",
                    "reading": "",
                    "surface": "Ready",
                    "curPos": "n"
                },
                {
                    "base": "*",
                    "pos": "名詞,固有名詞,組織,*",
                    "pronunciation": "?",
                    "reading": "",
                    "surface": "Go",
                    "curPos": "n"
                },
                {
                    "base": "*",
                    "pos": "名詞,サ変接続,*,*",
                    "pronunciation": "?",
                    "reading": "",
                    "surface": "!",
                    "curPos": "n"
                },
                {
                    "base": "*",
                    "pos": "名詞,固有名詞,組織,*",
                    "pronunciation": "?",
                    "reading": "",
                    "surface": "Go",
                    "curPos": "n"
                },
                {
                    "base": "*",
                    "pos": "名詞,サ変接続,*,*",
                    "pronunciation": "?",
                    "reading": "",
                    "surface": "!",
                    "curPos": "n"
                },
                {
                    "base": "*",
                    "pos": "名詞,固有名詞,組織,*",
                    "pronunciation": "?",
                    "reading": "",
                    "surface": "Go",
                    "curPos": "n"
                },
                {
                    "base": "*",
                    "pos": "名詞,サ変接続,*,*",
                    "pronunciation": "?",
                    "reading": "",
                    "surface": "!",
                    "curPos": "n"
                }
            ]
        },
        {
            "id": 2,
            "surface": "Ready Go! Ready Go! Go! Go!",
            "words": [
                {
                    "base": "*",
                    "pos": "名詞,固有名詞,組織,*",
                    "pronunciation": "?",
                    "reading": "",
                    "surface": "Ready",
                    "curPos": "n"
                },
                {
                    "base": "*",
                    "pos": "名詞,固有名詞,組織,*",
                    "pronunciation": "?",
                    "reading": "",
                    "surface": "Go",
                    "curPos": "n"
                },
                {
                    "base": "*",
                    "pos": "名詞,サ変接続,*,*",
                    "pronunciation": "?",
                    "reading": "",
                    "surface": "!",
                    "curPos": "n"
                },
                {
                    "base": "*",
                    "pos": "名詞,固有名詞,組織,*",
                    "pronunciation": "?",
                    "reading": "",
                    "surface": "Ready",
                    "curPos": "n"
                },
                {
                    "base": "*",
                    "pos": "名詞,固有名詞,組織,*",
                    "pronunciation": "?",
                    "reading": "",
                    "surface": "Go",
                    "curPos": "n"
                },
                {
                    "base": "*",
                    "pos": "名詞,サ変接続,*,*",
                    "pronunciation": "?",
                    "reading": "",
                    "surface": "!",
                    "curPos": "n"
                },
                {
                    "base": "*",
                    "pos": "名詞,固有名詞,組織,*",
                    "pronunciation": "?",
                    "reading": "",
                    "surface": "Go",
                    "curPos": "n"
                },
                {
                    "base": "*",
                    "pos": "名詞,サ変接続,*,*",
                    "pronunciation": "?",
                    "reading": "",
                    "surface": "!",
                    "curPos": "n"
                },
                {
                    "base": "*",
                    "pos": "名詞,固有名詞,組織,*",
                    "pronunciation": "?",
                    "reading": "",
                    "surface": "Go",
                    "curPos": "n"
                },
                {
                    "base": "*",
                    "pos": "名詞,サ変接続,*,*",
                    "pronunciation": "?",
                    "reading": "",
                    "surface": "!",
                    "curPos": "n"
                }
            ]
        },
        {
            "id": 3,
            "surface": "",
            "words": []
        },
        {
            "id": 4,
            "surface": "待ち焦がれてた この日が来たよ",
            "words": [
                {
                    "base": "待ち焦がれる",
                    "pos": "動詞,自立,*,*",
                    "pronunciation": "マチコガレ",
                    "reading": "まちこがれてた",
                    "surface": "待ち焦がれてた",
                    "curPos": "v"
                },
                {
                    "base": "この",
                    "pos": "連体詞,*,*,*",
                    "pronunciation": "コノ",
                    "reading": "",
                    "surface": "この",
                    "curPos": "/"
                },
                {
                    "base": "日",
                    "pos": "名詞,非自立,副詞可能,*",
                    "pronunciation": "ヒ",
                    "reading": "ひ",
                    "surface": "日",
                    "curPos": "n"
                },
                {
                    "base": "が",
                    "pos": "助詞,格助詞,一般,*",
                    "pronunciation": "ガ",
                    "reading": "",
                    "surface": "が",
                    "curPos": "av"
                },
                {
                    "base": "来る",
                    "pos": "動詞,自立,*,*",
                    "pronunciation": "キ",
                    "reading": "きた",
                    "surface": "来た",
                    "curPos": "v"
                },
                {
                    "base": "よ",
                    "pos": "助詞,終助詞,*,*",
                    "pronunciation": "ヨ",
                    "reading": "",
                    "surface": "よ",
                    "curPos": "av"
                }
            ]
        },
        {
            "id": 5,
            "surface": "アラームの前 目覚めたモーニング",
            "words": [
                {
                    "base": "*",
                    "pos": "名詞,一般,*,*",
                    "pronunciation": "?",
                    "reading": "",
                    "surface": "アラーム",
                    "curPos": "n"
                },
                {
                    "base": "の",
                    "pos": "助詞,連体化,*,*",
                    "pronunciation": "ノ",
                    "reading": "",
                    "surface": "の",
                    "curPos": "av"
                },
                {
                    "base": "前",
                    "pos": "名詞,副詞可能,*,*",
                    "pronunciation": "マエ",
                    "reading": "まえ",
                    "surface": "前",
                    "curPos": "n"
                },
                {
                    "base": "目覚める",
                    "pos": "動詞,自立,*,*",
                    "pronunciation": "メザメ",
                    "reading": "めざめた",
                    "surface": "目覚めた",
                    "curPos": "v"
                },
                {
                    "base": "モーニング",
                    "pos": "名詞,一般,*,*",
                    "pronunciation": "モーニング",
                    "reading": "",
                    "surface": "モーニング",
                    "curPos": "n"
                }
            ]
        },
        {
            "id": 6,
            "surface": "落ち着かないよ この一週間そわそわしてばかり",
            "words": [
                {
                    "base": "落ち着く",
                    "pos": "動詞,自立,*,*",
                    "pronunciation": "オチツカ",
                    "reading": "おちつかない",
                    "surface": "落ち着かない",
                    "curPos": "v"
                },
                {
                    "base": "よ",
                    "pos": "助詞,終助詞,*,*",
                    "pronunciation": "ヨ",
                    "reading": "",
                    "surface": "よ",
                    "curPos": "av"
                },
                {
                    "base": "この",
                    "pos": "連体詞,*,*,*",
                    "pronunciation": "コノ",
                    "reading": "",
                    "surface": "この",
                    "curPos": "/"
                },
                {
                    "base": "一",
                    "pos": "名詞,数,*,*",
                    "pronunciation": "イチ",
                    "reading": "いちしゅうかん",
                    "surface": "一週間",
                    "curPos": "/"
                },
                {
                    "base": "そわそわ",
                    "pos": "副詞,助詞類接続,*,*",
                    "pronunciation": "ソワソワ",
                    "reading": "",
                    "surface": "そわそわ",
                    "curPos": "adv"
                },
                {
                    "base": "する",
                    "pos": "動詞,自立,*,*",
                    "pronunciation": "シ",
                    "reading": "",
                    "surface": "して",
                    "curPos": "v"
                },
                {
                    "base": "ばかり",
                    "pos": "助詞,副助詞,*,*",
                    "pronunciation": "バカリ",
                    "reading": "",
                    "surface": "ばかり",
                    "curPos": "av"
                }
            ]
        },
        {
            "id": 7,
            "surface": "(I can hardly wait)",
            "words": [
                {
                    "base": "*",
                    "pos": "名詞,サ変接続,*,*",
                    "pronunciation": "?",
                    "reading": "",
                    "surface": "(",
                    "curPos": "/",
                    "left": true
                },
                {
                    "base": "*",
                    "pos": "名詞,固有名詞,組織,*",
                    "pronunciation": "?",
                    "reading": "",
                    "surface": "I",
                    "curPos": "n"
                },
                {
                    "base": "*",
                    "pos": "名詞,固有名詞,組織,*",
                    "pronunciation": "?",
                    "reading": "",
                    "surface": "can",
                    "curPos": "n"
                },
                {
                    "base": "*",
                    "pos": "名詞,固有名詞,組織,*",
                    "pronunciation": "?",
                    "reading": "",
                    "surface": "hardly",
                    "curPos": "n"
                },
                {
                    "base": "*",
                    "pos": "名詞,固有名詞,組織,*",
                    "pronunciation": "?",
                    "reading": "",
                    "surface": "wait",
                    "curPos": "n"
                },
                {
                    "base": "*",
                    "pos": "名詞,サ変接続,*,*",
                    "pronunciation": "?",
                    "reading": "",
                    "surface": ")",
                    "curPos": "/",
                    "left": true
                }
            ]
        },
        {
            "id": 8,
            "surface": "",
            "words": []
        },
        {
            "id": 9,
            "surface": "Yes! 待ち合わせまで あともう少し",
            "words": [
                {
                    "base": "*",
                    "pos": "名詞,固有名詞,組織,*",
                    "pronunciation": "?",
                    "reading": "",
                    "surface": "Yes",
                    "curPos": "n"
                },
                {
                    "base": "*",
                    "pos": "名詞,サ変接続,*,*",
                    "pronunciation": "?",
                    "reading": "",
                    "surface": "!",
                    "curPos": "n"
                },
                {
                    "base": "待ち合わせ",
                    "pos": "名詞,一般,*,*",
                    "pronunciation": "マチアワセ",
                    "reading": "まちあわせ",
                    "surface": "待ち合わせ",
                    "curPos": "n"
                },
                {
                    "base": "まで",
                    "pos": "助詞,副助詞,*,*",
                    "pronunciation": "マデ",
                    "reading": "",
                    "surface": "まで",
                    "curPos": "av"
                },
                {
                    "base": "あと",
                    "pos": "名詞,副詞可能,*,*",
                    "pronunciation": "アト",
                    "reading": "",
                    "surface": "あと",
                    "curPos": "n"
                },
                {
                    "base": "もう少し",
                    "pos": "副詞,助詞類接続,*,*",
                    "pronunciation": "モースコシ",
                    "reading": "もうすこし",
                    "surface": "もう少し",
                    "curPos": "adv"
                }
            ]
        },
        {
            "id": 10,
            "surface": "高鳴る胸おさえ Let's go out!",
            "words": [
                {
                    "base": "高鳴る",
                    "pos": "動詞,自立,*,*",
                    "pronunciation": "タカナル",
                    "reading": "たかなる",
                    "surface": "高鳴る",
                    "curPos": "v"
                },
                {
                    "base": "胸",
                    "pos": "名詞,一般,*,*",
                    "pronunciation": "ムネ",
                    "reading": "むね",
                    "surface": "胸",
                    "curPos": "n"
                },
                {
                    "base": "おさえる",
                    "pos": "動詞,自立,*,*",
                    "pronunciation": "オサエ",
                    "reading": "",
                    "surface": "おさえ",
                    "curPos": "v"
                },
                {
                    "base": "*",
                    "pos": "名詞,固有名詞,組織,*",
                    "pronunciation": "?",
                    "reading": "",
                    "surface": "Let",
                    "curPos": "n"
                },
                {
                    "base": "*",
                    "pos": "名詞,サ変接続,*,*",
                    "pronunciation": "?",
                    "reading": "",
                    "surface": "'",
                    "curPos": "n"
                },
                {
                    "base": "*",
                    "pos": "名詞,固有名詞,組織,*",
                    "pronunciation": "?",
                    "reading": "",
                    "surface": "s",
                    "curPos": "n"
                },
                {
                    "base": "*",
                    "pos": "名詞,固有名詞,組織,*",
                    "pronunciation": "?",
                    "reading": "",
                    "surface": "go",
                    "curPos": "n"
                },
                {
                    "base": "*",
                    "pos": "名詞,固有名詞,組織,*",
                    "pronunciation": "?",
                    "reading": "",
                    "surface": "out",
                    "curPos": "n"
                },
                {
                    "base": "*",
                    "pos": "名詞,サ変接続,*,*",
                    "pronunciation": "?",
                    "reading": "",
                    "surface": "!",
                    "curPos": "n"
                }
            ]
        },
        {
            "id": 11,
            "surface": "",
            "words": []
        },
        {
            "id": 12,
            "surface": "Ready Go!",
            "words": [
                {
                    "base": "*",
                    "pos": "名詞,固有名詞,組織,*",
                    "pronunciation": "?",
                    "reading": "",
                    "surface": "Ready",
                    "curPos": "n"
                },
                {
                    "base": "*",
                    "pos": "名詞,固有名詞,組織,*",
                    "pronunciation": "?",
                    "reading": "",
                    "surface": "Go",
                    "curPos": "n"
                },
                {
                    "base": "*",
                    "pos": "名詞,サ変接続,*,*",
                    "pronunciation": "?",
                    "reading": "",
                    "surface": "!",
                    "curPos": "n"
                }
            ]
        },
        {
            "id": 13,
            "surface": "Are you ready for love?",
            "words": [
                {
                    "base": "*",
                    "pos": "名詞,固有名詞,組織,*",
                    "pronunciation": "?",
                    "reading": "",
                    "surface": "Are",
                    "curPos": "n"
                },
                {
                    "base": "*",
                    "pos": "名詞,固有名詞,組織,*",
                    "pronunciation": "?",
                    "reading": "",
                    "surface": "you",
                    "curPos": "n"
                },
                {
                    "base": "*",
                    "pos": "名詞,固有名詞,組織,*",
                    "pronunciation": "?",
                    "reading": "",
                    "surface": "ready",
                    "curPos": "n"
                },
                {
                    "base": "*",
                    "pos": "名詞,固有名詞,組織,*",
                    "pronunciation": "?",
                    "reading": "",
                    "surface": "for",
                    "curPos": "n"
                },
                {
                    "base": "*",
                    "pos": "名詞,固有名詞,組織,*",
                    "pronunciation": "?",
                    "reading": "",
                    "surface": "love",
                    "curPos": "n"
                },
                {
                    "base": "*",
                    "pos": "名詞,サ変接続,*,*",
                    "pronunciation": "?",
                    "reading": "",
                    "surface": "?",
                    "curPos": "n"
                }
            ]
        },
        {
            "id": 14,
            "surface": "今 君のもとへ やっと会えたね",
            "words": [
                {
                    "base": "今",
                    "pos": "名詞,副詞可能,*,*",
                    "pronunciation": "イマ",
                    "reading": "いま",
                    "surface": "今",
                    "curPos": "n"
                },
                {
                    "base": "君",
                    "pos": "名詞,代名詞,一般,*",
                    "pronunciation": "キミ",
                    "reading": "きみ",
                    "surface": "君",
                    "curPos": "/"
                },
                {
                    "base": "の",
                    "pos": "助詞,連体化,*,*",
                    "pronunciation": "ノ",
                    "reading": "",
                    "surface": "の",
                    "curPos": "av"
                },
                {
                    "base": "もと",
                    "pos": "名詞,一般,*,*",
                    "pronunciation": "モト",
                    "reading": "",
                    "surface": "もと",
                    "curPos": "n"
                },
                {
                    "base": "へ",
                    "pos": "助詞,格助詞,一般,*",
                    "pronunciation": "エ",
                    "reading": "",
                    "surface": "へ",
                    "curPos": "av"
                },
                {
                    "base": "やっと",
                    "pos": "副詞,一般,*,*",
                    "pronunciation": "ヤット",
                    "reading": "",
                    "surface": "やっと",
                    "curPos": "adv"
                },
                {
                    "base": "会える",
                    "pos": "動詞,自立,*,*",
                    "pronunciation": "アエ",
                    "reading": "あえた",
                    "surface": "会えた",
                    "curPos": "v"
                },
                {
                    "base": "ね",
                    "pos": "助詞,終助詞,*,*",
                    "pronunciation": "ネ",
                    "reading": "",
                    "surface": "ね",
                    "curPos": "av"
                }
            ]
        },
        {
            "id": 15,
            "surface": "僕のドキドキが ほら届きそうさ 2人の距離",
            "words": [
                {
                    "base": "僕",
                    "pos": "名詞,代名詞,一般,*",
                    "pronunciation": "ボク",
                    "reading": "ぼく",
                    "surface": "僕",
                    "curPos": "/"
                },
                {
                    "base": "の",
                    "pos": "助詞,連体化,*,*",
                    "pronunciation": "ノ",
                    "reading": "",
                    "surface": "の",
                    "curPos": "av"
                },
                {
                    "base": "ドキドキ",
                    "pos": "名詞,サ変接続,*,*",
                    "pronunciation": "ドキドキ",
                    "reading": "",
                    "surface": "ドキドキ",
                    "curPos": "n"
                },
                {
                    "base": "が",
                    "pos": "助詞,格助詞,一般,*",
                    "pronunciation": "ガ",
                    "reading": "",
                    "surface": "が",
                    "curPos": "av"
                },
                {
                    "base": "ほら",
                    "pos": "感動詞,*,*,*",
                    "pronunciation": "ホラ",
                    "reading": "",
                    "surface": "ほら",
                    "curPos": "/"
                },
                {
                    "base": "届く",
                    "pos": "動詞,自立,*,*",
                    "pronunciation": "トドキ",
                    "reading": "とどきそう",
                    "surface": "届きそう",
                    "curPos": "v"
                },
                {
                    "base": "さ",
                    "pos": "助詞,終助詞,*,*",
                    "pronunciation": "サ",
                    "reading": "",
                    "surface": "さ",
                    "curPos": "av"
                },
                {
                    "base": "*",
                    "pos": "名詞,数,*,*",
                    "pronunciation": "?",
                    "reading": "2人にん",
                    "surface": "2人",
                    "curPos": "/"
                },
                {
                    "base": "の",
                    "pos": "助詞,連体化,*,*",
                    "pronunciation": "ノ",
                    "reading": "",
                    "surface": "の",
                    "curPos": "av"
                },
                {
                    "base": "距離",
                    "pos": "名詞,一般,*,*",
                    "pronunciation": "キョリ",
                    "reading": "きょり",
                    "surface": "距離",
                    "curPos": "n"
                }
            ]
        },
        {
            "id": 16,
            "surface": "僕らの世界始まる Ready Go!",
            "words": [
                {
                    "base": "僕ら",
                    "pos": "名詞,代名詞,一般,*",
                    "pronunciation": "ボクラ",
                    "reading": "ぼくら",
                    "surface": "僕ら",
                    "curPos": "/"
                },
                {
                    "base": "の",
                    "pos": "助詞,連体化,*,*",
                    "pronunciation": "ノ",
                    "reading": "",
                    "surface": "の",
                    "curPos": "av"
                },
                {
                    "base": "世界",
                    "pos": "名詞,一般,*,*",
                    "pronunciation": "セカイ",
                    "reading": "せかい",
                    "surface": "世界",
                    "curPos": "n"
                },
                {
                    "base": "始まる",
                    "pos": "動詞,自立,*,*",
                    "pronunciation": "ハジマル",
                    "reading": "はじまる",
                    "surface": "始まる",
                    "curPos": "v"
                },
                {
                    "base": "*",
                    "pos": "名詞,固有名詞,組織,*",
                    "pronunciation": "?",
                    "reading": "",
                    "surface": "Ready",
                    "curPos": "n"
                },
                {
                    "base": "*",
                    "pos": "名詞,固有名詞,組織,*",
                    "pronunciation": "?",
                    "reading": "",
                    "surface": "Go",
                    "curPos": "n"
                },
                {
                    "base": "*",
                    "pos": "名詞,サ変接続,*,*",
                    "pronunciation": "?",
                    "reading": "",
                    "surface": "!",
                    "curPos": "n"
                }
            ]
        },
        {
            "id": 17,
            "surface": "Ready Go! Go! Go!",
            "words": [
                {
                    "base": "*",
                    "pos": "名詞,固有名詞,組織,*",
                    "pronunciation": "?",
                    "reading": "",
                    "surface": "Ready",
                    "curPos": "n"
                },
                {
                    "base": "*",
                    "pos": "名詞,固有名詞,組織,*",
                    "pronunciation": "?",
                    "reading": "",
                    "surface": "Go",
                    "curPos": "n"
                },
                {
                    "base": "*",
                    "pos": "名詞,サ変接続,*,*",
                    "pronunciation": "?",
                    "reading": "",
                    "surface": "!",
                    "curPos": "n"
                },
                {
                    "base": "*",
                    "pos": "名詞,固有名詞,組織,*",
                    "pronunciation": "?",
                    "reading": "",
                    "surface": "Go",
                    "curPos": "n"
                },
                {
                    "base": "*",
                    "pos": "名詞,サ変接続,*,*",
                    "pronunciation": "?",
                    "reading": "",
                    "surface": "!",
                    "curPos": "n"
                },
                {
                    "base": "*",
                    "pos": "名詞,固有名詞,組織,*",
                    "pronunciation": "?",
                    "reading": "",
                    "surface": "Go",
                    "curPos": "n"
                },
                {
                    "base": "*",
                    "pos": "名詞,サ変接続,*,*",
                    "pronunciation": "?",
                    "reading": "",
                    "surface": "!",
                    "curPos": "n"
                }
            ]
        },
        {
            "id": 18,
            "surface": "Ready Go! Ready Go! Go! Go!",
            "words": [
                {
                    "base": "*",
                    "pos": "名詞,固有名詞,組織,*",
                    "pronunciation": "?",
                    "reading": "",
                    "surface": "Ready",
                    "curPos": "n"
                },
                {
                    "base": "*",
                    "pos": "名詞,固有名詞,組織,*",
                    "pronunciation": "?",
                    "reading": "",
                    "surface": "Go",
                    "curPos": "n"
                },
                {
                    "base": "*",
                    "pos": "名詞,サ変接続,*,*",
                    "pronunciation": "?",
                    "reading": "",
                    "surface": "!",
                    "curPos": "n"
                },
                {
                    "base": "*",
                    "pos": "名詞,固有名詞,組織,*",
                    "pronunciation": "?",
                    "reading": "",
                    "surface": "Ready",
                    "curPos": "n"
                },
                {
                    "base": "*",
                    "pos": "名詞,固有名詞,組織,*",
                    "pronunciation": "?",
                    "reading": "",
                    "surface": "Go",
                    "curPos": "n"
                },
                {
                    "base": "*",
                    "pos": "名詞,サ変接続,*,*",
                    "pronunciation": "?",
                    "reading": "",
                    "surface": "!",
                    "curPos": "n"
                },
                {
                    "base": "*",
                    "pos": "名詞,固有名詞,組織,*",
                    "pronunciation": "?",
                    "reading": "",
                    "surface": "Go",
                    "curPos": "n"
                },
                {
                    "base": "*",
                    "pos": "名詞,サ変接続,*,*",
                    "pronunciation": "?",
                    "reading": "",
                    "surface": "!",
                    "curPos": "n"
                },
                {
                    "base": "*",
                    "pos": "名詞,固有名詞,組織,*",
                    "pronunciation": "?",
                    "reading": "",
                    "surface": "Go",
                    "curPos": "n"
                },
                {
                    "base": "*",
                    "pos": "名詞,サ変接続,*,*",
                    "pronunciation": "?",
                    "reading": "",
                    "surface": "!",
                    "curPos": "n"
                }
            ]
        },
        {
            "id": 19,
            "surface": "",
            "words": []
        },
        {
            "id": 20,
            "surface": "見惚れてしまう位に 君はますますキレイになってくね",
            "words": [
                {
                    "base": "見惚れる",
                    "pos": "動詞,自立,*,*",
                    "pronunciation": "ミホレ",
                    "reading": "みほれて",
                    "surface": "見惚れて",
                    "curPos": "v"
                },
                {
                    "base": "しまう",
                    "pos": "動詞,非自立,*,*",
                    "pronunciation": "シマウ",
                    "reading": "",
                    "surface": "しまう",
                    "curPos": "v"
                },
                {
                    "base": "位",
                    "pos": "名詞,副詞可能,*,*",
                    "pronunciation": "クライ",
                    "reading": "くらい",
                    "surface": "位",
                    "curPos": "n"
                },
                {
                    "base": "に",
                    "pos": "助詞,格助詞,一般,*",
                    "pronunciation": "ニ",
                    "reading": "",
                    "surface": "に",
                    "curPos": "av"
                },
                {
                    "base": "君",
                    "pos": "名詞,代名詞,一般,*",
                    "pronunciation": "キミ",
                    "reading": "きみ",
                    "surface": "君",
                    "curPos": "/"
                },
                {
                    "base": "は",
                    "pos": "助詞,係助詞,*,*",
                    "pronunciation": "ワ",
                    "reading": "",
                    "surface": "は",
                    "curPos": "av"
                },
                {
                    "base": "ますます",
                    "pos": "副詞,助詞類接続,*,*",
                    "pronunciation": "マスマス",
                    "reading": "",
                    "surface": "ますます",
                    "curPos": "adv"
                },
                {
                    "base": "キレイ",
                    "pos": "名詞,形容動詞語幹,*,*",
                    "pronunciation": "キレイ",
                    "reading": "",
                    "surface": "キレイ",
                    "curPos": "n"
                },
                {
                    "base": "に",
                    "pos": "助詞,格助詞,一般,*",
                    "pronunciation": "ニ",
                    "reading": "",
                    "surface": "に",
                    "curPos": "av"
                },
                {
                    "base": "なる",
                    "pos": "動詞,自立,*,*",
                    "pronunciation": "ナッ",
                    "reading": "",
                    "surface": "なって",
                    "curPos": "v"
                },
                {
                    "base": "く",
                    "pos": "動詞,非自立,*,*",
                    "pronunciation": "ク",
                    "reading": "",
                    "surface": "く",
                    "curPos": "v"
                },
                {
                    "base": "ね",
                    "pos": "助詞,終助詞,*,*",
                    "pronunciation": "ネ",
                    "reading": "",
                    "surface": "ね",
                    "curPos": "av"
                }
            ]
        },
        {
            "id": 21,
            "surface": "この日のために用意したプラン 気に入ってくれるかな?",
            "words": [
                {
                    "base": "この",
                    "pos": "連体詞,*,*,*",
                    "pronunciation": "コノ",
                    "reading": "",
                    "surface": "この",
                    "curPos": "/"
                },
                {
                    "base": "日",
                    "pos": "名詞,非自立,副詞可能,*",
                    "pronunciation": "ヒ",
                    "reading": "ひ",
                    "surface": "日",
                    "curPos": "n"
                },
                {
                    "base": "の",
                    "pos": "助詞,連体化,*,*",
                    "pronunciation": "ノ",
                    "reading": "",
                    "surface": "の",
                    "curPos": "av"
                },
                {
                    "base": "ため",
                    "pos": "名詞,非自立,副詞可能,*",
                    "pronunciation": "タメ",
                    "reading": "",
                    "surface": "ため",
                    "curPos": "n"
                },
                {
                    "base": "に",
                    "pos": "助詞,格助詞,一般,*",
                    "pronunciation": "ニ",
                    "reading": "",
                    "surface": "に",
                    "curPos": "av"
                },
                {
                    "base": "用意",
                    "pos": "名詞,サ変接続,*,*",
                    "pronunciation": "ヨーイ",
                    "reading": "ようい",
                    "surface": "用意",
                    "curPos": "n"
                },
                {
                    "base": "する",
                    "pos": "動詞,自立,*,*",
                    "pronunciation": "シ",
                    "reading": "",
                    "surface": "した",
                    "curPos": "v"
                },
                {
                    "base": "プラン",
                    "pos": "名詞,一般,*,*",
                    "pronunciation": "プラン",
                    "reading": "",
                    "surface": "プラン",
                    "curPos": "n"
                },
                {
                    "base": "気に入る",
                    "pos": "動詞,自立,*,*",
                    "pronunciation": "キニイッ",
                    "reading": "きにいって",
                    "surface": "気に入って",
                    "curPos": "v"
                },
                {
                    "base": "くれる",
                    "pos": "動詞,非自立,*,*",
                    "pronunciation": "クレル",
                    "reading": "",
                    "surface": "くれる",
                    "curPos": "v"
                },
                {
                    "base": "かな",
                    "pos": "名詞,一般,*,*",
                    "pronunciation": "カナ",
                    "reading": "",
                    "surface": "かな",
                    "curPos": "n"
                },
                {
                    "base": "*",
                    "pos": "名詞,サ変接続,*,*",
                    "pronunciation": "?",
                    "reading": "",
                    "surface": "?",
                    "curPos": "n"
                }
            ]
        },
        {
            "id": 22,
            "surface": "(I hope you like it)",
            "words": [
                {
                    "base": "*",
                    "pos": "名詞,サ変接続,*,*",
                    "pronunciation": "?",
                    "reading": "",
                    "surface": "(",
                    "curPos": "/",
                    "left": true
                },
                {
                    "base": "*",
                    "pos": "名詞,固有名詞,組織,*",
                    "pronunciation": "?",
                    "reading": "",
                    "surface": "I",
                    "curPos": "n"
                },
                {
                    "base": "*",
                    "pos": "名詞,固有名詞,組織,*",
                    "pronunciation": "?",
                    "reading": "",
                    "surface": "hope",
                    "curPos": "n"
                },
                {
                    "base": "*",
                    "pos": "名詞,固有名詞,組織,*",
                    "pronunciation": "?",
                    "reading": "",
                    "surface": "you",
                    "curPos": "n"
                },
                {
                    "base": "*",
                    "pos": "名詞,固有名詞,組織,*",
                    "pronunciation": "?",
                    "reading": "",
                    "surface": "like",
                    "curPos": "n"
                },
                {
                    "base": "*",
                    "pos": "名詞,固有名詞,組織,*",
                    "pronunciation": "?",
                    "reading": "",
                    "surface": "it",
                    "curPos": "n"
                },
                {
                    "base": "*",
                    "pos": "名詞,サ変接続,*,*",
                    "pronunciation": "?",
                    "reading": "",
                    "surface": ")",
                    "curPos": "/",
                    "left": true
                }
            ]
        },
        {
            "id": 23,
            "surface": "",
            "words": []
        },
        {
            "id": 24,
            "surface": "Yes! こぼれるような笑顔の君に",
            "words": [
                {
                    "base": "*",
                    "pos": "名詞,固有名詞,組織,*",
                    "pronunciation": "?",
                    "reading": "",
                    "surface": "Yes",
                    "curPos": "n"
                },
                {
                    "base": "*",
                    "pos": "名詞,サ変接続,*,*",
                    "pronunciation": "?",
                    "reading": "",
                    "surface": "!",
                    "curPos": "n"
                },
                {
                    "base": "こぼれる",
                    "pos": "動詞,自立,*,*",
                    "pronunciation": "コボレル",
                    "reading": "",
                    "surface": "こぼれるような",
                    "curPos": "a"
                },
                {
                    "base": "笑顔",
                    "pos": "名詞,一般,*,*",
                    "pronunciation": "エガオ",
                    "reading": "えがお",
                    "surface": "笑顔",
                    "curPos": "n"
                },
                {
                    "base": "の",
                    "pos": "助詞,連体化,*,*",
                    "pronunciation": "ノ",
                    "reading": "",
                    "surface": "の",
                    "curPos": "av"
                },
                {
                    "base": "君",
                    "pos": "名詞,代名詞,一般,*",
                    "pronunciation": "キミ",
                    "reading": "きみ",
                    "surface": "君",
                    "curPos": "/"
                },
                {
                    "base": "に",
                    "pos": "助詞,格助詞,一般,*",
                    "pronunciation": "ニ",
                    "reading": "",
                    "surface": "に",
                    "curPos": "av"
                }
            ]
        },
        {
            "id": 25,
            "surface": "早く会いたいから Come on now!",
            "words": [
                {
                    "base": "早い",
                    "pos": "形容詞,自立,*,*",
                    "pronunciation": "ハヤク",
                    "reading": "はやく",
                    "surface": "早く",
                    "curPos": "a"
                },
                {
                    "base": "会う",
                    "pos": "動詞,自立,*,*",
                    "pronunciation": "アイ",
                    "reading": "あいたい",
                    "surface": "会いたい",
                    "curPos": "v"
                },
                {
                    "base": "から",
                    "pos": "助詞,接続助詞,*,*",
                    "pronunciation": "カラ",
                    "reading": "",
                    "surface": "から",
                    "curPos": "av"
                },
                {
                    "base": "*",
                    "pos": "名詞,固有名詞,組織,*",
                    "pronunciation": "?",
                    "reading": "",
                    "surface": "Come",
                    "curPos": "n"
                },
                {
                    "base": "*",
                    "pos": "名詞,固有名詞,組織,*",
                    "pronunciation": "?",
                    "reading": "",
                    "surface": "on",
                    "curPos": "n"
                },
                {
                    "base": "*",
                    "pos": "名詞,固有名詞,組織,*",
                    "pronunciation": "?",
                    "reading": "",
                    "surface": "now",
                    "curPos": "n"
                },
                {
                    "base": "*",
                    "pos": "名詞,サ変接続,*,*",
                    "pronunciation": "?",
                    "reading": "",
                    "surface": "!",
                    "curPos": "n"
                }
            ]
        },
        {
            "id": 26,
            "surface": "",
            "words": []
        },
        {
            "id": 27,
            "surface": "Ready Go!",
            "words": [
                {
                    "base": "*",
                    "pos": "名詞,固有名詞,組織,*",
                    "pronunciation": "?",
                    "reading": "",
                    "surface": "Ready",
                    "curPos": "n"
                },
                {
                    "base": "*",
                    "pos": "名詞,固有名詞,組織,*",
                    "pronunciation": "?",
                    "reading": "",
                    "surface": "Go",
                    "curPos": "n"
                },
                {
                    "base": "*",
                    "pos": "名詞,サ変接続,*,*",
                    "pronunciation": "?",
                    "reading": "",
                    "surface": "!",
                    "curPos": "n"
                }
            ]
        },
        {
            "id": 28,
            "surface": "Are you ready for love?",
            "words": [
                {
                    "base": "*",
                    "pos": "名詞,固有名詞,組織,*",
                    "pronunciation": "?",
                    "reading": "",
                    "surface": "Are",
                    "curPos": "n"
                },
                {
                    "base": "*",
                    "pos": "名詞,固有名詞,組織,*",
                    "pronunciation": "?",
                    "reading": "",
                    "surface": "you",
                    "curPos": "n"
                },
                {
                    "base": "*",
                    "pos": "名詞,固有名詞,組織,*",
                    "pronunciation": "?",
                    "reading": "",
                    "surface": "ready",
                    "curPos": "n"
                },
                {
                    "base": "*",
                    "pos": "名詞,固有名詞,組織,*",
                    "pronunciation": "?",
                    "reading": "",
                    "surface": "for",
                    "curPos": "n"
                },
                {
                    "base": "*",
                    "pos": "名詞,固有名詞,組織,*",
                    "pronunciation": "?",
                    "reading": "",
                    "surface": "love",
                    "curPos": "n"
                },
                {
                    "base": "*",
                    "pos": "名詞,サ変接続,*,*",
                    "pronunciation": "?",
                    "reading": "",
                    "surface": "?",
                    "curPos": "n"
                }
            ]
        },
        {
            "id": 29,
            "surface": "僕だけにもっと見せて欲しい",
            "words": [
                {
                    "base": "僕",
                    "pos": "名詞,代名詞,一般,*",
                    "pronunciation": "ボク",
                    "reading": "ぼく",
                    "surface": "僕",
                    "curPos": "/"
                },
                {
                    "base": "だけ",
                    "pos": "助詞,副助詞,*,*",
                    "pronunciation": "ダケ",
                    "reading": "",
                    "surface": "だけ",
                    "curPos": "av"
                },
                {
                    "base": "に",
                    "pos": "助詞,格助詞,一般,*",
                    "pronunciation": "ニ",
                    "reading": "",
                    "surface": "に",
                    "curPos": "av"
                },
                {
                    "base": "もっと",
                    "pos": "副詞,一般,*,*",
                    "pronunciation": "モット",
                    "reading": "",
                    "surface": "もっと",
                    "curPos": "adv"
                },
                {
                    "base": "見せる",
                    "pos": "動詞,自立,*,*",
                    "pronunciation": "ミセ",
                    "reading": "みせて",
                    "surface": "見せて",
                    "curPos": "v"
                },
                {
                    "base": "欲しい",
                    "pos": "形容詞,非自立,*,*",
                    "pronunciation": "ホシイ",
                    "reading": "ほしい",
                    "surface": "欲しい",
                    "curPos": "a"
                }
            ]
        },
        {
            "id": 30,
            "surface": "そうさ トキメキはもう止まらないよ 2人のストーリー",
            "words": [
                {
                    "base": "そう",
                    "pos": "副詞,助詞類接続,*,*",
                    "pronunciation": "ソー",
                    "reading": "",
                    "surface": "そう",
                    "curPos": "adv"
                },
                {
                    "base": "さ",
                    "pos": "助詞,終助詞,*,*",
                    "pronunciation": "サ",
                    "reading": "",
                    "surface": "さ",
                    "curPos": "av"
                },
                {
                    "base": "*",
                    "pos": "名詞,一般,*,*",
                    "pronunciation": "?",
                    "reading": "",
                    "surface": "トキメキ",
                    "curPos": "n"
                },
                {
                    "base": "は",
                    "pos": "助詞,係助詞,*,*",
                    "pronunciation": "ワ",
                    "reading": "",
                    "surface": "は",
                    "curPos": "av"
                },
                {
                    "base": "もう",
                    "pos": "副詞,一般,*,*",
                    "pronunciation": "モー",
                    "reading": "",
                    "surface": "もう",
                    "curPos": "adv"
                },
                {
                    "base": "止まる",
                    "pos": "動詞,自立,*,*",
                    "pronunciation": "トマラ",
                    "reading": "とまらない",
                    "surface": "止まらない",
                    "curPos": "v"
                },
                {
                    "base": "よ",
                    "pos": "助詞,終助詞,*,*",
                    "pronunciation": "ヨ",
                    "reading": "",
                    "surface": "よ",
                    "curPos": "av"
                },
                {
                    "base": "*",
                    "pos": "名詞,数,*,*",
                    "pronunciation": "?",
                    "reading": "2人にん",
                    "surface": "2人",
                    "curPos": "/"
                },
                {
                    "base": "の",
                    "pos": "助詞,連体化,*,*",
                    "pronunciation": "ノ",
                    "reading": "",
                    "surface": "の",
                    "curPos": "av"
                },
                {
                    "base": "ストーリー",
                    "pos": "名詞,一般,*,*",
                    "pronunciation": "ストーリー",
                    "reading": "",
                    "surface": "ストーリー",
                    "curPos": "n"
                }
            ]
        },
        {
            "id": 31,
            "surface": "走り出したら ここからReady Go!",
            "words": [
                {
                    "base": "走り出す",
                    "pos": "動詞,自立,*,*",
                    "pronunciation": "ハシリダシ",
                    "reading": "はしりだしたら",
                    "surface": "走り出したら",
                    "curPos": "v"
                },
                {
                    "base": "ここ",
                    "pos": "名詞,代名詞,一般,*",
                    "pronunciation": "ココ",
                    "reading": "",
                    "surface": "ここ",
                    "curPos": "/"
                },
                {
                    "base": "から",
                    "pos": "助詞,格助詞,一般,*",
                    "pronunciation": "カラ",
                    "reading": "",
                    "surface": "から",
                    "curPos": "av"
                },
                {
                    "base": "*",
                    "pos": "名詞,固有名詞,組織,*",
                    "pronunciation": "?",
                    "reading": "",
                    "surface": "Ready",
                    "curPos": "n"
                },
                {
                    "base": "*",
                    "pos": "名詞,固有名詞,組織,*",
                    "pronunciation": "?",
                    "reading": "",
                    "surface": "Go",
                    "curPos": "n"
                },
                {
                    "base": "*",
                    "pos": "名詞,サ変接続,*,*",
                    "pronunciation": "?",
                    "reading": "",
                    "surface": "!",
                    "curPos": "n"
                }
            ]
        },
        {
            "id": 32,
            "surface": "Ready Go! Go! Go!",
            "words": [
                {
                    "base": "*",
                    "pos": "名詞,固有名詞,組織,*",
                    "pronunciation": "?",
                    "reading": "",
                    "surface": "Ready",
                    "curPos": "n"
                },
                {
                    "base": "*",
                    "pos": "名詞,固有名詞,組織,*",
                    "pronunciation": "?",
                    "reading": "",
                    "surface": "Go",
                    "curPos": "n"
                },
                {
                    "base": "*",
                    "pos": "名詞,サ変接続,*,*",
                    "pronunciation": "?",
                    "reading": "",
                    "surface": "!",
                    "curPos": "n"
                },
                {
                    "base": "*",
                    "pos": "名詞,固有名詞,組織,*",
                    "pronunciation": "?",
                    "reading": "",
                    "surface": "Go",
                    "curPos": "n"
                },
                {
                    "base": "*",
                    "pos": "名詞,サ変接続,*,*",
                    "pronunciation": "?",
                    "reading": "",
                    "surface": "!",
                    "curPos": "n"
                },
                {
                    "base": "*",
                    "pos": "名詞,固有名詞,組織,*",
                    "pronunciation": "?",
                    "reading": "",
                    "surface": "Go",
                    "curPos": "n"
                },
                {
                    "base": "*",
                    "pos": "名詞,サ変接続,*,*",
                    "pronunciation": "?",
                    "reading": "",
                    "surface": "!",
                    "curPos": "n"
                }
            ]
        },
        {
            "id": 33,
            "surface": "Ready Go! Ready Go! Go! Go!",
            "words": [
                {
                    "base": "*",
                    "pos": "名詞,固有名詞,組織,*",
                    "pronunciation": "?",
                    "reading": "",
                    "surface": "Ready",
                    "curPos": "n"
                },
                {
                    "base": "*",
                    "pos": "名詞,固有名詞,組織,*",
                    "pronunciation": "?",
                    "reading": "",
                    "surface": "Go",
                    "curPos": "n"
                },
                {
                    "base": "*",
                    "pos": "名詞,サ変接続,*,*",
                    "pronunciation": "?",
                    "reading": "",
                    "surface": "!",
                    "curPos": "n"
                },
                {
                    "base": "*",
                    "pos": "名詞,固有名詞,組織,*",
                    "pronunciation": "?",
                    "reading": "",
                    "surface": "Ready",
                    "curPos": "n"
                },
                {
                    "base": "*",
                    "pos": "名詞,固有名詞,組織,*",
                    "pronunciation": "?",
                    "reading": "",
                    "surface": "Go",
                    "curPos": "n"
                },
                {
                    "base": "*",
                    "pos": "名詞,サ変接続,*,*",
                    "pronunciation": "?",
                    "reading": "",
                    "surface": "!",
                    "curPos": "n"
                },
                {
                    "base": "*",
                    "pos": "名詞,固有名詞,組織,*",
                    "pronunciation": "?",
                    "reading": "",
                    "surface": "Go",
                    "curPos": "n"
                },
                {
                    "base": "*",
                    "pos": "名詞,サ変接続,*,*",
                    "pronunciation": "?",
                    "reading": "",
                    "surface": "!",
                    "curPos": "n"
                },
                {
                    "base": "*",
                    "pos": "名詞,固有名詞,組織,*",
                    "pronunciation": "?",
                    "reading": "",
                    "surface": "Go",
                    "curPos": "n"
                },
                {
                    "base": "*",
                    "pos": "名詞,サ変接続,*,*",
                    "pronunciation": "?",
                    "reading": "",
                    "surface": "!",
                    "curPos": "n"
                }
            ]
        },
        {
            "id": 34,
            "surface": "",
            "words": []
        },
        {
            "id": 35,
            "surface": "どんな日も君を忘れた事はない",
            "words": [
                {
                    "base": "どんな",
                    "pos": "連体詞,*,*,*",
                    "pronunciation": "ドンナ",
                    "reading": "",
                    "surface": "どんな",
                    "curPos": "/"
                },
                {
                    "base": "日",
                    "pos": "名詞,非自立,副詞可能,*",
                    "pronunciation": "ヒ",
                    "reading": "ひ",
                    "surface": "日",
                    "curPos": "n"
                },
                {
                    "base": "も",
                    "pos": "助詞,係助詞,*,*",
                    "pronunciation": "モ",
                    "reading": "",
                    "surface": "も",
                    "curPos": "av"
                },
                {
                    "base": "君",
                    "pos": "名詞,代名詞,一般,*",
                    "pronunciation": "キミ",
                    "reading": "きみ",
                    "surface": "君",
                    "curPos": "/"
                },
                {
                    "base": "を",
                    "pos": "助詞,格助詞,一般,*",
                    "pronunciation": "ヲ",
                    "reading": "",
                    "surface": "を",
                    "curPos": "av"
                },
                {
                    "base": "忘れる",
                    "pos": "動詞,自立,*,*",
                    "pronunciation": "ワスレ",
                    "reading": "わすれた",
                    "surface": "忘れた",
                    "curPos": "v"
                },
                {
                    "base": "事",
                    "pos": "名詞,非自立,一般,*",
                    "pronunciation": "コト",
                    "reading": "こと",
                    "surface": "事",
                    "curPos": "n"
                },
                {
                    "base": "は",
                    "pos": "助詞,係助詞,*,*",
                    "pronunciation": "ワ",
                    "reading": "",
                    "surface": "は",
                    "curPos": "av"
                },
                {
                    "base": "ない",
                    "pos": "形容詞,自立,*,*",
                    "pronunciation": "ナイ",
                    "reading": "",
                    "surface": "ない",
                    "curPos": "a"
                }
            ]
        },
        {
            "id": 36,
            "surface": "会えない時にはそういつだって Yeah",
            "words": [
                {
                    "base": "会える",
                    "pos": "動詞,自立,*,*",
                    "pronunciation": "アエ",
                    "reading": "あえない",
                    "surface": "会えない",
                    "curPos": "v"
                },
                {
                    "base": "時",
                    "pos": "名詞,非自立,副詞可能,*",
                    "pronunciation": "トキ",
                    "reading": "とき",
                    "surface": "時",
                    "curPos": "n"
                },
                {
                    "base": "に",
                    "pos": "助詞,格助詞,一般,*",
                    "pronunciation": "ニ",
                    "reading": "",
                    "surface": "に",
                    "curPos": "av"
                },
                {
                    "base": "は",
                    "pos": "助詞,係助詞,*,*",
                    "pronunciation": "ワ",
                    "reading": "",
                    "surface": "は",
                    "curPos": "av"
                },
                {
                    "base": "そう",
                    "pos": "副詞,助詞類接続,*,*",
                    "pronunciation": "ソー",
                    "reading": "",
                    "surface": "そう",
                    "curPos": "adv"
                },
                {
                    "base": "いつ",
                    "pos": "名詞,代名詞,一般,*",
                    "pronunciation": "イツ",
                    "reading": "",
                    "surface": "いつ",
                    "curPos": "/"
                },
                {
                    "base": "だって",
                    "pos": "助詞,副助詞,*,*",
                    "pronunciation": "ダッテ",
                    "reading": "",
                    "surface": "だって",
                    "curPos": "av"
                },
                {
                    "base": "*",
                    "pos": "名詞,固有名詞,組織,*",
                    "pronunciation": "?",
                    "reading": "",
                    "surface": "Yeah",
                    "curPos": "n"
                }
            ]
        },
        {
            "id": 37,
            "surface": "",
            "words": []
        },
        {
            "id": 38,
            "surface": "君はBeautiful girl そうさBeautiful world",
            "words": [
                {
                    "base": "君",
                    "pos": "名詞,代名詞,一般,*",
                    "pronunciation": "キミ",
                    "reading": "きみ",
                    "surface": "君",
                    "curPos": "/"
                },
                {
                    "base": "は",
                    "pos": "助詞,係助詞,*,*",
                    "pronunciation": "ワ",
                    "reading": "",
                    "surface": "は",
                    "curPos": "av"
                },
                {
                    "base": "*",
                    "pos": "名詞,固有名詞,組織,*",
                    "pronunciation": "?",
                    "reading": "",
                    "surface": "Beautiful",
                    "curPos": "n"
                },
                {
                    "base": "*",
                    "pos": "名詞,固有名詞,組織,*",
                    "pronunciation": "?",
                    "reading": "",
                    "surface": "girl",
                    "curPos": "n"
                },
                {
                    "base": "そう",
                    "pos": "副詞,助詞類接続,*,*",
                    "pronunciation": "ソー",
                    "reading": "",
                    "surface": "そう",
                    "curPos": "adv"
                },
                {
                    "base": "さ",
                    "pos": "助詞,終助詞,*,*",
                    "pronunciation": "サ",
                    "reading": "",
                    "surface": "さ",
                    "curPos": "av"
                },
                {
                    "base": "*",
                    "pos": "名詞,一般,*,*",
                    "pronunciation": "?",
                    "reading": "",
                    "surface": "Beautiful",
                    "curPos": "n"
                },
                {
                    "base": "*",
                    "pos": "名詞,固有名詞,組織,*",
                    "pronunciation": "?",
                    "reading": "",
                    "surface": "world",
                    "curPos": "n"
                }
            ]
        },
        {
            "id": 39,
            "surface": "出会えた奇跡",
            "words": [
                {
                    "base": "出会える",
                    "pos": "動詞,自立,*,*",
                    "pronunciation": "デアエ",
                    "reading": "であえた",
                    "surface": "出会えた",
                    "curPos": "v"
                },
                {
                    "base": "奇跡",
                    "pos": "名詞,一般,*,*",
                    "pronunciation": "キセキ",
                    "reading": "きせき",
                    "surface": "奇跡",
                    "curPos": "n"
                }
            ]
        },
        {
            "id": 40,
            "surface": "",
            "words": []
        },
        {
            "id": 41,
            "surface": "Are you ready for love?",
            "words": [
                {
                    "base": "*",
                    "pos": "名詞,固有名詞,組織,*",
                    "pronunciation": "?",
                    "reading": "",
                    "surface": "Are",
                    "curPos": "n"
                },
                {
                    "base": "*",
                    "pos": "名詞,固有名詞,組織,*",
                    "pronunciation": "?",
                    "reading": "",
                    "surface": "you",
                    "curPos": "n"
                },
                {
                    "base": "*",
                    "pos": "名詞,固有名詞,組織,*",
                    "pronunciation": "?",
                    "reading": "",
                    "surface": "ready",
                    "curPos": "n"
                },
                {
                    "base": "*",
                    "pos": "名詞,固有名詞,組織,*",
                    "pronunciation": "?",
                    "reading": "",
                    "surface": "for",
                    "curPos": "n"
                },
                {
                    "base": "*",
                    "pos": "名詞,固有名詞,組織,*",
                    "pronunciation": "?",
                    "reading": "",
                    "surface": "love",
                    "curPos": "n"
                },
                {
                    "base": "*",
                    "pos": "名詞,サ変接続,*,*",
                    "pronunciation": "?",
                    "reading": "",
                    "surface": "?",
                    "curPos": "n"
                }
            ]
        },
        {
            "id": 42,
            "surface": "今 君のもとへ やっと会えたね",
            "words": [
                {
                    "base": "今",
                    "pos": "名詞,副詞可能,*,*",
                    "pronunciation": "イマ",
                    "reading": "いま",
                    "surface": "今",
                    "curPos": "n"
                },
                {
                    "base": "君",
                    "pos": "名詞,代名詞,一般,*",
                    "pronunciation": "キミ",
                    "reading": "きみ",
                    "surface": "君",
                    "curPos": "/"
                },
                {
                    "base": "の",
                    "pos": "助詞,連体化,*,*",
                    "pronunciation": "ノ",
                    "reading": "",
                    "surface": "の",
                    "curPos": "av"
                },
                {
                    "base": "もと",
                    "pos": "名詞,一般,*,*",
                    "pronunciation": "モト",
                    "reading": "",
                    "surface": "もと",
                    "curPos": "n"
                },
                {
                    "base": "へ",
                    "pos": "助詞,格助詞,一般,*",
                    "pronunciation": "エ",
                    "reading": "",
                    "surface": "へ",
                    "curPos": "av"
                },
                {
                    "base": "やっと",
                    "pos": "副詞,一般,*,*",
                    "pronunciation": "ヤット",
                    "reading": "",
                    "surface": "やっと",
                    "curPos": "adv"
                },
                {
                    "base": "会える",
                    "pos": "動詞,自立,*,*",
                    "pronunciation": "アエ",
                    "reading": "あえた",
                    "surface": "会えた",
                    "curPos": "v"
                },
                {
                    "base": "ね",
                    "pos": "助詞,終助詞,*,*",
                    "pronunciation": "ネ",
                    "reading": "",
                    "surface": "ね",
                    "curPos": "av"
                }
            ]
        },
        {
            "id": 43,
            "surface": "僕のドキドキが ほら届きそうさ 2人の距離",
            "words": [
                {
                    "base": "僕",
                    "pos": "名詞,代名詞,一般,*",
                    "pronunciation": "ボク",
                    "reading": "ぼく",
                    "surface": "僕",
                    "curPos": "/"
                },
                {
                    "base": "の",
                    "pos": "助詞,連体化,*,*",
                    "pronunciation": "ノ",
                    "reading": "",
                    "surface": "の",
                    "curPos": "av"
                },
                {
                    "base": "ドキドキ",
                    "pos": "名詞,サ変接続,*,*",
                    "pronunciation": "ドキドキ",
                    "reading": "",
                    "surface": "ドキドキ",
                    "curPos": "n"
                },
                {
                    "base": "が",
                    "pos": "助詞,格助詞,一般,*",
                    "pronunciation": "ガ",
                    "reading": "",
                    "surface": "が",
                    "curPos": "av"
                },
                {
                    "base": "ほら",
                    "pos": "感動詞,*,*,*",
                    "pronunciation": "ホラ",
                    "reading": "",
                    "surface": "ほら",
                    "curPos": "/"
                },
                {
                    "base": "届く",
                    "pos": "動詞,自立,*,*",
                    "pronunciation": "トドキ",
                    "reading": "とどきそう",
                    "surface": "届きそう",
                    "curPos": "v"
                },
                {
                    "base": "さ",
                    "pos": "助詞,終助詞,*,*",
                    "pronunciation": "サ",
                    "reading": "",
                    "surface": "さ",
                    "curPos": "av"
                },
                {
                    "base": "*",
                    "pos": "名詞,数,*,*",
                    "pronunciation": "?",
                    "reading": "2人にん",
                    "surface": "2人",
                    "curPos": "/"
                },
                {
                    "base": "の",
                    "pos": "助詞,連体化,*,*",
                    "pronunciation": "ノ",
                    "reading": "",
                    "surface": "の",
                    "curPos": "av"
                },
                {
                    "base": "距離",
                    "pos": "名詞,一般,*,*",
                    "pronunciation": "キョリ",
                    "reading": "きょり",
                    "surface": "距離",
                    "curPos": "n"
                }
            ]
        },
        {
            "id": 44,
            "surface": "僕らの世界始まる Ready Go!",
            "words": [
                {
                    "base": "僕ら",
                    "pos": "名詞,代名詞,一般,*",
                    "pronunciation": "ボクラ",
                    "reading": "ぼくら",
                    "surface": "僕ら",
                    "curPos": "/"
                },
                {
                    "base": "の",
                    "pos": "助詞,連体化,*,*",
                    "pronunciation": "ノ",
                    "reading": "",
                    "surface": "の",
                    "curPos": "av"
                },
                {
                    "base": "世界",
                    "pos": "名詞,一般,*,*",
                    "pronunciation": "セカイ",
                    "reading": "せかい",
                    "surface": "世界",
                    "curPos": "n"
                },
                {
                    "base": "始まる",
                    "pos": "動詞,自立,*,*",
                    "pronunciation": "ハジマル",
                    "reading": "はじまる",
                    "surface": "始まる",
                    "curPos": "v"
                },
                {
                    "base": "*",
                    "pos": "名詞,固有名詞,組織,*",
                    "pronunciation": "?",
                    "reading": "",
                    "surface": "Ready",
                    "curPos": "n"
                },
                {
                    "base": "*",
                    "pos": "名詞,固有名詞,組織,*",
                    "pronunciation": "?",
                    "reading": "",
                    "surface": "Go",
                    "curPos": "n"
                },
                {
                    "base": "*",
                    "pos": "名詞,サ変接続,*,*",
                    "pronunciation": "?",
                    "reading": "",
                    "surface": "!",
                    "curPos": "n"
                }
            ]
        },
        {
            "id": 45,
            "surface": "Ready Go! Go! Go!",
            "words": [
                {
                    "base": "*",
                    "pos": "名詞,固有名詞,組織,*",
                    "pronunciation": "?",
                    "reading": "",
                    "surface": "Ready",
                    "curPos": "n"
                },
                {
                    "base": "*",
                    "pos": "名詞,固有名詞,組織,*",
                    "pronunciation": "?",
                    "reading": "",
                    "surface": "Go",
                    "curPos": "n"
                },
                {
                    "base": "*",
                    "pos": "名詞,サ変接続,*,*",
                    "pronunciation": "?",
                    "reading": "",
                    "surface": "!",
                    "curPos": "n"
                },
                {
                    "base": "*",
                    "pos": "名詞,固有名詞,組織,*",
                    "pronunciation": "?",
                    "reading": "",
                    "surface": "Go",
                    "curPos": "n"
                },
                {
                    "base": "*",
                    "pos": "名詞,サ変接続,*,*",
                    "pronunciation": "?",
                    "reading": "",
                    "surface": "!",
                    "curPos": "n"
                },
                {
                    "base": "*",
                    "pos": "名詞,固有名詞,組織,*",
                    "pronunciation": "?",
                    "reading": "",
                    "surface": "Go",
                    "curPos": "n"
                },
                {
                    "base": "*",
                    "pos": "名詞,サ変接続,*,*",
                    "pronunciation": "?",
                    "reading": "",
                    "surface": "!",
                    "curPos": "n"
                }
            ]
        },
        {
            "id": 46,
            "surface": "Ready Go! Ready Go! Go! Go!",
            "words": [
                {
                    "base": "*",
                    "pos": "名詞,固有名詞,組織,*",
                    "pronunciation": "?",
                    "reading": "",
                    "surface": "Ready",
                    "curPos": "n"
                },
                {
                    "base": "*",
                    "pos": "名詞,固有名詞,組織,*",
                    "pronunciation": "?",
                    "reading": "",
                    "surface": "Go",
                    "curPos": "n"
                },
                {
                    "base": "*",
                    "pos": "名詞,サ変接続,*,*",
                    "pronunciation": "?",
                    "reading": "",
                    "surface": "!",
                    "curPos": "n"
                },
                {
                    "base": "*",
                    "pos": "名詞,固有名詞,組織,*",
                    "pronunciation": "?",
                    "reading": "",
                    "surface": "Ready",
                    "curPos": "n"
                },
                {
                    "base": "*",
                    "pos": "名詞,固有名詞,組織,*",
                    "pronunciation": "?",
                    "reading": "",
                    "surface": "Go",
                    "curPos": "n"
                },
                {
                    "base": "*",
                    "pos": "名詞,サ変接続,*,*",
                    "pronunciation": "?",
                    "reading": "",
                    "surface": "!",
                    "curPos": "n"
                },
                {
                    "base": "*",
                    "pos": "名詞,固有名詞,組織,*",
                    "pronunciation": "?",
                    "reading": "",
                    "surface": "Go",
                    "curPos": "n"
                },
                {
                    "base": "*",
                    "pos": "名詞,サ変接続,*,*",
                    "pronunciation": "?",
                    "reading": "",
                    "surface": "!",
                    "curPos": "n"
                },
                {
                    "base": "*",
                    "pos": "名詞,固有名詞,組織,*",
                    "pronunciation": "?",
                    "reading": "",
                    "surface": "Go",
                    "curPos": "n"
                },
                {
                    "base": "*",
                    "pos": "名詞,サ変接続,*,*",
                    "pronunciation": "?",
                    "reading": "",
                    "surface": "!",
                    "curPos": "n"
                }
            ]
        },
        {
            "id": 47,
            "surface": "Ready Go! Ready Go! Go! Go!",
            "words": [
                {
                    "base": "*",
                    "pos": "名詞,固有名詞,組織,*",
                    "pronunciation": "?",
                    "reading": "",
                    "surface": "Ready",
                    "curPos": "n"
                },
                {
                    "base": "*",
                    "pos": "名詞,固有名詞,組織,*",
                    "pronunciation": "?",
                    "reading": "",
                    "surface": "Go",
                    "curPos": "n"
                },
                {
                    "base": "*",
                    "pos": "名詞,サ変接続,*,*",
                    "pronunciation": "?",
                    "reading": "",
                    "surface": "!",
                    "curPos": "n"
                },
                {
                    "base": "*",
                    "pos": "名詞,固有名詞,組織,*",
                    "pronunciation": "?",
                    "reading": "",
                    "surface": "Ready",
                    "curPos": "n"
                },
                {
                    "base": "*",
                    "pos": "名詞,固有名詞,組織,*",
                    "pronunciation": "?",
                    "reading": "",
                    "surface": "Go",
                    "curPos": "n"
                },
                {
                    "base": "*",
                    "pos": "名詞,サ変接続,*,*",
                    "pronunciation": "?",
                    "reading": "",
                    "surface": "!",
                    "curPos": "n"
                },
                {
                    "base": "*",
                    "pos": "名詞,固有名詞,組織,*",
                    "pronunciation": "?",
                    "reading": "",
                    "surface": "Go",
                    "curPos": "n"
                },
                {
                    "base": "*",
                    "pos": "名詞,サ変接続,*,*",
                    "pronunciation": "?",
                    "reading": "",
                    "surface": "!",
                    "curPos": "n"
                },
                {
                    "base": "*",
                    "pos": "名詞,固有名詞,組織,*",
                    "pronunciation": "?",
                    "reading": "",
                    "surface": "Go",
                    "curPos": "n"
                },
                {
                    "base": "*",
                    "pos": "名詞,サ変接続,*,*",
                    "pronunciation": "?",
                    "reading": "",
                    "surface": "!",
                    "curPos": "n"
                }
            ]
        },
        {
            "id": 48,
            "surface": "Ready Go! Ready Go! Go! Go!",
            "words": [
                {
                    "base": "*",
                    "pos": "名詞,固有名詞,組織,*",
                    "pronunciation": "?",
                    "reading": "",
                    "surface": "Ready",
                    "curPos": "n"
                },
                {
                    "base": "*",
                    "pos": "名詞,固有名詞,組織,*",
                    "pronunciation": "?",
                    "reading": "",
                    "surface": "Go",
                    "curPos": "n"
                },
                {
                    "base": "*",
                    "pos": "名詞,サ変接続,*,*",
                    "pronunciation": "?",
                    "reading": "",
                    "surface": "!",
                    "curPos": "n"
                },
                {
                    "base": "*",
                    "pos": "名詞,固有名詞,組織,*",
                    "pronunciation": "?",
                    "reading": "",
                    "surface": "Ready",
                    "curPos": "n"
                },
                {
                    "base": "*",
                    "pos": "名詞,固有名詞,組織,*",
                    "pronunciation": "?",
                    "reading": "",
                    "surface": "Go",
                    "curPos": "n"
                },
                {
                    "base": "*",
                    "pos": "名詞,サ変接続,*,*",
                    "pronunciation": "?",
                    "reading": "",
                    "surface": "!",
                    "curPos": "n"
                },
                {
                    "base": "*",
                    "pos": "名詞,固有名詞,組織,*",
                    "pronunciation": "?",
                    "reading": "",
                    "surface": "Go",
                    "curPos": "n"
                },
                {
                    "base": "*",
                    "pos": "名詞,サ変接続,*,*",
                    "pronunciation": "?",
                    "reading": "",
                    "surface": "!",
                    "curPos": "n"
                },
                {
                    "base": "*",
                    "pos": "名詞,固有名詞,組織,*",
                    "pronunciation": "?",
                    "reading": "",
                    "surface": "Go",
                    "curPos": "n"
                },
                {
                    "base": "*",
                    "pos": "名詞,サ変接続,*,*",
                    "pronunciation": "?",
                    "reading": "",
                    "surface": "!",
                    "curPos": "n"
                }
            ]
        },
        {
            "id": 49,
            "surface": "Ready Go!",
            "words": [
                {
                    "base": "*",
                    "pos": "名詞,固有名詞,組織,*",
                    "pronunciation": "?",
                    "reading": "",
                    "surface": "Ready",
                    "curPos": "n"
                },
                {
                    "base": "*",
                    "pos": "名詞,固有名詞,組織,*",
                    "pronunciation": "?",
                    "reading": "",
                    "surface": "Go",
                    "curPos": "n"
                },
                {
                    "base": "*",
                    "pos": "名詞,サ変接続,*,*",
                    "pronunciation": "?",
                    "reading": "",
                    "surface": "!",
                    "curPos": "n"
                }
            ]
        },
        {
            "id": 50,
            "surface": "",
            "words": []
        }
    ],
    "pureLrc": [
        "Hey! Hey! Hey! Hey! 3, 2, 1",
        "Ready Go! Ready Go! Go! Go!",
        "Ready Go! Ready Go! Go! Go!",
        "",
        "待ち焦がれてた この日が来たよ",
        "アラームの前 目覚めたモーニング",
        "落ち着かないよ この一週間そわそわしてばかり",
        "(I can hardly wait)",
        "",
        "Yes! 待ち合わせまで あともう少し",
        "高鳴る胸おさえ Let's go out!",
        "",
        "Ready Go!",
        "Are you ready for love?",
        "今 君のもとへ やっと会えたね",
        "僕のドキドキが ほら届きそうさ 2人の距離",
        "僕らの世界始まる Ready Go!",
        "Ready Go! Go! Go!",
        "Ready Go! Ready Go! Go! Go!",
        "",
        "見惚れてしまう位に 君はますますキレイになってくね",
        "この日のために用意したプラン 気に入ってくれるかな?",
        "(I hope you like it)",
        "",
        "Yes! こぼれるような笑顔の君に",
        "早く会いたいから Come on now!",
        "",
        "Ready Go!",
        "Are you ready for love?",
        "僕だけにもっと見せて欲しい",
        "そうさ トキメキはもう止まらないよ 2人のストーリー",
        "走り出したら ここからReady Go!",
        "Ready Go! Go! Go!",
        "Ready Go! Ready Go! Go! Go!",
        "",
        "どんな日も君を忘れた事はない",
        "会えない時にはそういつだって Yeah",
        "",
        "君はBeautiful girl そうさBeautiful world",
        "出会えた奇跡",
        "",
        "Are you ready for love?",
        "今 君のもとへ やっと会えたね",
        "僕のドキドキが ほら届きそうさ 2人の距離",
        "僕らの世界始まる Ready Go!",
        "Ready Go! Go! Go!",
        "Ready Go! Ready Go! Go! Go!",
        "Ready Go! Ready Go! Go! Go!",
        "Ready Go! Ready Go! Go! Go!",
        "Ready Go!",
        ""
    ]
}