{
    "name": "Snow White",
    "artist": [
        "Hey!Say!JUMP"
    ],
    "producer": [
        {
            "label": "作詞",
            "value": [
                "清水翔太"
            ]
        },
        {
            "label": "作曲",
            "value": [
                "清水翔太",
                "MANABOON"
            ]
        }
    ],
    "lrc": [
        {
            "id": 0,
            "surface": "真っ白な雪の中で",
            "words": [
                {
                    "base": "真っ白",
                    "pos": "名詞,形容動詞語幹,*,*",
                    "pronunciation": "マッシロ",
                    "reading": "まっしろな",
                    "surface": "真っ白な",
                    "curPos": "a"
                },
                {
                    "base": "雪",
                    "pos": "名詞,一般,*,*",
                    "pronunciation": "ユキ",
                    "reading": "ゆき",
                    "surface": "雪",
                    "curPos": "n"
                },
                {
                    "base": "の",
                    "pos": "助詞,連体化,*,*",
                    "pronunciation": "ノ",
                    "reading": "",
                    "surface": "の",
                    "curPos": "av"
                },
                {
                    "base": "中",
                    "pos": "名詞,非自立,副詞可能,*",
                    "pronunciation": "ナカ",
                    "reading": "なか",
                    "surface": "中",
                    "curPos": "n"
                },
                {
                    "base": "で",
                    "pos": "助詞,格助詞,一般,*",
                    "pronunciation": "デ",
                    "reading": "",
                    "surface": "で",
                    "curPos": "av"
                }
            ]
        },
        {
            "id": 1,
            "surface": "君はとても美しい",
            "words": [
                {
                    "base": "君",
                    "pos": "名詞,代名詞,一般,*",
                    "pronunciation": "キミ",
                    "reading": "きみ",
                    "surface": "君",
                    "curPos": "/"
                },
                {
                    "base": "は",
                    "pos": "助詞,係助詞,*,*",
                    "pronunciation": "ワ",
                    "reading": "",
                    "surface": "は",
                    "curPos": "av"
                },
                {
                    "base": "とても",
                    "pos": "副詞,助詞類接続,*,*",
                    "pronunciation": "トテモ",
                    "reading": "",
                    "surface": "とても",
                    "curPos": "adv"
                },
                {
                    "base": "美しい",
                    "pos": "形容詞,自立,*,*",
                    "pronunciation": "ウツクシイ",
                    "reading": "うつくしい",
                    "surface": "美しい",
                    "curPos": "a"
                }
            ]
        },
        {
            "id": 2,
            "surface": "でも心は孤独なんだね",
            "words": [
                {
                    "base": "でも",
                    "pos": "接続詞,*,*,*",
                    "pronunciation": "デモ",
                    "reading": "",
                    "surface": "でも",
                    "curPos": "/"
                },
                {
                    "base": "心",
                    "pos": "名詞,一般,*,*",
                    "pronunciation": "ココロ",
                    "reading": "こころ",
                    "surface": "心",
                    "curPos": "n"
                },
                {
                    "base": "は",
                    "pos": "助詞,係助詞,*,*",
                    "pronunciation": "ワ",
                    "reading": "",
                    "surface": "は",
                    "curPos": "av"
                },
                {
                    "base": "孤独",
                    "pos": "名詞,形容動詞語幹,*,*",
                    "pronunciation": "コドク",
                    "reading": "こどくな",
                    "surface": "孤独な",
                    "curPos": "a"
                },
                {
                    "base": "ん",
                    "pos": "名詞,非自立,一般,*",
                    "pronunciation": "ン",
                    "reading": "",
                    "surface": "ん",
                    "curPos": "n"
                },
                {
                    "base": "だ",
                    "pos": "助動詞,*,*,*",
                    "pronunciation": "ダ",
                    "reading": "",
                    "surface": "だ",
                    "curPos": "mv"
                },
                {
                    "base": "ね",
                    "pos": "助詞,終助詞,*,*",
                    "pronunciation": "ネ",
                    "reading": "",
                    "surface": "ね",
                    "curPos": "av"
                }
            ]
        },
        {
            "id": 3,
            "surface": "まるで　白雪姫",
            "words": [
                {
                    "base": "まるで",
                    "pos": "副詞,一般,*,*",
                    "pronunciation": "マルデ",
                    "reading": "",
                    "surface": "まるで",
                    "curPos": "adv"
                },
                {
                    "base": "白雪姫",
                    "pos": "名詞,固有名詞,人名,一般",
                    "pronunciation": "シラユキヒメ",
                    "reading": "しらゆきひめ",
                    "surface": "白雪姫",
                    "curPos": "/"
                }
            ]
        },
        {
            "id": 4,
            "surface": "",
            "words": []
        },
        {
            "id": 5,
            "surface": "だけど僕らは違う",
            "words": [
                {
                    "base": "だけど",
                    "pos": "接続詞,*,*,*",
                    "pronunciation": "ダケド",
                    "reading": "",
                    "surface": "だけど",
                    "curPos": "/"
                },
                {
                    "base": "僕ら",
                    "pos": "名詞,代名詞,一般,*",
                    "pronunciation": "ボクラ",
                    "reading": "ぼくら",
                    "surface": "僕ら",
                    "curPos": "/"
                },
                {
                    "base": "は",
                    "pos": "助詞,係助詞,*,*",
                    "pronunciation": "ワ",
                    "reading": "",
                    "surface": "は",
                    "curPos": "av"
                },
                {
                    "base": "違う",
                    "pos": "動詞,自立,*,*",
                    "pronunciation": "チガウ",
                    "reading": "ちがう",
                    "surface": "違う",
                    "curPos": "v"
                }
            ]
        },
        {
            "id": 6,
            "surface": "君が眠る前に",
            "words": [
                {
                    "base": "君",
                    "pos": "名詞,代名詞,一般,*",
                    "pronunciation": "キミ",
                    "reading": "きみ",
                    "surface": "君",
                    "curPos": "/"
                },
                {
                    "base": "が",
                    "pos": "助詞,格助詞,一般,*",
                    "pronunciation": "ガ",
                    "reading": "",
                    "surface": "が",
                    "curPos": "av"
                },
                {
                    "base": "眠る",
                    "pos": "動詞,自立,*,*",
                    "pronunciation": "ネムル",
                    "reading": "ねむる",
                    "surface": "眠る",
                    "curPos": "v"
                },
                {
                    "base": "前",
                    "pos": "名詞,副詞可能,*,*",
                    "pronunciation": "マエ",
                    "reading": "まえ",
                    "surface": "前",
                    "curPos": "n"
                },
                {
                    "base": "に",
                    "pos": "助詞,格助詞,一般,*",
                    "pronunciation": "ニ",
                    "reading": "",
                    "surface": "に",
                    "curPos": "av"
                }
            ]
        },
        {
            "id": 7,
            "surface": "その心溶かすよ",
            "words": [
                {
                    "base": "その",
                    "pos": "連体詞,*,*,*",
                    "pronunciation": "ソノ",
                    "reading": "",
                    "surface": "その",
                    "curPos": "/"
                },
                {
                    "base": "心",
                    "pos": "名詞,一般,*,*",
                    "pronunciation": "ココロ",
                    "reading": "こころ",
                    "surface": "心",
                    "curPos": "n"
                },
                {
                    "base": "溶かす",
                    "pos": "動詞,自立,*,*",
                    "pronunciation": "トカス",
                    "reading": "とかす",
                    "surface": "溶かす",
                    "curPos": "v"
                },
                {
                    "base": "よ",
                    "pos": "助詞,終助詞,*,*",
                    "pronunciation": "ヨ",
                    "reading": "",
                    "surface": "よ",
                    "curPos": "av"
                }
            ]
        },
        {
            "id": 8,
            "surface": "優しい炎　君への想い",
            "words": [
                {
                    "base": "優しい",
                    "pos": "形容詞,自立,*,*",
                    "pronunciation": "ヤサシイ",
                    "reading": "やさしい",
                    "surface": "優しい",
                    "curPos": "a"
                },
                {
                    "base": "炎",
                    "pos": "名詞,一般,*,*",
                    "pronunciation": "ホノオ",
                    "reading": "ほのお",
                    "surface": "炎",
                    "curPos": "n"
                },
                {
                    "base": "君",
                    "pos": "名詞,代名詞,一般,*",
                    "pronunciation": "キミ",
                    "reading": "きみ",
                    "surface": "君",
                    "curPos": "/"
                },
                {
                    "base": "へ",
                    "pos": "助詞,格助詞,一般,*",
                    "pronunciation": "エ",
                    "reading": "",
                    "surface": "へ",
                    "curPos": "av"
                },
                {
                    "base": "の",
                    "pos": "助詞,連体化,*,*",
                    "pronunciation": "ノ",
                    "reading": "",
                    "surface": "の",
                    "curPos": "av"
                },
                {
                    "base": "想い",
                    "pos": "名詞,一般,*,*",
                    "pronunciation": "オモイ",
                    "reading": "おもい",
                    "surface": "想い",
                    "curPos": "n"
                }
            ]
        },
        {
            "id": 9,
            "surface": "",
            "words": []
        },
        {
            "id": 10,
            "surface": "僕の全てを以て",
            "words": [
                {
                    "base": "僕",
                    "pos": "名詞,代名詞,一般,*",
                    "pronunciation": "ボク",
                    "reading": "ぼく",
                    "surface": "僕",
                    "curPos": "/"
                },
                {
                    "base": "の",
                    "pos": "助詞,連体化,*,*",
                    "pronunciation": "ノ",
                    "reading": "",
                    "surface": "の",
                    "curPos": "av"
                },
                {
                    "base": "全て",
                    "pos": "名詞,副詞可能,*,*",
                    "pronunciation": "スベテ",
                    "reading": "すべて",
                    "surface": "全て",
                    "curPos": "n"
                },
                {
                    "base": "を以て",
                    "pos": "助詞,格助詞,連語,*",
                    "pronunciation": "ヲモッテ",
                    "reading": "をもって",
                    "surface": "を以て",
                    "curPos": "av"
                }
            ]
        },
        {
            "id": 11,
            "surface": "君を愛してしまえば",
            "words": [
                {
                    "base": "君",
                    "pos": "名詞,代名詞,一般,*",
                    "pronunciation": "キミ",
                    "reading": "きみ",
                    "surface": "君",
                    "curPos": "/"
                },
                {
                    "base": "を",
                    "pos": "助詞,格助詞,一般,*",
                    "pronunciation": "ヲ",
                    "reading": "",
                    "surface": "を",
                    "curPos": "av"
                },
                {
                    "base": "愛す",
                    "pos": "動詞,自立,*,*",
                    "pronunciation": "アイシ",
                    "reading": "あいして",
                    "surface": "愛して",
                    "curPos": "v"
                },
                {
                    "base": "しまう",
                    "pos": "動詞,非自立,*,*",
                    "pronunciation": "シマエ",
                    "reading": "",
                    "surface": "しまえ",
                    "curPos": "v"
                },
                {
                    "base": "ば",
                    "pos": "助詞,接続助詞,*,*",
                    "pronunciation": "バ",
                    "reading": "",
                    "surface": "ば",
                    "curPos": "av"
                }
            ]
        },
        {
            "id": 12,
            "surface": "君の涙は止まる",
            "words": [
                {
                    "base": "君",
                    "pos": "名詞,代名詞,一般,*",
                    "pronunciation": "キミ",
                    "reading": "きみ",
                    "surface": "君",
                    "curPos": "/"
                },
                {
                    "base": "の",
                    "pos": "助詞,連体化,*,*",
                    "pronunciation": "ノ",
                    "reading": "",
                    "surface": "の",
                    "curPos": "av"
                },
                {
                    "base": "涙",
                    "pos": "名詞,一般,*,*",
                    "pronunciation": "ナミダ",
                    "reading": "なみだ",
                    "surface": "涙",
                    "curPos": "n"
                },
                {
                    "base": "は",
                    "pos": "助詞,係助詞,*,*",
                    "pronunciation": "ワ",
                    "reading": "",
                    "surface": "は",
                    "curPos": "av"
                },
                {
                    "base": "止まる",
                    "pos": "動詞,自立,*,*",
                    "pronunciation": "トマル",
                    "reading": "とまる",
                    "surface": "止まる",
                    "curPos": "v"
                }
            ]
        },
        {
            "id": 13,
            "surface": "もう哀しい物語にいないで",
            "words": [
                {
                    "base": "もう",
                    "pos": "副詞,一般,*,*",
                    "pronunciation": "モー",
                    "reading": "",
                    "surface": "もう",
                    "curPos": "adv"
                },
                {
                    "base": "哀しい",
                    "pos": "形容詞,自立,*,*",
                    "pronunciation": "カナシイ",
                    "reading": "かなしい",
                    "surface": "哀しい",
                    "curPos": "a"
                },
                {
                    "base": "物語",
                    "pos": "名詞,一般,*,*",
                    "pronunciation": "モノガタリ",
                    "reading": "ものがたり",
                    "surface": "物語",
                    "curPos": "n"
                },
                {
                    "base": "に",
                    "pos": "助詞,格助詞,一般,*",
                    "pronunciation": "ニ",
                    "reading": "",
                    "surface": "に",
                    "curPos": "av"
                },
                {
                    "base": "いる",
                    "pos": "動詞,自立,*,*",
                    "pronunciation": "イ",
                    "reading": "",
                    "surface": "いない",
                    "curPos": "v"
                },
                {
                    "base": "で",
                    "pos": "助詞,接続助詞,*,*",
                    "pronunciation": "デ",
                    "reading": "",
                    "surface": "で",
                    "curPos": "av"
                }
            ]
        },
        {
            "id": 14,
            "surface": "逃げて来られるかい",
            "words": [
                {
                    "base": "逃げる",
                    "pos": "動詞,自立,*,*",
                    "pronunciation": "ニゲ",
                    "reading": "にげて",
                    "surface": "逃げて",
                    "curPos": "v"
                },
                {
                    "base": "来る",
                    "pos": "動詞,自立,*,*",
                    "pronunciation": "キタラ",
                    "reading": "きたら",
                    "surface": "来ら",
                    "curPos": "v"
                },
                {
                    "base": "れる",
                    "pos": "動詞,接尾,*,*",
                    "pronunciation": "レル",
                    "reading": "",
                    "surface": "れる",
                    "curPos": "v"
                },
                {
                    "base": "かい",
                    "pos": "助詞,終助詞,*,*",
                    "pronunciation": "カイ",
                    "reading": "",
                    "surface": "かい",
                    "curPos": "av"
                }
            ]
        },
        {
            "id": 15,
            "surface": "僕のいる所まで",
            "words": [
                {
                    "base": "僕",
                    "pos": "名詞,代名詞,一般,*",
                    "pronunciation": "ボク",
                    "reading": "ぼく",
                    "surface": "僕",
                    "curPos": "/"
                },
                {
                    "base": "の",
                    "pos": "助詞,格助詞,一般,*",
                    "pronunciation": "ノ",
                    "reading": "",
                    "surface": "の",
                    "curPos": "av"
                },
                {
                    "base": "いる",
                    "pos": "動詞,自立,*,*",
                    "pronunciation": "イル",
                    "reading": "",
                    "surface": "いる",
                    "curPos": "v"
                },
                {
                    "base": "所",
                    "pos": "名詞,非自立,副詞可能,*",
                    "pronunciation": "トコロ",
                    "reading": "ところ",
                    "surface": "所",
                    "curPos": "n"
                },
                {
                    "base": "まで",
                    "pos": "助詞,副助詞,*,*",
                    "pronunciation": "マデ",
                    "reading": "",
                    "surface": "まで",
                    "curPos": "av"
                }
            ]
        },
        {
            "id": 16,
            "surface": "",
            "words": []
        },
        {
            "id": 17,
            "surface": "本当の事を言うと",
            "words": [
                {
                    "base": "本当",
                    "pos": "名詞,一般,*,*",
                    "pronunciation": "ホントー",
                    "reading": "ほんとう",
                    "surface": "本当",
                    "curPos": "n"
                },
                {
                    "base": "の",
                    "pos": "助詞,連体化,*,*",
                    "pronunciation": "ノ",
                    "reading": "",
                    "surface": "の",
                    "curPos": "av"
                },
                {
                    "base": "事",
                    "pos": "名詞,非自立,一般,*",
                    "pronunciation": "コト",
                    "reading": "こと",
                    "surface": "事",
                    "curPos": "n"
                },
                {
                    "base": "を",
                    "pos": "助詞,格助詞,一般,*",
                    "pronunciation": "ヲ",
                    "reading": "",
                    "surface": "を",
                    "curPos": "av"
                },
                {
                    "base": "言う",
                    "pos": "動詞,自立,*,*",
                    "pronunciation": "イウ",
                    "reading": "いう",
                    "surface": "言う",
                    "curPos": "v"
                },
                {
                    "base": "と",
                    "pos": "助詞,接続助詞,*,*",
                    "pronunciation": "ト",
                    "reading": "",
                    "surface": "と",
                    "curPos": "av"
                }
            ]
        },
        {
            "id": 18,
            "surface": "ずっと前から君を見てた",
            "words": [
                {
                    "base": "ずっと",
                    "pos": "副詞,一般,*,*",
                    "pronunciation": "ズット",
                    "reading": "",
                    "surface": "ずっと",
                    "curPos": "adv"
                },
                {
                    "base": "前",
                    "pos": "名詞,副詞可能,*,*",
                    "pronunciation": "マエ",
                    "reading": "まえ",
                    "surface": "前",
                    "curPos": "n"
                },
                {
                    "base": "から",
                    "pos": "助詞,格助詞,一般,*",
                    "pronunciation": "カラ",
                    "reading": "",
                    "surface": "から",
                    "curPos": "av"
                },
                {
                    "base": "君",
                    "pos": "名詞,代名詞,一般,*",
                    "pronunciation": "キミ",
                    "reading": "きみ",
                    "surface": "君",
                    "curPos": "/"
                },
                {
                    "base": "を",
                    "pos": "助詞,格助詞,一般,*",
                    "pronunciation": "ヲ",
                    "reading": "",
                    "surface": "を",
                    "curPos": "av"
                },
                {
                    "base": "見る",
                    "pos": "動詞,自立,*,*",
                    "pronunciation": "ミ",
                    "reading": "みてた",
                    "surface": "見てた",
                    "curPos": "v"
                }
            ]
        },
        {
            "id": 19,
            "surface": "この雪のように小さかった",
            "words": [
                {
                    "base": "この",
                    "pos": "連体詞,*,*,*",
                    "pronunciation": "コノ",
                    "reading": "",
                    "surface": "この",
                    "curPos": "/"
                },
                {
                    "base": "雪",
                    "pos": "名詞,一般,*,*",
                    "pronunciation": "ユキ",
                    "reading": "ゆき",
                    "surface": "雪",
                    "curPos": "n"
                },
                {
                    "base": "の",
                    "pos": "助詞,連体化,*,*",
                    "pronunciation": "ノ",
                    "reading": "",
                    "surface": "の",
                    "curPos": "av"
                },
                {
                    "base": "よう",
                    "pos": "名詞,非自立,助動詞語幹,*",
                    "pronunciation": "ヨー",
                    "reading": "",
                    "surface": "よう",
                    "curPos": "n"
                },
                {
                    "base": "に",
                    "pos": "助詞,副詞化,*,*",
                    "pronunciation": "ニ",
                    "reading": "",
                    "surface": "に",
                    "curPos": "av"
                },
                {
                    "base": "小さい",
                    "pos": "形容詞,自立,*,*",
                    "pronunciation": "チーサカッ",
                    "reading": "ちいさかっ",
                    "surface": "小さかっ",
                    "curPos": "a"
                },
                {
                    "base": "た",
                    "pos": "助動詞,*,*,*",
                    "pronunciation": "タ",
                    "reading": "",
                    "surface": "た",
                    "curPos": "mv"
                }
            ]
        },
        {
            "id": 20,
            "surface": "想いが積もったんだ",
            "words": [
                {
                    "base": "想い",
                    "pos": "名詞,一般,*,*",
                    "pronunciation": "オモイ",
                    "reading": "おもい",
                    "surface": "想い",
                    "curPos": "n"
                },
                {
                    "base": "が",
                    "pos": "助詞,格助詞,一般,*",
                    "pronunciation": "ガ",
                    "reading": "",
                    "surface": "が",
                    "curPos": "av"
                },
                {
                    "base": "積もる",
                    "pos": "動詞,自立,*,*",
                    "pronunciation": "ツモッ",
                    "reading": "つもった",
                    "surface": "積もった",
                    "curPos": "v"
                },
                {
                    "base": "ん",
                    "pos": "名詞,非自立,一般,*",
                    "pronunciation": "ン",
                    "reading": "",
                    "surface": "ん",
                    "curPos": "n"
                },
                {
                    "base": "だ",
                    "pos": "助動詞,*,*,*",
                    "pronunciation": "ダ",
                    "reading": "",
                    "surface": "だ",
                    "curPos": "mv"
                }
            ]
        },
        {
            "id": 21,
            "surface": "",
            "words": []
        },
        {
            "id": 22,
            "surface": "ひとりぼっちの君に",
            "words": [
                {
                    "base": "ひとり",
                    "pos": "副詞,一般,*,*",
                    "pronunciation": "ヒトリ",
                    "reading": "",
                    "surface": "ひとり",
                    "curPos": "adv"
                },
                {
                    "base": "ぼる",
                    "pos": "動詞,自立,*,*",
                    "pronunciation": "ボッ",
                    "reading": "",
                    "surface": "ぼっ",
                    "curPos": "v"
                },
                {
                    "base": "ちの",
                    "pos": "名詞,固有名詞,人名,名",
                    "pronunciation": "チノ",
                    "reading": "",
                    "surface": "ちの",
                    "curPos": "/"
                },
                {
                    "base": "君",
                    "pos": "名詞,接尾,人名,*",
                    "pronunciation": "クン",
                    "reading": "くん",
                    "surface": "君",
                    "left": true,
                    "curPos": "/"
                },
                {
                    "base": "に",
                    "pos": "助詞,格助詞,一般,*",
                    "pronunciation": "ニ",
                    "reading": "",
                    "surface": "に",
                    "curPos": "av"
                }
            ]
        },
        {
            "id": 23,
            "surface": "遠くから何もできなかった　あの日",
            "words": [
                {
                    "base": "遠く",
                    "pos": "名詞,副詞可能,*,*",
                    "pronunciation": "トーク",
                    "reading": "とおく",
                    "surface": "遠く",
                    "curPos": "n"
                },
                {
                    "base": "から",
                    "pos": "助詞,格助詞,一般,*",
                    "pronunciation": "カラ",
                    "reading": "",
                    "surface": "から",
                    "curPos": "av"
                },
                {
                    "base": "何",
                    "pos": "名詞,代名詞,一般,*",
                    "pronunciation": "ナニ",
                    "reading": "なに",
                    "surface": "何",
                    "curPos": "/"
                },
                {
                    "base": "も",
                    "pos": "助詞,係助詞,*,*",
                    "pronunciation": "モ",
                    "reading": "",
                    "surface": "も",
                    "curPos": "av"
                },
                {
                    "base": "できる",
                    "pos": "動詞,自立,*,*",
                    "pronunciation": "デキ",
                    "reading": "",
                    "surface": "できなかった",
                    "curPos": "v"
                },
                {
                    "base": "あの",
                    "pos": "連体詞,*,*,*",
                    "pronunciation": "アノ",
                    "reading": "",
                    "surface": "あの",
                    "curPos": "/"
                },
                {
                    "base": "日",
                    "pos": "名詞,非自立,副詞可能,*",
                    "pronunciation": "ヒ",
                    "reading": "ひ",
                    "surface": "日",
                    "curPos": "n"
                }
            ]
        },
        {
            "id": 24,
            "surface": "今､抱きしめる",
            "words": [
                {
                    "base": "今",
                    "pos": "接頭詞,名詞接続,*,*",
                    "pronunciation": "コン",
                    "reading": "こん",
                    "surface": "今",
                    "curPos": "/"
                },
                {
                    "base": "*",
                    "pos": "名詞,サ変接続,*,*",
                    "pronunciation": "?",
                    "reading": "",
                    "surface": "､",
                    "curPos": "n"
                },
                {
                    "base": "抱きしめる",
                    "pos": "動詞,自立,*,*",
                    "pronunciation": "ダキシメル",
                    "reading": "だきしめる",
                    "surface": "抱きしめる",
                    "curPos": "v"
                }
            ]
        },
        {
            "id": 25,
            "surface": "誰より強く",
            "words": [
                {
                    "base": "誰",
                    "pos": "名詞,代名詞,一般,*",
                    "pronunciation": "ダレ",
                    "reading": "だれ",
                    "surface": "誰",
                    "curPos": "/"
                },
                {
                    "base": "より",
                    "pos": "助詞,格助詞,一般,*",
                    "pronunciation": "ヨリ",
                    "reading": "",
                    "surface": "より",
                    "curPos": "av"
                },
                {
                    "base": "強い",
                    "pos": "形容詞,自立,*,*",
                    "pronunciation": "ツヨク",
                    "reading": "つよく",
                    "surface": "強く",
                    "curPos": "a"
                }
            ]
        },
        {
            "id": 26,
            "surface": "",
            "words": []
        },
        {
            "id": 27,
            "surface": "僕の全てがいつか",
            "words": [
                {
                    "base": "僕",
                    "pos": "名詞,代名詞,一般,*",
                    "pronunciation": "ボク",
                    "reading": "ぼく",
                    "surface": "僕",
                    "curPos": "/"
                },
                {
                    "base": "の",
                    "pos": "助詞,連体化,*,*",
                    "pronunciation": "ノ",
                    "reading": "",
                    "surface": "の",
                    "curPos": "av"
                },
                {
                    "base": "全て",
                    "pos": "名詞,副詞可能,*,*",
                    "pronunciation": "スベテ",
                    "reading": "すべて",
                    "surface": "全て",
                    "curPos": "n"
                },
                {
                    "base": "が",
                    "pos": "助詞,格助詞,一般,*",
                    "pronunciation": "ガ",
                    "reading": "",
                    "surface": "が",
                    "curPos": "av"
                },
                {
                    "base": "いつか",
                    "pos": "名詞,副詞可能,*,*",
                    "pronunciation": "イツカ",
                    "reading": "",
                    "surface": "いつか",
                    "curPos": "n"
                }
            ]
        },
        {
            "id": 28,
            "surface": "君を導ける筈さ",
            "words": [
                {
                    "base": "君",
                    "pos": "名詞,代名詞,一般,*",
                    "pronunciation": "キミ",
                    "reading": "きみ",
                    "surface": "君",
                    "curPos": "/"
                },
                {
                    "base": "を",
                    "pos": "助詞,格助詞,一般,*",
                    "pronunciation": "ヲ",
                    "reading": "",
                    "surface": "を",
                    "curPos": "av"
                },
                {
                    "base": "導ける",
                    "pos": "動詞,自立,*,*",
                    "pronunciation": "ミチビケル",
                    "reading": "みちびける",
                    "surface": "導ける",
                    "curPos": "v"
                },
                {
                    "base": "筈",
                    "pos": "名詞,非自立,一般,*",
                    "pronunciation": "ハズ",
                    "reading": "はず",
                    "surface": "筈",
                    "curPos": "n"
                },
                {
                    "base": "さ",
                    "pos": "助詞,終助詞,*,*",
                    "pronunciation": "サ",
                    "reading": "",
                    "surface": "さ",
                    "curPos": "av"
                }
            ]
        },
        {
            "id": 29,
            "surface": "その為に出会った",
            "words": [
                {
                    "base": "その",
                    "pos": "連体詞,*,*,*",
                    "pronunciation": "ソノ",
                    "reading": "",
                    "surface": "その",
                    "curPos": "/"
                },
                {
                    "base": "為",
                    "pos": "名詞,非自立,副詞可能,*",
                    "pronunciation": "タメ",
                    "reading": "ため",
                    "surface": "為",
                    "curPos": "n"
                },
                {
                    "base": "に",
                    "pos": "助詞,格助詞,一般,*",
                    "pronunciation": "ニ",
                    "reading": "",
                    "surface": "に",
                    "curPos": "av"
                },
                {
                    "base": "出会う",
                    "pos": "動詞,自立,*,*",
                    "pronunciation": "デアッ",
                    "reading": "であった",
                    "surface": "出会った",
                    "curPos": "v"
                }
            ]
        },
        {
            "id": 30,
            "surface": "もう哀しい物語にいないで",
            "words": [
                {
                    "base": "もう",
                    "pos": "副詞,一般,*,*",
                    "pronunciation": "モー",
                    "reading": "",
                    "surface": "もう",
                    "curPos": "adv"
                },
                {
                    "base": "哀しい",
                    "pos": "形容詞,自立,*,*",
                    "pronunciation": "カナシイ",
                    "reading": "かなしい",
                    "surface": "哀しい",
                    "curPos": "a"
                },
                {
                    "base": "物語",
                    "pos": "名詞,一般,*,*",
                    "pronunciation": "モノガタリ",
                    "reading": "ものがたり",
                    "surface": "物語",
                    "curPos": "n"
                },
                {
                    "base": "に",
                    "pos": "助詞,格助詞,一般,*",
                    "pronunciation": "ニ",
                    "reading": "",
                    "surface": "に",
                    "curPos": "av"
                },
                {
                    "base": "いる",
                    "pos": "動詞,自立,*,*",
                    "pronunciation": "イ",
                    "reading": "",
                    "surface": "いない",
                    "curPos": "v"
                },
                {
                    "base": "で",
                    "pos": "助詞,接続助詞,*,*",
                    "pronunciation": "デ",
                    "reading": "",
                    "surface": "で",
                    "curPos": "av"
                }
            ]
        },
        {
            "id": 31,
            "surface": "離さずいられるかい",
            "words": [
                {
                    "base": "離す",
                    "pos": "動詞,自立,*,*",
                    "pronunciation": "ハナサ",
                    "reading": "はなさず",
                    "surface": "離さず",
                    "curPos": "v"
                },
                {
                    "base": "いる",
                    "pos": "動詞,自立,*,*",
                    "pronunciation": "イ",
                    "reading": "",
                    "surface": "い",
                    "curPos": "v"
                },
                {
                    "base": "られる",
                    "pos": "動詞,接尾,*,*",
                    "pronunciation": "ラレル",
                    "reading": "",
                    "surface": "られる",
                    "curPos": "v"
                },
                {
                    "base": "かい",
                    "pos": "助詞,終助詞,*,*",
                    "pronunciation": "カイ",
                    "reading": "",
                    "surface": "かい",
                    "curPos": "av"
                }
            ]
        },
        {
            "id": 32,
            "surface": "握った手を　永遠に",
            "words": [
                {
                    "base": "握る",
                    "pos": "動詞,自立,*,*",
                    "pronunciation": "ニギッ",
                    "reading": "にぎった",
                    "surface": "握った",
                    "curPos": "v"
                },
                {
                    "base": "手",
                    "pos": "名詞,一般,*,*",
                    "pronunciation": "テ",
                    "reading": "て",
                    "surface": "手",
                    "curPos": "n"
                },
                {
                    "base": "を",
                    "pos": "助詞,格助詞,一般,*",
                    "pronunciation": "ヲ",
                    "reading": "",
                    "surface": "を",
                    "curPos": "av"
                },
                {
                    "base": "永遠",
                    "pos": "名詞,一般,*,*",
                    "pronunciation": "エイエン",
                    "reading": "えいえん",
                    "surface": "永遠",
                    "curPos": "n"
                },
                {
                    "base": "に",
                    "pos": "助詞,格助詞,一般,*",
                    "pronunciation": "ニ",
                    "reading": "",
                    "surface": "に",
                    "curPos": "av"
                }
            ]
        },
        {
            "id": 33,
            "surface": "",
            "words": []
        },
        {
            "id": 34,
            "surface": "何かを確かめ合うように",
            "words": [
                {
                    "base": "何",
                    "pos": "名詞,代名詞,一般,*",
                    "pronunciation": "ナニ",
                    "reading": "なに",
                    "surface": "何",
                    "curPos": "/"
                },
                {
                    "base": "か",
                    "pos": "助詞,副助詞／並立助詞／終助詞,*,*",
                    "pronunciation": "カ",
                    "reading": "",
                    "surface": "か",
                    "curPos": "av"
                },
                {
                    "base": "を",
                    "pos": "助詞,格助詞,一般,*",
                    "pronunciation": "ヲ",
                    "reading": "",
                    "surface": "を",
                    "curPos": "av"
                },
                {
                    "base": "確かめる",
                    "pos": "動詞,自立,*,*",
                    "pronunciation": "タシカメ",
                    "reading": "たしかめ",
                    "surface": "確かめ",
                    "curPos": "v"
                },
                {
                    "base": "合う",
                    "pos": "動詞,非自立,*,*",
                    "pronunciation": "アウ",
                    "reading": "あうよう",
                    "surface": "合うよう",
                    "curPos": "v"
                },
                {
                    "base": "に",
                    "pos": "助詞,副詞化,*,*",
                    "pronunciation": "ニ",
                    "reading": "",
                    "surface": "に",
                    "curPos": "av"
                }
            ]
        },
        {
            "id": 35,
            "surface": "誰の吐息も白く染まる",
            "words": [
                {
                    "base": "誰",
                    "pos": "名詞,代名詞,一般,*",
                    "pronunciation": "ダレ",
                    "reading": "だれ",
                    "surface": "誰",
                    "curPos": "/"
                },
                {
                    "base": "の",
                    "pos": "助詞,連体化,*,*",
                    "pronunciation": "ノ",
                    "reading": "",
                    "surface": "の",
                    "curPos": "av"
                },
                {
                    "base": "吐息",
                    "pos": "名詞,サ変接続,*,*",
                    "pronunciation": "トイキ",
                    "reading": "といき",
                    "surface": "吐息",
                    "curPos": "n"
                },
                {
                    "base": "も",
                    "pos": "助詞,係助詞,*,*",
                    "pronunciation": "モ",
                    "reading": "",
                    "surface": "も",
                    "curPos": "av"
                },
                {
                    "base": "白い",
                    "pos": "形容詞,自立,*,*",
                    "pronunciation": "シロク",
                    "reading": "しろく",
                    "surface": "白く",
                    "curPos": "a"
                },
                {
                    "base": "染まる",
                    "pos": "動詞,自立,*,*",
                    "pronunciation": "ソマル",
                    "reading": "そまる",
                    "surface": "染まる",
                    "curPos": "v"
                }
            ]
        },
        {
            "id": 36,
            "surface": "僕はここにいるよ､って",
            "words": [
                {
                    "base": "僕",
                    "pos": "名詞,代名詞,一般,*",
                    "pronunciation": "ボク",
                    "reading": "ぼく",
                    "surface": "僕",
                    "curPos": "/"
                },
                {
                    "base": "は",
                    "pos": "助詞,係助詞,*,*",
                    "pronunciation": "ワ",
                    "reading": "",
                    "surface": "は",
                    "curPos": "av"
                },
                {
                    "base": "ここ",
                    "pos": "名詞,代名詞,一般,*",
                    "pronunciation": "ココ",
                    "reading": "",
                    "surface": "ここ",
                    "curPos": "/"
                },
                {
                    "base": "に",
                    "pos": "助詞,格助詞,一般,*",
                    "pronunciation": "ニ",
                    "reading": "",
                    "surface": "に",
                    "curPos": "av"
                },
                {
                    "base": "いる",
                    "pos": "動詞,自立,*,*",
                    "pronunciation": "イル",
                    "reading": "",
                    "surface": "いる",
                    "curPos": "v"
                },
                {
                    "base": "よ",
                    "pos": "助詞,終助詞,*,*",
                    "pronunciation": "ヨ",
                    "reading": "",
                    "surface": "よ",
                    "curPos": "av"
                },
                {
                    "base": "*",
                    "pos": "名詞,サ変接続,*,*",
                    "pronunciation": "?",
                    "reading": "",
                    "surface": "､",
                    "curPos": "n"
                },
                {
                    "base": "って",
                    "pos": "助詞,格助詞,連語,*",
                    "pronunciation": "ッテ",
                    "reading": "",
                    "surface": "って",
                    "curPos": "av"
                }
            ]
        },
        {
            "id": 37,
            "surface": "会いたい人に伝えてる",
            "words": [
                {
                    "base": "会う",
                    "pos": "動詞,自立,*,*",
                    "pronunciation": "アイ",
                    "reading": "あいたい",
                    "surface": "会いたい",
                    "curPos": "v"
                },
                {
                    "base": "人",
                    "pos": "名詞,一般,*,*",
                    "pronunciation": "ヒト",
                    "reading": "ひと",
                    "surface": "人",
                    "curPos": "n"
                },
                {
                    "base": "に",
                    "pos": "助詞,格助詞,一般,*",
                    "pronunciation": "ニ",
                    "reading": "",
                    "surface": "に",
                    "curPos": "av"
                },
                {
                    "base": "伝える",
                    "pos": "動詞,自立,*,*",
                    "pronunciation": "ツタエ",
                    "reading": "つたえ",
                    "surface": "伝え",
                    "curPos": "v"
                },
                {
                    "base": "てる",
                    "pos": "動詞,非自立,*,*",
                    "pronunciation": "テル",
                    "reading": "",
                    "surface": "てる",
                    "curPos": "v"
                }
            ]
        },
        {
            "id": 38,
            "surface": "",
            "words": []
        },
        {
            "id": 39,
            "surface": "僕の全てを以て",
            "words": [
                {
                    "base": "僕",
                    "pos": "名詞,代名詞,一般,*",
                    "pronunciation": "ボク",
                    "reading": "ぼく",
                    "surface": "僕",
                    "curPos": "/"
                },
                {
                    "base": "の",
                    "pos": "助詞,連体化,*,*",
                    "pronunciation": "ノ",
                    "reading": "",
                    "surface": "の",
                    "curPos": "av"
                },
                {
                    "base": "全て",
                    "pos": "名詞,副詞可能,*,*",
                    "pronunciation": "スベテ",
                    "reading": "すべて",
                    "surface": "全て",
                    "curPos": "n"
                },
                {
                    "base": "を以て",
                    "pos": "助詞,格助詞,連語,*",
                    "pronunciation": "ヲモッテ",
                    "reading": "をもって",
                    "surface": "を以て",
                    "curPos": "av"
                }
            ]
        },
        {
            "id": 40,
            "surface": "君を愛してしまえば",
            "words": [
                {
                    "base": "君",
                    "pos": "名詞,代名詞,一般,*",
                    "pronunciation": "キミ",
                    "reading": "きみ",
                    "surface": "君",
                    "curPos": "/"
                },
                {
                    "base": "を",
                    "pos": "助詞,格助詞,一般,*",
                    "pronunciation": "ヲ",
                    "reading": "",
                    "surface": "を",
                    "curPos": "av"
                },
                {
                    "base": "愛す",
                    "pos": "動詞,自立,*,*",
                    "pronunciation": "アイシ",
                    "reading": "あいして",
                    "surface": "愛して",
                    "curPos": "v"
                },
                {
                    "base": "しまう",
                    "pos": "動詞,非自立,*,*",
                    "pronunciation": "シマエ",
                    "reading": "",
                    "surface": "しまえ",
                    "curPos": "v"
                },
                {
                    "base": "ば",
                    "pos": "助詞,接続助詞,*,*",
                    "pronunciation": "バ",
                    "reading": "",
                    "surface": "ば",
                    "curPos": "av"
                }
            ]
        },
        {
            "id": 41,
            "surface": "君の涙は止まる",
            "words": [
                {
                    "base": "君",
                    "pos": "名詞,代名詞,一般,*",
                    "pronunciation": "キミ",
                    "reading": "きみ",
                    "surface": "君",
                    "curPos": "/"
                },
                {
                    "base": "の",
                    "pos": "助詞,連体化,*,*",
                    "pronunciation": "ノ",
                    "reading": "",
                    "surface": "の",
                    "curPos": "av"
                },
                {
                    "base": "涙",
                    "pos": "名詞,一般,*,*",
                    "pronunciation": "ナミダ",
                    "reading": "なみだ",
                    "surface": "涙",
                    "curPos": "n"
                },
                {
                    "base": "は",
                    "pos": "助詞,係助詞,*,*",
                    "pronunciation": "ワ",
                    "reading": "",
                    "surface": "は",
                    "curPos": "av"
                },
                {
                    "base": "止まる",
                    "pos": "動詞,自立,*,*",
                    "pronunciation": "トマル",
                    "reading": "とまる",
                    "surface": "止まる",
                    "curPos": "v"
                }
            ]
        },
        {
            "id": 42,
            "surface": "もう哀しい物語にいないで",
            "words": [
                {
                    "base": "もう",
                    "pos": "副詞,一般,*,*",
                    "pronunciation": "モー",
                    "reading": "",
                    "surface": "もう",
                    "curPos": "adv"
                },
                {
                    "base": "哀しい",
                    "pos": "形容詞,自立,*,*",
                    "pronunciation": "カナシイ",
                    "reading": "かなしい",
                    "surface": "哀しい",
                    "curPos": "a"
                },
                {
                    "base": "物語",
                    "pos": "名詞,一般,*,*",
                    "pronunciation": "モノガタリ",
                    "reading": "ものがたり",
                    "surface": "物語",
                    "curPos": "n"
                },
                {
                    "base": "に",
                    "pos": "助詞,格助詞,一般,*",
                    "pronunciation": "ニ",
                    "reading": "",
                    "surface": "に",
                    "curPos": "av"
                },
                {
                    "base": "いる",
                    "pos": "動詞,自立,*,*",
                    "pronunciation": "イ",
                    "reading": "",
                    "surface": "いない",
                    "curPos": "v"
                },
                {
                    "base": "で",
                    "pos": "助詞,接続助詞,*,*",
                    "pronunciation": "デ",
                    "reading": "",
                    "surface": "で",
                    "curPos": "av"
                }
            ]
        },
        {
            "id": 43,
            "surface": "逃げて来られるかい",
            "words": [
                {
                    "base": "逃げる",
                    "pos": "動詞,自立,*,*",
                    "pronunciation": "ニゲ",
                    "reading": "にげて",
                    "surface": "逃げて",
                    "curPos": "v"
                },
                {
                    "base": "来る",
                    "pos": "動詞,自立,*,*",
                    "pronunciation": "キタラ",
                    "reading": "きたら",
                    "surface": "来ら",
                    "curPos": "v"
                },
                {
                    "base": "れる",
                    "pos": "動詞,接尾,*,*",
                    "pronunciation": "レル",
                    "reading": "",
                    "surface": "れる",
                    "curPos": "v"
                },
                {
                    "base": "かい",
                    "pos": "助詞,終助詞,*,*",
                    "pronunciation": "カイ",
                    "reading": "",
                    "surface": "かい",
                    "curPos": "av"
                }
            ]
        },
        {
            "id": 44,
            "surface": "僕が守るから",
            "words": [
                {
                    "base": "僕",
                    "pos": "名詞,代名詞,一般,*",
                    "pronunciation": "ボク",
                    "reading": "ぼく",
                    "surface": "僕",
                    "curPos": "/"
                },
                {
                    "base": "が",
                    "pos": "助詞,格助詞,一般,*",
                    "pronunciation": "ガ",
                    "reading": "",
                    "surface": "が",
                    "curPos": "av"
                },
                {
                    "base": "守る",
                    "pos": "動詞,自立,*,*",
                    "pronunciation": "マモル",
                    "reading": "まもる",
                    "surface": "守る",
                    "curPos": "v"
                },
                {
                    "base": "から",
                    "pos": "助詞,接続助詞,*,*",
                    "pronunciation": "カラ",
                    "reading": "",
                    "surface": "から",
                    "curPos": "av"
                }
            ]
        },
        {
            "id": 45,
            "surface": "",
            "words": []
        },
        {
            "id": 46,
            "surface": "僕の全てがいつか",
            "words": [
                {
                    "base": "僕",
                    "pos": "名詞,代名詞,一般,*",
                    "pronunciation": "ボク",
                    "reading": "ぼく",
                    "surface": "僕",
                    "curPos": "/"
                },
                {
                    "base": "の",
                    "pos": "助詞,連体化,*,*",
                    "pronunciation": "ノ",
                    "reading": "",
                    "surface": "の",
                    "curPos": "av"
                },
                {
                    "base": "全て",
                    "pos": "名詞,副詞可能,*,*",
                    "pronunciation": "スベテ",
                    "reading": "すべて",
                    "surface": "全て",
                    "curPos": "n"
                },
                {
                    "base": "が",
                    "pos": "助詞,格助詞,一般,*",
                    "pronunciation": "ガ",
                    "reading": "",
                    "surface": "が",
                    "curPos": "av"
                },
                {
                    "base": "いつか",
                    "pos": "名詞,副詞可能,*,*",
                    "pronunciation": "イツカ",
                    "reading": "",
                    "surface": "いつか",
                    "curPos": "n"
                }
            ]
        },
        {
            "id": 47,
            "surface": "君を導ける筈さ",
            "words": [
                {
                    "base": "君",
                    "pos": "名詞,代名詞,一般,*",
                    "pronunciation": "キミ",
                    "reading": "きみ",
                    "surface": "君",
                    "curPos": "/"
                },
                {
                    "base": "を",
                    "pos": "助詞,格助詞,一般,*",
                    "pronunciation": "ヲ",
                    "reading": "",
                    "surface": "を",
                    "curPos": "av"
                },
                {
                    "base": "導ける",
                    "pos": "動詞,自立,*,*",
                    "pronunciation": "ミチビケル",
                    "reading": "みちびける",
                    "surface": "導ける",
                    "curPos": "v"
                },
                {
                    "base": "筈",
                    "pos": "名詞,非自立,一般,*",
                    "pronunciation": "ハズ",
                    "reading": "はず",
                    "surface": "筈",
                    "curPos": "n"
                },
                {
                    "base": "さ",
                    "pos": "助詞,終助詞,*,*",
                    "pronunciation": "サ",
                    "reading": "",
                    "surface": "さ",
                    "curPos": "av"
                }
            ]
        },
        {
            "id": 48,
            "surface": "その為に出会った",
            "words": [
                {
                    "base": "その",
                    "pos": "連体詞,*,*,*",
                    "pronunciation": "ソノ",
                    "reading": "",
                    "surface": "その",
                    "curPos": "/"
                },
                {
                    "base": "為",
                    "pos": "名詞,非自立,副詞可能,*",
                    "pronunciation": "タメ",
                    "reading": "ため",
                    "surface": "為",
                    "curPos": "n"
                },
                {
                    "base": "に",
                    "pos": "助詞,格助詞,一般,*",
                    "pronunciation": "ニ",
                    "reading": "",
                    "surface": "に",
                    "curPos": "av"
                },
                {
                    "base": "出会う",
                    "pos": "動詞,自立,*,*",
                    "pronunciation": "デアッ",
                    "reading": "であった",
                    "surface": "出会った",
                    "curPos": "v"
                }
            ]
        },
        {
            "id": 49,
            "surface": "もう哀しい物語にいないで",
            "words": [
                {
                    "base": "もう",
                    "pos": "副詞,一般,*,*",
                    "pronunciation": "モー",
                    "reading": "",
                    "surface": "もう",
                    "curPos": "adv"
                },
                {
                    "base": "哀しい",
                    "pos": "形容詞,自立,*,*",
                    "pronunciation": "カナシイ",
                    "reading": "かなしい",
                    "surface": "哀しい",
                    "curPos": "a"
                },
                {
                    "base": "物語",
                    "pos": "名詞,一般,*,*",
                    "pronunciation": "モノガタリ",
                    "reading": "ものがたり",
                    "surface": "物語",
                    "curPos": "n"
                },
                {
                    "base": "に",
                    "pos": "助詞,格助詞,一般,*",
                    "pronunciation": "ニ",
                    "reading": "",
                    "surface": "に",
                    "curPos": "av"
                },
                {
                    "base": "いる",
                    "pos": "動詞,自立,*,*",
                    "pronunciation": "イ",
                    "reading": "",
                    "surface": "いない",
                    "curPos": "v"
                },
                {
                    "base": "で",
                    "pos": "助詞,接続助詞,*,*",
                    "pronunciation": "デ",
                    "reading": "",
                    "surface": "で",
                    "curPos": "av"
                }
            ]
        },
        {
            "id": 50,
            "surface": "離さずいられるかい",
            "words": [
                {
                    "base": "離す",
                    "pos": "動詞,自立,*,*",
                    "pronunciation": "ハナサ",
                    "reading": "はなさず",
                    "surface": "離さず",
                    "curPos": "v"
                },
                {
                    "base": "いる",
                    "pos": "動詞,自立,*,*",
                    "pronunciation": "イ",
                    "reading": "",
                    "surface": "い",
                    "curPos": "v"
                },
                {
                    "base": "られる",
                    "pos": "動詞,接尾,*,*",
                    "pronunciation": "ラレル",
                    "reading": "",
                    "surface": "られる",
                    "curPos": "v"
                },
                {
                    "base": "かい",
                    "pos": "助詞,終助詞,*,*",
                    "pronunciation": "カイ",
                    "reading": "",
                    "surface": "かい",
                    "curPos": "av"
                }
            ]
        },
        {
            "id": 51,
            "surface": "握った手を永遠に",
            "words": [
                {
                    "base": "握る",
                    "pos": "動詞,自立,*,*",
                    "pronunciation": "ニギッ",
                    "reading": "にぎった",
                    "surface": "握った",
                    "curPos": "v"
                },
                {
                    "base": "手",
                    "pos": "名詞,一般,*,*",
                    "pronunciation": "テ",
                    "reading": "て",
                    "surface": "手",
                    "curPos": "n"
                },
                {
                    "base": "を",
                    "pos": "助詞,格助詞,一般,*",
                    "pronunciation": "ヲ",
                    "reading": "",
                    "surface": "を",
                    "curPos": "av"
                },
                {
                    "base": "永遠",
                    "pos": "名詞,一般,*,*",
                    "pronunciation": "エイエン",
                    "reading": "えいえん",
                    "surface": "永遠",
                    "curPos": "n"
                },
                {
                    "base": "に",
                    "pos": "助詞,格助詞,一般,*",
                    "pronunciation": "ニ",
                    "reading": "",
                    "surface": "に",
                    "curPos": "av"
                }
            ]
        },
        {
            "id": 52,
            "surface": "",
            "words": []
        }
    ],
    "pureLrc": [
        "真っ白な雪の中で",
        "君はとても美しい",
        "でも心は孤独なんだね",
        "まるで　白雪姫",
        "",
        "だけど僕らは違う",
        "君が眠る前に",
        "その心溶かすよ",
        "優しい炎　君への想い",
        "",
        "僕の全てを以て",
        "君を愛してしまえば",
        "君の涙は止まる",
        "もう哀しい物語にいないで",
        "逃げて来られるかい",
        "僕のいる所まで",
        "",
        "本当の事を言うと",
        "ずっと前から君を見てた",
        "この雪のように小さかった",
        "想いが積もったんだ",
        "",
        "ひとりぼっちの君に",
        "遠くから何もできなかった　あの日",
        "今､抱きしめる",
        "誰より強く",
        "",
        "僕の全てがいつか",
        "君を導ける筈さ",
        "その為に出会った",
        "もう哀しい物語にいないで",
        "離さずいられるかい",
        "握った手を　永遠に",
        "",
        "何かを確かめ合うように",
        "誰の吐息も白く染まる",
        "僕はここにいるよ､って",
        "会いたい人に伝えてる",
        "",
        "僕の全てを以て",
        "君を愛してしまえば",
        "君の涙は止まる",
        "もう哀しい物語にいないで",
        "逃げて来られるかい",
        "僕が守るから",
        "",
        "僕の全てがいつか",
        "君を導ける筈さ",
        "その為に出会った",
        "もう哀しい物語にいないで",
        "離さずいられるかい",
        "握った手を永遠に",
        ""
    ]
}